"lakenames","model2a","model2b","model3b","maximumdepth","meandepthbyDM","volumebyDM","surfacearea","perimeterfromshp"
"SW0-0001",-0.0582884076991776,2.68232469069622,2.78041173905936,45,11.8835150428143,100616447.303246,8466892.7451804,51315.7
"SW0-0039",-0.04454934035892,1.22975302643878,1.32341286851121,19,7.65965963226482,129151488.082092,16861256.8028567,40553.4
"SW0-0063",0.0627086203220801,0.710607339273698,0.617052731881041,15,10.3155077944492,88388618.4319639,8568518.40871337,55211
"SW0-0188",-0.12214915468298,1.60453407214982,1.725285107912,41.5,12.6578895323809,49542157.7612587,3913935.0706547,41896.5
"SW0-0500",-0.101482968737484,1.25532023376316,1.33474326827177,20.7,7.65036215435978,98997834.9766892,12940280.8624259,61959.6
"SW0-0620",0.00659591930687153,1.98462051263366,1.9771622873526,22,8.16360554111515,95085636.7209105,11647505.0444343,59196.5
"SW0-0621",-0.0375335678998903,2.30420780378741,2.38113483927969,27,8.13314101336011,132215710.33567,16256414.356825,73281
"SW1-0115",0.184952001313225,3.04120838393296,2.584324462925,11,4.27359063332124,5449270.58784176,1275103.55001102,14483
"SW1-0118",NA,NA,NA,NA,NA,NA,NA,NA
"SW1-0197",-0.16380704080495,4.670709412241,5.00135565139004,60,10.3281996028898,222491450.178083,21542133.066041,122769
"SW1-0333",-0.189817856094365,1.31644863713243,1.52788810824359,12.5,3.95328758495257,6032911.17230442,1526049.15343562,13854.8
"SW1-0334",-0.028893876465886,3.44789226520704,3.49369680656517,35,7.53385607581085,25710530.6342297,3412665.48969248,37911.9
"SW1-0335",-0.139047911675254,2.42305656229965,2.71979261297869,7.9,1.83374745503933,2176798.44090683,1187076.46187852,18600.1
"SW1-0336",-0.0274998673572165,1.87936656823521,1.91624014187406,36,11.596833061523,10572486.2107886,911670.121894483,11906.4
"SW1-0338",-0.167047818771155,1.33975141710924,1.58512856981812,21.5,6.90817527754192,775043.349556298,112192.195249579,3645.03
"SW1-0339",0.0516734594473533,1.92835310325106,1.8338145752952,18.5,6.92618298411113,35284397.2300474,5094349.55891158,27954.3
"SW1-0341",0.0156061362102211,2.60650473124225,2.57999695757362,23,6.39046175670279,24163205.1545527,3781136.02341936,20436.4
"SW1-0344",0.00898198709592368,2.52213537243128,2.50827461582485,13,3.87444519106876,13747153.5347285,3548160.53829282,25036.6
"SW1-0345",-0.0146933745864852,2.06350789333893,2.09573543899546,10,3.33887441978015,10698448.2444082,3204208.03520746,25827.8
"SW1-0347",-0.256593838928372,1.81614906097986,2.04415304859596,62,13.4980745550178,710757626.511763,52656223.197963,188014
"SW2-0001",NA,NA,NA,NA,NA,NA,NA,NA
"SW2-0078",-0.0490770856574179,0.737311266562321,0.802124985198732,7.7,3.8276289824027,306239.273105355,80007.564608083,2740.59
"SW2-0085",-0.13227403895532,1.24221243145291,1.3378392884266,20.2,7.36285098909376,23973046.9424646,3255946.23305221,18526.5
"SW2-0087",-0.314010099735289,1.74821880721357,2.13485632780919,33.5,7.02489173419727,4267728.13645044,607515.147269114,7015.47
"SW2-0099",-0.186142700138962,1.68391832910579,1.94418201015923,21.9,5.7019022689895,9864206.58258613,1729985.20796013,22992.3
"SW2-0109",-0.0113710748884878,0.897731487398424,0.907484964730069,4.1,2.09083355397832,1153800.70119149,551837.662541864,8272.33
"SW2-0122",0.203552015630998,3.35954276507553,2.95110543245653,5,1.81680490385973,956382.116880508,526408.815194582,10781.1
"SW2-0129",-0.140422341985844,0.978724996048617,1.12501816994457,14.4,5.48697221324572,7285085.97511675,1327706.00833923,17453.7
"SW2-0132",0.102429450863741,1.60724983909928,1.48586398948906,17,8.19617444675672,54377652.377976,6634516.22842088,47821.4
"SW2-0139",NA,NA,NA,NA,NA,NA,NA,NA
"SW2-0160",0.0911745883885309,4.38802725597188,4.20508086967053,25,6.09320003698065,294273450.201966,48295386.400573,175883
"SW2-0700",-0.0130172110739218,1.78758093730486,1.81613208882803,8,2.8476014883724,253888.002471852,89158.5439565724,4288.13
"SW2-0777",-0.0546191927674463,1.5153004383716,1.61091783897693,7,2.77563751902523,1468497.05701254,529066.582702866,7997.07
"SW2-0778",0.0856184593837365,4.03573429216822,3.8088602250912,7,1.69022983093827,1082295.34570068,640324.366479727,9532.39
"SW2-0782",0.0161356127027218,2.72376761641627,2.69639779631315,3.4,0.953327743965572,195223.918617237,204781.534842531,6051.56
"SW2-0808",-0.100410290381808,1.35421135146671,1.49080609570439,7.5,2.69561944586313,293496.031939766,108878.882139756,2930
"SW2-0812",0.112060497025977,2.0083852208584,1.81798325544315,8,3.25760821348426,875653.939054366,268802.717106913,6972.56
"SW2-0813",-0.0880839144599586,1.72281039756209,1.88124240015019,14,4.34853775518499,2954849.86779893,679504.245829694,13171.2
"SW2-0826",-0.170274136267357,0.884582744069323,1.11260491402128,8.5,3.09476992883851,515753.663187467,166653.313508521,3929.56
"SW2-0829",0.0213277565349215,2.10521620968198,2.08336605555443,28,9.47793082944416,20239563.0460727,2135441.1010467,35591.3
"SW2-0830",-0.00800088771976482,2.36972014225423,2.3816986196392,32,9.87365028669294,74049146.852102,7499672.83648891,33351
"SW2-0831",-0.209995399704277,1.70289705892376,2.02474632770233,28,6.98588045914503,5288357.30204583,757006.555290104,10804.7
"SW2-0832",0.0788604933383106,2.02687993921885,1.92278075270455,8.5,3.12388266643696,1381066.61548989,442099.38815183,6703.89
"SW2-0846",0.066539603414545,1.19571799940491,1.10417531265291,5.5,2.90335546037045,1164398.1698751,401052.570299654,7220.88
"SW2-0847",0.0122148093591019,1.5499020136214,1.52539238576232,10,4.07096156308761,2015216.38444956,495022.208689468,14962.8
"SW2-0849",-0.0131441439755179,0.816854402732882,0.836276767647447,9,4.75472820014809,1250491.86582892,262999.652806646,6404.21
"SW2-0853",-0.0777720876460822,2.20384506177354,2.31574156072486,65,17.2273248203953,306374636.397843,17784225.9080835,61993
"SW2-0854",-0.0206831885309982,1.96302025299677,2.00022203948598,35,11.5579427202735,34212994.0354726,2960128.36051354,17884.9
"SW2-0855",-0.107784036659079,2.12851257362823,2.29300975973534,28,7.48248815780679,23311853.6313545,3115521.62057648,19580.6
"SW2-0856",-0.00190170620063296,2.02667467044338,2.02904117537008,29.5,9.95068024024467,11536509.4508787,1159368.92477162,25638
"SW2-0857",-0.0730921812168988,0.61773203336949,0.69487722618767,47,24.1164418391934,5142284.78831197,213227.341852514,3899.3
"SW2-0858",-0.0411508858692464,1.58126195283123,1.64605633579135,11.3,4.04582364917097,627125.300228078,155005.594560846,5422.44
"SW2-0859",-0.050904458804852,2.41262213817636,2.48784080411062,13.5,3.71181167668439,1912405.66709609,515221.631288245,13197.8
"SW2-0860",-0.0831439511666978,1.44049422135781,1.49915131037153,6.1,2.18864017205038,311176.132504187,142177.840139281,5200.17
"SW2-0861",0.0719752413041315,1.83574718266303,1.77387879046894,6.2,2.61947837546715,372655.51325779,142263.25238945,6430.98
"SW2-0862",0.0162532552006312,1.36993318430886,1.33840940848702,7.9,3.56692907243309,710387.072364157,199159.293032868,5847.07
"SW2-0891",-0.0359362412898238,1.97517398182236,2.03039582335727,20,6.74918066785843,5542503.68760659,821211.338140881,8651.43
"SW2-0892",0.0866352581623001,2.08069048161083,1.94606450126601,21.8,8.6139811470226,4734146.15615788,549588.636816813,6558.02
"SW2-0893",-0.129117259979041,1.45580403532275,1.78188209204902,3,0.935543229701673,516975.960431949,552594.411480913,5772.41
"SW2-0894",-0.105298021959189,1.31348025911029,1.47780795413576,7,2.41948465150913,333060.714605976,137657.709214329,3989.69
"SW2-0895",-0.100045462868855,1.04271634332383,1.23129945628476,12,4.63268744758485,875056.782004115,188887.506853135,5391.04
"SW2-0896",-0.058685324824523,0.500931534292539,0.587647549880516,9,5.07382333502095,512855.614523243,101078.729127869,3700.65
"SW2-0897",0.0578631982440067,2.31550044070784,2.19939503013588,5,1.81330921816167,285645.71523394,157527.305532328,5092.58
"SW2-0914",-0.0635328056099635,1.23035858524126,1.30180815895447,10.5,4.25139359359431,4771443.42946841,1122324.55650723,11382.8
"SW2-0915",-0.00110931915065695,2.24785143232437,2.24987206198679,30.3,9.79550246713264,2882206.16951307,294237.70543511,4705.25
"SW2-0916",-0.0266120746485684,1.43252657044099,1.4694581808504,13,5.1498853825338,2336799.23167958,453757.522372245,6938.44
"SW2-0917",-0.0405746554471464,2.14982796929964,2.20786534065861,22,6.4477089772297,6785022.71641541,1052315.28599956,13168.9
"SW2-0918",0.113003520516645,3.96176146262421,3.70399911400889,13,3.45207936661397,2315256.8777856,670684.718369196,6513.07
"SW2-0919",-0.123684787901485,1.46240535911243,1.65197074293124,28,8.86545717571928,26897102.0542268,3033921.60394081,21711.6
"SW2-0920",-0.100929741350454,2.31723871923301,2.48708210339634,18,4.81863036571912,8703589.68625415,1806237.25533578,20672.1
"SW2-0921",-0.0389966100503475,1.71050303859677,1.76606278043829,11,3.91431163656001,1761007.86621307,449889.541181419,6999.74
"SW2-0922",0.0262484218156038,2.0449245664856,2.00185768922637,25,8.67363811719923,11382150.4837893,1312269.46870417,12303.5
"SW2-0925",-0.0180891573182147,1.22124193171301,1.24687460838781,8.9,3.83321951070838,233888.261290875,61016.1407760475,2961.84
"SW2-0926",-0.129471496474213,0.621005309404251,0.766610137371153,10.5,4.73184789681433,1469174.90834938,310486.50345217,5695.48
"SW2-0927",-0.131622133502159,1.56428412268211,1.69187470291169,16.3,5.10581611478586,1795111.98283212,351581.792699835,5519.87
"SW2-0928",-0.0429070911574588,1.97456902658464,2.03413450827496,8.8,2.89436441413417,714876.487799253,246989.109010692,5911.93
"SW2-0929",-0.085689072129661,1.72285955316721,1.84808010972387,19.4,6.02120786794667,2144924.42580677,356228.263970934,6852.6
"SW2-0930",-0.12321667967465,1.29274308508964,1.51436658391797,14,4.69974907368647,4183929.45773883,890245.285895012,15869.6
"SW2-0937",-0.146238779382296,1.70788258143067,1.97775208623526,21,5.69556851159655,9274612.69584309,1628391.03365351,17702.3
"SW2-0939",-0.0784352569942622,1.24794310549163,1.3336464996461,12.5,4.92826595795797,4083176.41044392,828521.927443986,8027.68
"SW2-0940",-0.0160476489356472,1.06965928908455,1.09337200055739,4.5,2.09630624189174,1018348.98786064,485782.548136507,8337.99
"SW2-0941",-0.0519738113900141,0.934980225703325,0.99549063036315,7.5,3.39364316266929,2298017.05176525,677153.413489039,8203.98
"SW2-0942",-0.0530421056031253,1.86110813188962,1.94736099941048,21,6.50984655321604,3431446.39052237,527116.324858247,7873.67
"SW2-0945",-0.0701531059070438,1.66223965187071,1.81308442360109,38,12.4324986380946,44246293.7372546,3558922.06588939,19676.7
"SW2-0969",-0.0727255940746724,2.28230743261995,2.39908209232068,27,7.61213123058739,8489805.50379271,1115299.41439772,16006.1
"SW2-0970",-0.0734796991695549,1.80506242540497,1.94393091914538,15,4.60011104678728,917788.370491909,199514.394578125,7923.94
"SW2-0971",-0.0729688515306789,1.79707054143754,1.90919897255848,20,6.30994205994809,564881.463300864,89522.4485318826,3249.2
"SW2-0973",-0.0480533627473491,1.9000993773038,1.95099078670956,24,7.78858914930142,6640295.07489028,852567.127062527,14850.9
"SW2-0974",0.0811908100048949,4.57587801055454,4.42541406881332,16,3.22897767889918,1220417.9410589,377957.998605602,8739.94
"SW2-0975",-0.0957258296717542,2.0606759091353,2.18174491212319,13,3.95764805182723,822437.603730118,207809.687208139,4267.46
"SW2-0976",-0.0251175298752225,2.1492672541618,2.20435850199382,16,5.01000333236761,2163503.46613826,431836.731955992,9408.02
"SW2-0977",-0.035608169615047,1.01094581563115,1.07191669264837,5,2.25705457553528,116954.185535003,51817.1721688502,3345.85
"SW2-1002",0.0257906023316232,2.4149061855632,2.36629156643539,12,3.78896846156327,15550517.9423667,4104156.07839366,22235.1
"SW2-1005",0.0860249945350822,2.28484579053686,2.16443729747168,26,9.7820022876783,72983954.1196594,7461044.47466672,33401.6
"SW2-1067",-0.0665897889995717,0.399585175085022,0.464001517453381,8.3,4.91308648013237,301103.940301291,61286.1063038277,1885.71
"SW2-1068",-0.0861777385035225,1.37552623841476,1.50103627551743,20,6.77934013318497,1656161.31113627,244295.355978576,5676.79
"SW2-1069",-0.0507215014716559,2.55721676764052,2.65899200530296,10,2.60847976601108,2070225.63562114,793652.173421671,15684.7
"SW2-1070",0.0991726577108545,1.93083471701463,1.7895401980029,11,4.52201641621243,484400.699160417,107120.508767667,3167.31
"SW2-1071",-0.0175630693852269,1.22168151899542,1.24947411762208,14,6.11412901510625,2701022.83683735,441767.393223777,6969.49
"SW2-1072",-0.0160457261750714,1.25826111838556,1.28714700721622,11.8,5.00293544214347,2188994.81929613,437542.087962317,6640.11
"SW2-1073",-0.0750121197594789,1.42403339167472,1.57454897371739,10,3.52452592159434,884973.811451951,251090.169611131,4137.77
"SW2-1074",-0.061303047708963,2.05175746186906,2.20657470839041,6,1.8023135487592,710900.813065515,394437.923165442,5067.35
"SW2-1075",-0.0469726904235875,1.8390277470248,1.96888650294119,6,1.93360373071102,433884.310926301,224391.535884529,6424.95
"SW2-1076",-0.0432331851622384,1.55832016939399,1.60923184195533,21.2,7.32514424931779,759941.517879895,103744.23929613,2972.18
"SW2-1078",-0.0200279742652452,1.29005026969159,1.32220896030218,13.5,5.71670468034388,309022.134856317,54055.9906686886,2684.03
"SW2-1115",-0.00512279155214852,2.25453169182564,2.26210135380533,4.5,1.59063409592917,197954.459591742,124450.029141433,4079.29
"SW2-1117",0.00755848616041044,2.47555985874554,2.45665576675757,12.8,3.89260254241504,232062.517780537,59616.2889100312,3165.79
"SW3-0093",0.0882544002519043,1.21396193740269,1.09026689228887,4.5,2.50868717685932,471680.470194033,188018.846887295,3380.65
"SW3-0106",-0.0764964513528095,1.30300404615144,1.44059427534384,7,2.55091533128046,171740.434342839,67325.0233894013,1758.39
"SW3-0111",-0.000738853507346593,1.9338474771872,1.9347467947652,12,4.15082791037932,1423442.4841336,342929.77566577,6012.46
"SW3-0165",0.160376747461625,1.72427435317986,1.57724339639644,53.5,24.9632412881016,368092277.961294,14745371.9536309,53225.5
"SW3-0200",0.069422979875651,2.56547448045152,2.44522566412753,19.5,6.43400721059101,20542694.1716096,3192830.45530231,24824.1
"SW3-0282",-0.113071398275119,1.16739913015065,1.32682498542196,12,4.20176779152611,47961.6354995093,11414.6325735172,748.587
"SW3-0287",-0.0588847331090209,0.853026890223486,0.958939828420267,7,3.25438294261265,185993.443581218,57151.6772491134,2019.99
"SW3-0342",-0.144298075450538,2.14649308876574,2.40613234151077,81,20.0312503811063,213019673.416581,10634367.2693295,42253.1
"SW3-0391",0.0300138982651083,1.55796293652495,1.50849216352193,9.3,3.94565061059963,14415905.1634058,3653619.28516398,22488.4
"SW3-0409",0.145270726699218,3.33274733503267,3.09259914854276,30,8.78374400365319,54354052.9459043,6188027.89827416,44639.5
"SW3-0432",0.0757986812858161,3.22543151910239,3.05917934554862,20,6.04354987217399,79121524.8393388,13091895.7422084,48030
"SW3-0444",-0.0594187162049093,1.51560920022781,1.60031888910075,10,3.6850419265476,9447776.50739313,2563817.91461582,16194.2
"SW3-0570",-0.100225694775611,1.54706941086525,1.65330410908872,21,7.03697981225225,3498083.38218194,497100.101962968,9722.86
"SW3-0604",0.00191524136208165,3.38294244101612,3.37986331121544,12,3.26556201983222,8838679.74028968,2706633.55545267,22689.9
"SW3-0625",NA,NA,NA,NA,NA,NA,NA,NA
"SW3-0642",-0.00792421954178013,0.596206358479057,0.609274429223417,6,3.59959944999717,262867.530008623,73026.8835908476,2197.49
"SW3-0643",0.245287385127885,3.68600830950369,3.14801001941388,4,1.53731380606576,115504.829864204,75134.1914763646,2349.7
"SW3-0692",-0.0283900012911937,0.821839832169497,0.852541358724301,3.2,1.6369891192314,338077.810162759,206524.164510937,4128.52
"SW3-0700",-0.0188691053607112,1.430180496329,1.4616478202363,11.5,4.5215077422087,895497.580141863,198052.868909702,7395.75
"SW3-0720",0.01921164572031,1.2561954818884,1.21869148016518,3.8,1.78394027148302,1899720.04381021,1064901.14841734,11843.7
"SW3-0722",0.0116122247468424,1.87420678350566,1.85040691380962,13.5,5.09036166770127,6147853.71731973,1207743.99122332,16773.4
"SW3-0723",0.0949945134298181,2.73687520574029,2.54626394817824,5,1.69158261792724,904987.815550086,534994.747498057,8087.54
"SW3-0740",-0.115244208942309,1.48742582363346,1.65382842077577,38,12.1799098501451,45735090.1144193,3754961.29914906,22631.9
"SW3-0743",-0.00760777627464251,0.640698172651406,0.66338325338174,3.3,1.88680228385574,343899.593549506,182265.834895396,5575.28
"SW3-0824",0.101766029025175,1.68534044762328,1.55152041195833,2.7,1.26862613203671,433385.599606644,341618.061194172,6604.01
"SW3-0828",0.169569496079355,1.7197245687261,1.45509505414556,3.5,2.04214419976207,1245018.96595676,609662.611534392,9589.58
"SW3-0832",-0.0620417103408386,0.893088630403957,0.961320630232544,19.5,8.96025117627008,103258.823700005,11524.0992321143,775.947
"SW3-0873",0.140567936994893,4.61930129885407,4.18089931557938,12.5,3.04011409409674,19590144.8440357,6443884.74829796,38163.2
"SW3-0875",0.0276801842666151,0.99707618777019,0.936364171141019,4,2.15772076748219,2653585.48839057,1229809.49545524,9333.85
"SW3-0960",-0.0322564077502276,2.04874895401216,2.11347305463349,5,1.56906360457502,54139.3379640222,34504.2341216536,1541.61
"SW3-1080",-0.0559000679679307,1.36149682697482,1.44873426173402,7,2.61138694451604,1717902.25768588,657850.519354671,8559.67
"SW3-1131",-0.0979539303271364,1.42587672715987,1.57061776036622,22.5,7.9886561590308,98722687.8779749,12357859.1834089,53957.9
"SW3-1172",-0.0378522361302458,0.626445333807131,0.666305013927023,6.5,3.49392876808694,2216129.74268809,634280.172775677,9241.85
"SW3-1229",-0.00831873781757218,0.928335001451701,0.944005148170079,13,6.55267971154935,6166488.00652829,941063.546209899,10612.1
"SW3-1236",-0.0319235719631545,1.21106601146673,1.28108521412887,8,3.4768478844385,23091070.3298805,6641380.6693213,28540.8
"SW3-1260",-0.0352697129626844,1.03187926314716,1.09630444889649,3.7,1.66901687635821,483475.182661365,289676.629104138,5861.16
"SW3-1277",0.0139701829096559,1.43427257646787,1.41294061728015,8,3.43610611742235,11001762.1236591,3201810.9300746,16370.3
"SW3-1285",0.0202913449274814,0.725658335505793,0.707855550366575,2.1,1.25793163811584,1215598.9748425,966347.405542044,9436.78
"SW3-1315",-0.0265647537606733,2.15057538708287,2.19065844034052,22.5,6.85371223354383,25147678.3780308,3669205.46429592,23428.3
"SW3-1317",0.00198534313897991,1.24981248439597,1.24733057399477,5.5,2.50831141432287,1331288.63609233,530750.938057553,4898.01
"SW3-1327",-0.0234019938208949,0.985207169544877,1.03653566592788,8,3.79155864132221,6165897.88796053,1626217.20280458,13529.9
"SW3-1340",-0.0372468105249685,2.06413925412118,2.11912735848731,11.1,3.62177899041448,7029562.83740863,1940914.35618057,16975.5
"SW3-1354",-0.00710689407262891,0.702811033994807,0.719651570265457,2.9,1.62683373475146,960985.939739626,590709.375648912,6875.74
"SW3-1378",0.156118294278274,2.93309007597103,2.63518716524328,4.9,1.90400656734615,7954159.06559713,4177590.14176292,17085.8
"SW3-1395",-0.016896734379373,2.263405170037,2.30647702341016,4.6,1.44795093993649,340717.296138531,235309.972693879,3951.84
"SW3-1406",0.0382545832745696,3.21127316548545,3.11677349054864,11,3.03162414800395,1607184.65617192,530139.812097124,5178.59
"SW3-1407",-0.0130298050766783,0.734929637752762,0.763169216705777,6.7,3.66431706082925,3096454.41180371,845029.062824321,7925.98
"SW3-1411",-0.0153335754469882,0.451324951071165,0.485687804586854,4.3,2.66559570404623,1042443.68542099,391073.441421973,5836.23
"SW3-1453",0.0433343029233481,2.18026738329917,2.08885622888663,9,3.21461366117768,201876.155432733,62799.5077202451,1953.61
"SW3-1459",-0.01623531918953,3.06049718239399,3.10473883164993,15,3.78144172254138,9128173.97594692,2413940.14392272,19352
"SW3-1462",0.0713598038587504,2.37480685097242,2.26584303615321,8,3.0319401814853,9643718.5009459,3180708.69598146,19693.9
"SW3-1468",0.125333823964615,1.33257255466354,1.19972437640063,4.2,2.38845688025983,32413637.8047617,13570953.7285997,35958.7
"SW3-1469",NA,NA,NA,NA,NA,NA,NA,NA
"SW3-1472",-0.0829473317959357,0.899395350078792,1.04266911680548,6.1,2.55429320886036,10978408.2038836,4298021.92082006,27718.2
"SW3-1502",NA,NA,NA,NA,NA,NA,NA,NA
"SW3-1512",0.0674393675382862,1.86247297154326,1.74699842093456,2.5,1.10697838426181,597989.92730522,540200.184400159,5560.87
"SW3-1549",-0.0366524267595132,1.23797506811486,1.28705807077702,8.5,3.59648534685112,35624.8574786319,9905.46437505245,726.203
"SW3-1555",0.0494223543398487,1.607426863379,1.51122315097604,12.5,5.4797212814564,209028.967219486,38145.9122614226,1938.59
"SW3-1580",-0.00451837609218969,1.73688898541874,1.74953366675506,15,5.60159654532224,7481888.81266131,1335670.7774517,11980.9
"SW3-1590",-0.0298518899967083,0.807279540021752,0.844871210479154,6.6,3.35085998319605,2464227.96835991,735401.652327332,6975.1
"SW3-1598",-0.136901694736414,2.69324741115893,2.89348014546347,134,29.2878395313707,9127299746.53566,311641278.174829,286275
"SW3-2408",-0.0524366337518875,4.41007503591003,4.64384882706921,10,1.89733055545556,9085150.94986263,4788385.93714696,29055.4
"SW3-2802",-0.0880542545084525,1.02088962330927,1.1455913647799,3.4,1.35317207111395,338144.529380883,249890.266433387,6968.39
"SW3-3649",0.00030859513265597,2.68002749902566,2.67944580517277,120,35.0249859656642,55219729701.033,1576581065.73308,539999
"SW3-4016",-0.0342547884156223,1.71493899164686,1.79007134134101,16,5.57817786023246,4101108.57220279,735205.774172263,9306.93
"SW3-4071",-0.0913535069547518,0.969340855453916,1.1243333371131,18,7.26465163113247,559055.292897062,76955.5542761673,2423.21
"SW3-4263",0.026173594462125,1.14073524191639,1.11001238882826,6.5,3.2442144617025,179015.042889112,55179.7808074527,2543.06
"SW3-4558",0.0737942087774577,2.06298997620753,1.87288235308713,13,5.29182036698293,149246519.767131,28203247.5437601,65951.4
"SW3-4676",0.0134454467256561,3.88230563065809,3.85811016518603,8,2.34126161802854,6359655.44788881,2716336.95223004,14387.2
"SW3-4696",-0.0189633335426675,1.35529837666422,1.37791681122115,5.3,2.35424513077189,277377.796012963,117820.269600396,2966.69
"SW3-5085",-0.0412175843751953,2.10854392920397,2.15963658006486,4.5,1.47413491620941,1039969.92430088,705478.116599433,6435.54
"SW3-5131",0.1478398023808,1.93807601764769,1.72870645432023,3.4,1.70075177371665,224483.891190505,131990.978730506,3482.07
"SW3-5172",0.127675072594038,2.51195714974494,2.20918797244185,3.3,1.3713645553582,1295874.15335027,944952.345666971,9212.42
"SW3-5194",-0.00777997346159186,2.67086659866579,2.68436778767429,6,1.69069851269577,424796.105419368,251254.793346948,5369.12
"SW3-5279",-0.499771924279783,1.40208692513369,1.83962856383954,8.2,1.58719839386546,420990.624218483,265241.33709158,5382.58
"SW3-5299",NA,NA,NA,NA,NA,NA,NA,NA
"SW3-5639",-0.122315175790559,1.40426161442702,1.56986169827252,8.8,2.88479158180804,240489.97310266,83364.7652812176,2680.05
"SW3-5652",0.0275636613504303,2.09251522248833,2.04130242398568,9.7,3.43765236835496,89118.4366793072,25924.2142980134,1512.66
"SW3-5671",-0.101256143004111,1.33100764367918,1.49876613066707,9,3.23270120001732,367017.902910236,113532.887885917,2679.33
"SW3-5673",0.0150446927198085,1.75881799081918,1.73045913370278,6,2.28941368916486,672815.186574825,293881.0009563,5328.96
"SW3-5675",-0.0207117856482721,1.05826841249808,1.08701174080097,6.5,3.0037879374614,410451.613025604,136644.670519747,3708.81
"SW3-5676",-0.0718113706378326,1.75125465927683,1.85996473279383,15,4.69653112340036,1057296.77376042,225122.914334042,3873.58
"SW3-5677",-0.198778405566426,0.838140925322319,1.12134700099606,5.5,1.86403677953187,171268.466201321,91880.4114178118,2329.9
"SW3-5678",-0.0430160111209066,1.49251025393069,1.57882403858012,10,3.67405071440256,1474179.60548089,401240.951765307,9408.54
"SW3-5679",0.00522841632675128,1.87641802259157,1.86746339071495,5.8,2.06483929839688,451419.711198378,218622.200550356,4691.01
"SW3-5681",-0.0924354948046936,1.67934812444339,1.8151269612535,21.5,6.81651362099532,2268189.75074164,332749.243507042,5794.26
"SW3-5683",-0.0934640466669536,2.308468213973,2.45371886781222,26,6.72052089767682,2117849.03581823,315131.679234915,5766.5
"SW3-5685",0.0373649538629294,1.47896783125175,1.39701383562715,4,1.82465849476885,115693.936310691,63405.8025884715,2336.04
"SW3-5710",-0.117704731665864,0.277046278867444,0.40676820488243,5.5,2.93591050390559,129476.887763983,44101.1017167392,1578.74
"SW3-5712",-0.150296702022142,1.14161876812651,1.32160983634952,7.5,2.70331582473308,212312.06058904,78537.6457484406,2528.07
"SW3-5739",0.0255303627532127,1.88470028140494,1.840006341431,7,2.75888293951988,855997.376397812,310269.55299045,5358.59
"SW3-5740",-0.00205356395839952,0.504547573536344,0.507442274915362,6.5,4.28545344009912,244296.756044912,57006.0460251463,1901.52
"SW3-5741",-0.0320227435345155,0.774612812038012,0.822374153199265,9,4.62255791487228,308754.743073151,66793.0502460091,2360.26
"SW3-5747",-0.0504806424428686,1.27836650961253,1.34842235623615,6.5,2.55601267734489,271601.826721299,106259.968555176,2639.52
"SW3-5748",-0.233136438791096,1.03866539966029,1.33496009141177,14.5,4.38134021432164,1162302.13128148,265284.61028481,4299.68
"SW3-5749",-0.0684939022625996,1.74584786623874,1.87495710255118,6,2.00756563208249,387340.656721598,192940.470055667,4367.79
"SW3-5750",0.0369007316944753,1.65713482598029,1.60840924511412,14,5.57808890861862,338361.730080246,60659.0779787408,2119.11
"SW3-5751",0.0120110975669912,1.62920620673958,1.59887288527326,3,1.22373944784095,644617.174115733,526760.1491911,9520.26
"SW3-5752",-0.0742397495355019,0.913648283671261,1.02980582737408,6.7,2.94040079599883,437817.108791533,148897.085522251,3144.2
"SW3-5753",-0.255958367505052,1.3942167581719,1.80567762453801,22,5.38716792706599,1369878.14097714,254285.398102155,4458.42
"SW3-5754",0.0101133057676434,1.5266257608218,1.51084297407079,3.5,1.43825198249068,145075.557546226,100869.360384953,3155.73
"SW3-5755",-0.109820747319748,1.12823856173225,1.28470376119573,5.5,2.06626622667874,84977.7164468478,41126.2185625705,1456.09
"SW3-5756",-0.0476505678860207,3.08666983744347,3.17572507869132,11.2,3.05140894304904,3004336.32514272,984573.481042733,10966
"SW3-5758",-0.020640152741213,1.71870939317508,1.74920819014344,4.5,1.68107632872228,197206.962562358,117309.939586293,3704.02
"SW3-5759",-0.00415131433711835,3.22368884321036,3.23279408119001,4,1.13223659642678,540338.242867992,477230.858438282,7898.08
"SW3-5761",-0.215787467593771,1.98211533525672,2.27027191817807,7.5,1.99029791872441,82971.6009255778,41688.0307942817,1713.53
"SW3-5763",-0.21319759402332,1.08270859658959,1.31670455005683,20.5,6.57089396631126,2957120.8239123,450033.258651464,5359.07
"SW3-5764",-0.125583892994856,0.875814268448873,1.01484453579854,14.5,6.01132996890773,1676813.68152446,278942.212488318,4944.59
"SW3-5765",0.0452562117879399,2.27690388658178,2.19550386812127,7,2.53450654551176,460677.716257726,181762.290996454,4617.22
"SW3-5766",-0.0437975027485537,1.15504533731377,1.22694426401994,10,4.1836910070415,212127.939411369,50703.5388259648,1779.3
"SW3-5767",0.0201182175283103,1.69704409201039,1.66469124960882,8,3.17416973599984,98772.5484581582,31117.6013487652,2149.86
"SW3-5770",0.0223572569209592,0.770502455054629,0.728148676417644,2.5,1.47102369944451,93223.4426134196,63373.175189919,1984.79
"SW3-5771",-0.290400357642809,1.70765272770254,2.15895826525399,13,3.13134237130548,280953.472019079,89723.01291409,2847.47
"SW3-5772",0.133056816683257,1.36565472862108,1.19284378278319,1.7,1.03245826041765,118619.86861865,114890.715844209,2801.45
"SW3-5773",-0.152932738238531,1.51846775870439,1.77582117568786,9,2.70053840369644,244019.021238434,90359.3968167335,2835.17
"SW3-5774",-0.100630353705405,1.49136831510847,1.65023885512594,12,3.84637044076748,257475.606162771,66939.8879093393,2417.05
"SW3-5775",-0.194133393718488,1.07452324514638,1.28856902215341,16.5,5.42747839350314,1344530.08063778,247726.473171634,4721.38
"SW3-5776",0.0136325053280456,2.12299750273628,2.09847741717177,14,4.66665041196444,1059254.74834864,226983.950979679,4480.17
"SW3-5778",-0.0132424664882541,1.67112376980767,1.69402676899631,9.8,3.68916790279275,2042397.61710235,553620.130858297,7906.49
"SW3-5786",-0.254466824468037,2.14996520968403,2.56837213796855,23,4.6719616703736,4312431.94044814,923045.23125578,24797.8
"SW3-5788",0.0189567369836273,1.40161387890647,1.3687485169996,8,3.44694929906662,319778.308007738,92771.3987827815,2241.83
"SW3-5789",-0.0413514540730426,1.66107363302823,1.7306593746131,9,3.17726412448562,551779.041142461,173664.832234176,2991.84
"SW3-5792",0.0577091216816946,3.52829507725675,3.41951487372826,6,1.64166107627446,318518.349873387,194021.990578118,3577.74
"SW3-5793",0.0488387843574288,2.66262096440243,2.58640334215295,3.5,1.23568043039556,648648.146195875,524931.956710066,7277.3
"SW3-5794",-0.140900609195583,1.07531592666427,1.27085447350729,6.5,2.30677924780795,242142.655529245,104970.016424131,3392.01
"SW3-5795",-0.16533514261552,1.43166753996432,1.7098915774702,9,2.5789130517301,354423.53213407,137431.361594878,2929.64
"SW3-5797",-0.114103239253428,1.31217454721886,1.48077850916889,4.5,1.55446543497788,90709.3921147932,58354.0747022682,2309.79
"SW3-5798",-0.1082805304186,0.845982600639769,0.965369532605695,16.5,7.13054300400775,924492.280006148,129652.437337035,3608.43
"SW3-5799",-0.0392506722300257,1.88430487340968,1.97039488791907,4,1.3369172634638,196279.242217775,146814.801171194,2767.06
"SW3-5800",-0.0230485661190683,2.21477046221229,2.25821641391644,6,1.76933775458619,490521.968361653,277234.782952097,4781.04
"SW3-5801",0.0225964663273274,0.99245742215137,0.959067890234612,4.5,2.39775924100213,85828.1039176613,35795.1300739394,1964.03
"SW3-5802",-0.102633690757594,1.16022959672732,1.30142917293596,5.5,2.13130884944517,123632.716205687,58007.8838587246,2315.6
"SW3-5828",0.0381362654077801,2.08158819176656,1.99794244875739,4,1.47785752977133,333724.930892667,225816.713837297,5101.79
"SW3-5832",-0.0909137753996647,0.951733984739421,1.10098000252198,10,4.13679346613079,782844.078815859,189239.343280066,3557.33
"SW3-5837",-0.0173149854864453,1.91363559822704,1.93863692871357,15.2,5.0854507881727,776438.470188608,152678.396179623,3115.92
"SW3-5846",0.105945556692053,0.992027215767202,0.846271298819445,5.5,3.47281290700318,3141625.58946351,904634.275900148,8105.99
"SW3-5848",-0.0233124390936019,1.4039978198757,1.43721181196538,5.5,2.2071302426356,329271.687101094,149185.435793721,3164.75
"SW3-5849",-0.0469838193779305,0.772072702972206,0.846916679797434,2.3,1.14114509411771,73939.1691287888,64793.8369186576,2292.07
"SW3-5850",0.0531871968170573,1.61832992015974,1.52611908905972,16,6.80399661877001,1555166.69537345,228566.647297156,4185.3
"SW3-5851",-0.0784223221427924,1.70979461905751,1.84575567612268,8,2.52346189563395,319171.418625606,126481.568506277,3428.12
"SW3-5852",-0.0791823042161096,1.44330141322099,1.60218467961558,5,1.72349308561707,243044.962705865,141018.820866836,3351.6
"SW3-5854",0.09902118841587,2.04662053118748,1.87641756057684,16.2,6.49142765552774,9948141.3907422,1532504.39173745,14236
"SW3-5855",-0.0501297083896102,1.18179898998759,1.24393896561532,4.5,1.84651397607037,1233844.5129166,668202.098065017,7601.21
"SW3-5856",NA,NA,NA,NA,NA,NA,NA,NA
"SW3-5857",0.0726220956970714,2.28189348069556,2.04372498152652,7,2.8305027759281,3693329.96406749,1304831.77599304,12182.4
"SW3-5858",0.0808669294531714,1.83811767834812,1.7186251487254,18,7.62386376947783,1498798.0543545,196592.974333427,4293.63
"SW3-5859",0.0502207140861914,1.52103793437835,1.42026755173193,15,6.76146428468385,4504484.89727057,666199.614109356,9901.88
"SW3-5860",0.0812231203707546,2.1826002376281,2.08060027600211,10.7,3.85279493325653,569207.761406051,147738.919736622,3151.78
"SW3-5861",-0.0173908768107824,1.26479840331512,1.29766523449206,7.5,3.19779943294693,222287.246587217,69512.5667660678,1944.32
"SW3-5862",0.134926329392945,2.22881763162477,1.99989848740258,7.2,3.15384827652027,256939.907444956,81468.696309147,2266.16
"SW3-5864",0.0318803818150188,1.56192659600983,1.50457982618125,5.1,2.24925391099861,184837.895301011,82177.4253218694,2922.49
"SW3-5865",0.0487320320915193,1.35858322815496,1.29925205335265,8.6,4.05907904160897,385462.297118647,94962.9936168611,2386.37
"SW3-5867",0.0480520605861682,2.18022470457058,2.07200896399443,8.1,2.9700683357767,119533.773077315,40246.1356317769,1788.73
"SW3-5868",0.0346967749434949,1.32685181616714,1.28432119763397,16.4,7.73777853967312,324826.873242039,41979.3447921244,1576.11
"SW3-5869",0.0207312809605555,1.76185807890767,1.72699947689406,39.5,14.8474232974833,2418235.12775235,162872.37719977,4094.92
"SW3-5870",-0.0409776117395047,1.10236200140654,1.16980290476666,13.6,5.92772209950599,283111.619830541,47760.6094007233,2943.1
"SW3-5871",-0.131024336433021,0.950666655955445,1.08716890882579,7.2,2.81576971855786,117017.095814105,41557.7648423739,1937.8
"SW3-5872",-0.14023079673784,1.0707287745127,1.30093467996094,10,3.60776540029562,232263.6304059,64378.8064453603,2417.37
"SW3-5873",-0.0943212344945688,1.52815818003091,1.67424478235258,16,5.13123530555854,350955.19571088,68395.8491107783,3032.19
"SW3-5874",-0.00752388161144836,1.89662963585795,1.91081195832564,6,2.07546282076892,35138.1741754784,16930.2836089641,1359.77
"SW3-5875",-0.0929544601050277,1.38136140340314,1.50111742422774,12.8,4.43129295243728,115675.131729792,26104.1490534199,1513.38
"SW3-5877",-0.0402068959668265,1.508328063769,1.5718048482527,12,4.36989044345959,358725.179460371,82090.1997662837,2200.97
"SW3-5878",-0.175328483374819,1.72689433646293,2.01471736253917,20,5.33377221392203,2390032.03025738,448094.13195768,5948.32
"SW3-5879",0.0504686600721885,1.38214366581852,1.29855035889745,6,2.86609262611748,224479.928945574,78322.6358073651,4032.84
"SW3-5881",0.0388899492873208,1.76831837427849,1.69975602880196,8.1,3.19052329273178,349193.447807833,109447.076786218,2561.33
"SW3-5882",-0.0137387470329348,0.832653169453019,0.858550352687104,6,3.14689795467489,104029.696369347,33057.8550266638,1599.42
"SW3-5883",-0.0552577562871124,1.85412442141158,1.94801286275112,8,2.70556914576886,123440.314751067,45624.5278166741,1492.85
"SW3-5888",-0.0438535843822165,1.34319089551032,1.39282471412514,15,5.30408175593988,189281.344646457,35685.9779611215,1906.35
"SW3-5890",-0.145633737442496,1.07446179193366,1.29818231584929,9.1,3.17853882334037,169665.434580555,53378.4370776543,1696.6
"SW3-5891",0.0422393424381042,0.757990484825933,0.720931436224923,2.1,1.32259148629181,59664.0056280736,45111.439357103,1807.11
"SW3-5892",-0.0888932374290694,0.885585393810514,0.97887716838922,10.4,4.52978428930499,230217.582411069,50823.0784751985,2028.32
"SW3-5895",-0.0699781895615829,0.981698783099312,1.0718537849888,12.8,5.56419521361348,164210.922411022,29512.0706781207,1364.68
"SW3-5896",0.0428127065610389,1.49447064183105,1.43120870470091,9,4.01796317500188,82145.8117144315,20444.6402658713,1248.02
"SW3-5897",-0.195121396532,1.39408354453528,1.61695789106749,8.5,2.43499442692546,984729.596956913,404407.330903126,5924.7
"SW3-5905",-0.0200623227210532,1.20232014958781,1.2197855314471,8.3,3.60781792416549,149647.596297764,41478.699713589,2137.57
"SW3-5907",-0.017075256715914,1.22052317293022,1.23836019319484,13.7,5.99399275895435,228797.898648407,38171.2003750103,1575.87
"SW3-5908",NA,NA,NA,NA,NA,NA,NA,NA
"SW3-5913",-0.0748899405221462,1.5242632842784,1.65780822197588,9.7,3.12188799087883,252969.209145184,81030.8409155871,2401.91
"SW3-5916",0.0314050782853393,1.89677812569827,1.81541534133356,7.4,2.8377194776818,60017.5883717402,21149.9370687514,1767.98
"SW3-5918",0.00046755473577905,1.28470792786394,1.28393793138137,10.5,4.66648164891933,412243.34025051,88341.3610650281,2799.07
"SW3-5925",-0.0487485816898987,1.13050254982582,1.1946643347514,14.3,5.91594736973608,214885.67727854,36323.1218684973,1491.74
"SW3-5927",0.00987417542786165,1.76525074823571,1.74749057719275,7,2.57930240592618,177951.4134029,68992.070489308,2465.26
"SW3-5928",-0.00130364307993737,1.11029548070996,1.11358775474241,3,1.42750816743297,52305.7532386758,36641.2987553935,1990.08
"SW3-5932",0.0276089323197055,1.34804992095741,1.28848198370871,5.3,2.45120207172884,184700.669720382,75351.0580994702,2245.11
"SW3-5933",-0.143751714975735,1.03122844480627,1.19064817683073,14.7,5.20018258023476,411430.988853042,79118.5660320542,3969.79
"SW3-5937",-0.0672711949606138,1.79173861839803,1.91764745985854,12.6,3.88759722562242,370636.553054562,95338.2080354844,4573.03
"SW3-5938",0.0102781178621288,1.39417960925291,1.36353202906112,3.3,1.45992605840605,23520.4631456668,16110.7221905104,1505.2
"SW3-5940",-0.135208671653671,1.28498207709757,1.44626230601871,6.4,2.26250495042056,202798.44673015,89634.4764648816,2576.26
"SW3-5941",-0.0235107821498687,2.12085251455471,2.20487259758414,3.7,1.19833940106076,52992.2474562838,44221.4012235395,2536.47
"SW3-5942",-0.0704091183267756,1.19282830628696,1.28731632203248,7.6,3.09097887325522,217038.782738647,70216.8444490452,2092.34
"SW3-5943",0.0154562119262453,0.73087571372025,0.719123811036647,5.1,2.99795023886555,84540.0065145199,28199.2694270037,1662.34
"SW3-5949",-0.0917935424061411,2.31958741425677,2.44368179150129,16,4.39583725600738,14875907.5500755,3384089.69298078,31640.3
"SW3-5950",0.0790758355761545,3.1037383813311,2.94814569370203,19,5.49203893737422,12966239.6583187,2360915.46439727,18403.9
"SW3-5952",-0.187010523111571,1.16707098775629,1.40437206125514,7.4,2.21593281095851,434392.733876281,196031.545599247,4188.01
"SW3-5953",0.0881390482911204,4.80036717898541,4.64333421262265,22.7,5.44712211318396,10992346.7657513,2018009.97615713,21489.4
"SW3-5956",-0.0404909020528071,2.02237910908278,2.09130500100152,4.7,1.49688278682946,278280.155851665,185906.443911409,4517.67
"SW3-5957",-0.0821156070509627,1.07116620826343,1.15056113329676,11.3,4.43413165192216,903907.81325017,203852.272374081,4017.16
"SW3-5964",0.00874345452933325,2.09553716833991,2.08364287014949,7.5,2.69217291158574,1180853.4343332,438624.662350406,6823.2
"SW3-5968",0.0120958081139695,1.82814630693593,1.80828956702016,10,3.58557084803811,1003552.24025313,279886.322927417,5507.7
"SW3-5970",0.179210542404896,2.63717223231097,2.29210956514894,8.3,3.14710667111059,35143.6002174029,11166.9555214031,800.606
"SW3-5971",NA,NA,NA,NA,NA,NA,NA,NA
"SW3-5972",-0.0330684043805563,0.978405552139889,1.01716429320733,12.9,5.934610216784,887327.323582562,149517.372021007,3383.34
"SW3-5973",-0.0650745799745381,1.16758701264871,1.24617375618369,16.7,6.64436358708032,581252.872978267,87480.5939440894,2028.06
"SW3-5975",-0.332115536730547,1.51573199496139,1.89817134868498,18.6,4.50021879038848,1301240.19024937,289150.428203302,8940.03
"SW3-5976",-0.163567569544732,1.44183026347143,1.5995657136814,12.3,4.17469368600663,2701560.92347641,647127.939597558,11250.9
"SW3-5977",0.0155890081296763,1.90303536250598,1.86976754387662,7.9,2.92280590545319,466053.514995837,159454.144432343,3491.8
"SW3-5978",-0.116440051152456,1.59020846071929,1.76294404515075,15.3,4.97597877408891,570766.502514799,114704.368412284,3871.25
"SW3-5979",0.00995364012995539,0.964142107273661,0.955567416631303,10.2,5.30234037416408,469166.68591979,88482.9439101701,2997.69
"SW3-5980",-0.127134574046381,0.621811791859189,0.778746133638759,12.7,5.79302498152499,713680.65558613,123196.543750836,2949.54
"SW3-5981",NA,NA,NA,NA,NA,NA,NA,NA
"SW3-5982",-0.233701632127995,0.817609850648992,1.07558337122721,13,3.64534820793028,346668.116827374,95098.7661681301,3498.08
"SW3-5983",-0.24801048391412,0.92675102876727,1.14352321528265,14.2,5.01351478022101,2062012.63893915,411290.82676171,9648.51
"SW3-5984",0.103942739205415,2.170436808025,2.03990555827915,10.7,4.40805919930616,548918.704461441,124526.164382693,4417.19
"SW3-5985",-0.0233591187973102,1.4049125452274,1.45656420562305,5.6,2.23975155289081,246264.063435526,109951.509183095,3975.28
"SW3-5988",0.0597646909263066,1.15013648338472,1.0748764389943,3.3,1.79599734836048,222554.788458884,123917.103030274,3602.41
"SW3-5989",-0.267636690600178,1.42365861311231,1.78774246509742,15,3.93212520695303,400045.041937628,101737.615381688,3784.85
"SW3-5990",0.0299524511020239,1.02927858366924,0.970355124368777,5.3,2.86188990257762,1199768.18666212,419222.341705571,6017.22
"SW3-5991",-0.127380693658595,1.41357061021131,1.55433053638041,20.9,6.58561339766265,882762.342845015,134044.057787893,3473.38
"SW3-5992",-0.20800938041809,0.663059303237007,0.845400454769709,18.3,6.72868002055007,742997.651326668,110422.497288841,3058.91
"SW3-5993",-0.27280655520993,1.38511364793628,1.66912234745038,18.4,5.22635892722681,1237624.38703597,236804.32290797,4663.03
"SW3-5994",-0.069001970406766,1.91241379709418,2.01755837363943,24,7.39012504219473,1947881.39177527,263578.94902368,5786.47
"SW3-5995",-0.00717843415591028,1.26430890411421,1.27722154781017,5.1,2.24396344817334,167556.213098071,74669.7604341406,2912.88
"SW3-5997",-0.00734273208879804,2.00265631181757,2.01586449638238,5.1,1.77884639397938,1433098.81223146,805633.818120481,13309.8
"SW3-5998",-0.0639224408882309,0.978099814470072,1.05111421727224,8.5,3.70315523168517,323361.767657806,87320.6083533949,3104.35
"SW3-6000",-0.155862714515932,1.45162012962973,1.58531052106484,8.2,2.8405827506932,1514775.80390444,533262.339755736,8218.65
"SW3-6001",0.169480502137822,2.73024711835352,2.48280671687481,17.5,5.82466989979384,3793858.83641566,651343.149343097,9359.93
"SW3-6002",-0.13268325079785,0.884203399739272,1.01255595706598,8.3,3.35384527316476,809837.929676679,241465.501153695,5969.23
"SW3-6003",-0.0972202241295846,1.4003134401478,1.50151581443872,16.4,5.75265992967626,3889599.66831023,676139.33656063,8829.86
"SW3-6004",-0.142180524526951,2.07682899906071,2.27177204307513,10.9,3.11040528248859,1802739.17888298,579583.371026374,11798.3
"SW3-6005",-0.0312783803686237,1.88909907131891,1.94805801027672,12,4.11208458784946,535726.039884843,130280.890005966,3609.27
"SW3-6008",-0.0418876060167266,3.39907286237117,3.48083543575064,11,2.39534596520504,5978445.37565311,2495858.82895265,45309.7
"SW3-6025",-0.0840474227821247,1.98712043826374,2.08145148719162,11.5,3.8198172816498,9891653.4184847,2589561.93166717,24364
"SW3-6026",-0.0337525815364126,1.32953459743189,1.36690109661297,14.5,5.89152480488245,262231.272756511,44509.915758853,1614.46
"SW3-6028",-0.0508749005374544,1.01900434285243,1.07200317767742,10.2,4.45634811995352,566221.409334552,127059.510184868,3270.24
"SW3-6032",-0.0841473211570249,1.50168971651455,1.63453760843765,12,4.03597177225039,1368669.51428113,339117.712292121,5342.08
"SW3-6042",0.227366118518869,2.78273279281075,2.4182534006094,6.8,2.70452248191745,5389532.54011257,1992785.26103858,21482
"SW3-6055",-0.112846249798682,0.948377003921031,1.07330579777169,14.5,5.8267547430534,7791196.909898,1337141.72871041,12424.3
"SW3-6056",0.0202089349100021,2.42280592965353,2.38879857117301,9,2.76247811653437,1288459.89443506,466414.51627189,9666.92
"SW3-6057",-0.111048448747311,1.85837537890173,2.03369352467944,12,3.4581836865759,1360838.85593321,393512.600622043,7813.36
"SW3-6059",-0.252190819371917,1.3137286728138,1.59108214759106,19.5,5.35562237288251,6168066.74422091,1151699.33852172,12314.7
"SW3-6069",-0.25383968176484,1.2783912267845,1.6121846900093,5.4,1.59174725443994,133367.698632948,83786.9820481482,2672.33
"SW3-6076",-0.0830063333908203,1.08800169528126,1.18282681047404,10.5,4.03150117653229,574506.355127987,142504.325304985,2948.54
"SW3-6080",-0.25025768741545,1.59468964783378,1.9598039714768,38,8.67830221102708,10260400.2575787,1182305.01866383,15279.4
"SW3-6084",0.00283981039021227,1.83095106715892,1.82598614220867,34.6,12.418221392018,28815139.13181,2320391.80347771,18039.8
"SW3-6091",-0.00929528123208148,2.84471437608662,2.85795766633497,11,3.01869710779037,6906316.73201459,2287846.870821,25183.5
"SW3-6093",-0.0807719438554473,2.17146140038955,2.26650205684766,12.6,3.85606835968779,9227139.8105996,2392888.02736544,29654.3
"SW3-6096",-0.101471938982477,2.9673394347036,3.13260004841612,19,4.23027346151591,1939411.34373106,458460.040792746,9487.46
"SW3-6105",-0.0116558779667184,1.1730761286586,1.18968263804315,5.5,2.48259305240674,200000.81104134,80561.2546315033,2437.75
"SW3-6110",0.0489410770652534,1.11163024893123,1.03525298906861,3.5,1.89116445308006,1026756.56802077,542922.941655622,8731.88
"SW3-6111",0.14627478588924,2.55625649880721,2.33202331949452,2.4,1.08031478401936,980814.033631604,907896.520662653,14531.6
"SW3-6116",-0.0937082425826409,1.90303183242652,2.05367068457477,11,3.08220234643446,987316.626970882,320328.296457572,4498.1
"SW3-6118",-0.0559963165904206,2.26594025678092,2.33988060774265,14,4.008379415769,1432090.41194789,357274.165792299,7676.74
"SW3-6119",-0.384522524537611,3.21134965516564,3.83408336228215,21,3.31184843847615,15221908.7952248,4596197.28317904,49799.2
"SW3-6125",0.0542760360862333,2.20156665449604,2.14064967160491,11.5,3.91264486587996,9437676.26642616,2412096.31590308,23014.8
"SW3-6126",0.0690674910507058,2.22694605485855,2.14097118864874,7.6,2.8047051647402,579197.111645485,206509.090127174,4450.88
"SW3-6132",-0.275494803950292,1.77078345501133,2.08967069980391,16.6,4.21056515197009,8582821.83346772,2038401.38406406,20601.5
"SW3-6133",-0.00293680072622772,1.83446953473688,1.83825109343519,8.7,3.09261380056492,2386324.68704394,771620.655190777,10896.3
"SW3-6138",-0.0690571686592265,0.986025256321229,1.07214411614688,8.6,3.59959210406965,186762.584119781,51884.3743180317,1987.88
"SW3-6144",0.0852653938791486,1.37682659563964,1.28302572546019,17.1,9.01554686251693,611616.450129137,67840.1942173909,1864.85
"SW3-6146",0.00232082309465863,1.99198938814793,1.98904445327154,14.8,5.18672536491133,1009866.21082718,194702.078822029,3252.63
"SW3-6148",-0.125141206083347,2.62907046139873,2.80136831077278,14,3.25611559454889,1617769.47272629,496840.307338789,10991.1
"SW3-6159",0.103042460949288,2.00125071385001,1.86425427390667,2.8,1.13890998490058,369733.026915993,324637.620020749,4632.18
"SW3-6174",-0.101016538275354,0.921573778238512,1.08318149459486,13.1,5.4583604564561,615534.217422729,112769.067256209,3264.27
"SW3-6176",-0.299806447448071,1.64843672795937,1.98022038879173,15.5,3.39105432462106,3048935.62971705,899111.408384105,14404.9
"SW3-6177",0.0506020360273775,2.00118239406426,1.93062251761012,9.6,3.8065239666789,5995242.9429933,1574991.51337907,12839.4
"SW3-6185",0.0841446661612519,1.62245334187342,1.54931957260438,17.2,6.97752482712156,3065907.08072413,439397.516553003,5700.08
"SW3-6193",-0.0685862130037633,2.50004892590744,2.62765380327623,8.6,2.1607569192455,995916.799708773,460911.077427686,7076.84
"SW3-6194",0.016780291191049,2.16112422437407,2.13880244504839,13.9,4.40551817404673,1371793.30283139,311380.693175377,7450.97
"SW3-6199",-0.110223309624795,1.66403025748856,1.85612282222481,9.1,2.78780803629177,566102.418622694,203063.629652098,3448.31
"SW3-6208",-0.133362924358406,1.75440890940771,1.90984786377027,14.6,4.09978808696411,1701248.73527345,414960.163595486,6223.3
"SW3-6210",-0.215880816648613,1.5822538788862,1.79155641564106,15.3,4.19796303272039,2755485.62044902,656386.34713355,12347.2
"SW3-6224",0.0300779478616459,1.39094994607799,1.34388916576704,6.7,3.01113651651796,184708.771853033,61341.8790014303,2265.43
"SW3-6227",-0.0342033343165827,3.95757879877066,4.03276324159801,30,5.88256628157458,43363314.4223729,7371496.10335812,50614
"SW3-6229",-0.427493876252544,1.88614896176366,2.3344723086596,36,6.36957152430325,8413203.6712173,1320842.95452473,16977.4
"SW3-6233",-0.0405701387426655,0.890402390173452,0.956193574827867,5.7,2.71865016596956,103245.583394148,37976.781524344,1685.59
"SW3-6255",-0.294394926381496,2.05338992376307,2.46734982291479,32.7,6.50531552956025,13550059.5155477,2082921.18252774,16130.5
"SW3-6257",-0.0407852458292634,3.34159806712812,3.40210184744057,15.3,3.77604424222643,28379439.9195095,7515653.44551589,42660
"SW3-6271",-0.0465085608044169,0.408342645773631,0.471309661264275,8.8,5.44100921927907,968832.585875559,178061.191744117,3774.17
"SW3-6272",-0.0250075049542487,1.71286329806056,1.75621889778319,16,5.68530383862493,10128208.1737612,1781471.74913537,14751
"SW3-6277",-0.300502251741271,1.95255242678234,2.25941776025656,6.2,1.73400252565824,657321.981167183,379077.868365653,6120.59
"SW3-6279",-0.0697786187181548,0.36838583831041,0.422190076986301,6.2,3.540545232327,580484.819832976,163953.510474277,3952.23
"SW3-6281",NA,NA,NA,NA,NA,NA,NA,NA
"SW3-6282",-0.0731334557008749,1.95538337297347,2.11089655396662,10.3,3.00886730271402,2393843.54697937,795596.251393374,10287.2
"SW3-6283",0.0275136925454871,0.7084193176975,0.684769130629435,6.2,3.83634240296249,203045.818882981,52926.9281923807,2046.78
"SW3-6284",-0.0856551326149005,1.58249186794462,1.68033009608351,8.5,2.79287003488734,8907632.43640781,3189418.88635614,14536.1
"SW3-6285",-0.0409452580258108,1.02798504396359,1.1313898882995,6,2.6548369750026,445521.702108299,167815.088573513,2876.21
"SW3-6286",0.00428576657254838,3.46020787343509,3.44302229402162,12,3.04877154086699,596503.342093877,195653.670371197,4812.54
"SW3-6287",-0.0758603733002014,0.583775093014828,0.642268793607733,6.2,3.06785998411699,373733.772419073,121822.304262247,3008.85
"SW3-6290",0.0426728931688588,1.20618081204307,1.15328418394246,4.5,2.33578576114719,364280.909381746,155956.4731668,3464.14
"SW3-6291",-0.119065616140677,0.993490294088923,1.15704033622733,13.6,4.96978515988814,4552039.4603224,915942.90575427,13474.4
"SW3-6292",-0.0798799711395346,0.812537296298984,0.881053904922387,8.2,3.8298311746576,574256.653974624,149943.07262799,3813.85
"SW3-6293",-0.0507951384040081,1.64475735492074,1.72402805589996,10.5,3.65957764043211,347480.666299472,94951.029993298,3274.53
"SW3-6294",-0.0328982194871057,1.39751885567934,1.46353078375371,10,3.89272463935565,405727.58973111,104227.148673498,2733.59
"SW3-6296",0.130825476880075,1.72879933734419,1.55029838876358,6.9,3.57701200523648,835440.440147088,233558.18737093,6424.43
"SW3-6298",0.0585104546526474,1.61708986048735,1.55565846226869,7.3,3.08936041195826,24196.2347275946,7832.11781763503,642.515
"SW3-6299",-0.22638540020984,1.24844172990598,1.46792875651524,15.3,4.364450894796,442882.466526453,101474.956919444,2725.65
"SW3-6300",-0.0200958348059561,1.25160953510054,1.28860752055495,14.5,6.14599585386015,283241.986272405,46085.612975887,1741.47
"SW3-6301",-0.0734988284162377,0.60805039807352,0.697170612965208,14,7.205632774343,303273.299804622,42088.3646588934,1725.62
"SW3-6305",0.0210484900249145,1.22255604634478,1.18146625020457,7.6,3.64614054569442,658727.431090994,180664.300466656,3814.83
"SW3-6309",-0.0149023297290608,1.01041191343603,1.03151647538545,6.8,3.27244765869301,1015826.63020661,310417.991715815,6708.14
"SW3-6311",0.561655485610988,3.73254845370941,3.13448549584014,8.5,4.71956463745154,454781648.272101,96360932.2485459,151504
"SW3-6315",-0.0501807794050591,2.8440057028775,3.12422357647358,26,6.87087546683366,2542616.66089186,370057.159843066,4514.98
"SW3-6318",-0.0135015614252136,2.81904549469932,2.84865899054429,8,2.23135752736925,484321.469201683,217052.383251506,6022.71
"SW3-6319",0.0363406283527793,1.95644965320894,1.90724879924031,8.8,3.1611732041212,486593.744472175,153928.213689084,3694.05
"SW3-6320",-0.0929157955278463,0.822115526336828,0.917720656915033,14.7,6.24181985687837,1727542.16146682,276768.987423292,5443.39
"SW3-6321",-0.149892951221463,1.19018982756925,1.3369148150114,6.3,2.12791784023041,257756.796005287,121130.990648294,2983.94
"SW3-6322",-0.0060948069754222,1.95562171918455,1.96751969266567,7.6,2.58653955508275,809208.919896479,312853.873936055,4396.42
"SW3-6326",-0.162080432465153,1.44215528216302,1.63240707666887,6.5,1.97258391130917,102625.356614543,52025.8509796082,3147.4
"SW3-6327",-0.00116758400269103,1.16188736497117,1.16341701173018,6.6,3.07489063866201,3751212.90830862,1219950.02395952,8590.08
"SW3-6328",-0.18166263918775,1.5484735147652,1.76771875120168,21.3,6.10700487319649,3902802.13610611,639069.75958631,7650.52
"SW3-6330",-0.176656420984869,1.8197211664891,2.04314693185865,13,3.2811174595269,163415.734040063,49804.9021578232,2255.39
"SW3-6331",-0.044509694395096,0.777206905086775,0.827262914106089,10.5,5.32639866869887,136459.012833403,25619.3764907833,1549.51
"SW3-6332",0.118891599486965,2.70389461037736,2.47978701675718,24,8.43197666358842,43744318.676156,5187907.93919722,31820.3
"SW3-6420",-0.168190885949066,1.068812338977,1.23151358574927,8.3,2.7803198837631,88507.5796720781,31833.5959070598,1536.38
"SW3-6421",0.108905973021688,1.86273109884152,1.76109722277356,12.4,5.68724018122117,192489.443074954,33845.8438436518,1464.2
"SW3-6424",-0.000387582051700758,0.748820825538404,0.749799641246397,6,3.35107449055111,41977.2285029391,12526.4981788082,884.923
"SW3-6425",-0.179604690195891,1.04469797309106,1.23318970492165,10.4,3.31676188233683,139688.752373419,42116.0026944718,1797.77
"SW3-6426",-0.0143604478602413,1.76265790454629,1.78311770284192,11,3.87682302426308,2324117.65071832,599490.262045195,8584.53
"SW3-6427",-0.15435219262948,1.06249366575074,1.40873126301325,10.5,3.51215949170418,258874.728427223,73708.1357036012,2572.6
"SW3-6428",0.0401456546274007,1.59124202265361,1.54411861165137,6.5,2.83234510662276,2531650.10600461,893835.323981159,23302
"SW3-6429",0.0917600316908589,1.70906983556035,1.53523884709441,2.5,1.17776250707668,1619876.54993732,1375384.71483356,16554.3
"SW3-6430",0.0171540406441558,3.19131784574364,3.12751041767563,1.9,0.525117618122617,86194.1822489561,164142.621146696,4488.87
"SW3-6559",0.334568791678219,3.0709628584478,2.57232815468395,16,6.5574942108736,78207935.3156244,11926497.043023,35420.8
"SW3-6590",-0.0402314996523211,0.905333519361318,0.98016390609838,5,2.32857725907533,215795.526935176,92672.6936347679,2384.8
"SW3-6591",0.0254285598439165,0.735289001189946,0.706243628620881,8.5,5.17846254789434,127393.189971548,24600.5815033554,1268.35
"SW3-6593",-0.0249222930578262,0.86411701775316,0.919401268529669,8,3.99006553641563,365721.037401275,91657.9023736564,2893.76
"SW3-6594",-0.088169409491331,1.31860457969857,1.44659950345384,4.4,1.69917611086984,175165.60392089,103088.551445806,3197.44
"SW3-6596",-0.026891712029766,0.725833190278079,0.744742675151555,14.2,7.53109210813723,151390.904078182,20102.1182458526,1106.40246893
