"","Id","vannlnr","vannlnr2","1995.pred_1995","1995.var_1995","1980.pred_1980","1980.var_1980"
"0",0,3562,3562,211.19583483255,1603.64928656222,343.693290226034,9183.41964080165
"1",0,3608,3608,218.055986889111,1500.58216420613,346.076507594791,8593.19617036534
"2",0,316,316,153.438891718154,358.477431671544,266.135406809981,2052.84500909061
"3",0,133,133,189.285652250017,1125.70308702204,304.210307782717,6446.43087663418
"4",0,3494,3494,206.755941900406,1291.2730763731,349.440876624089,7394.57098197279
"5",0,3454,3454,208.193578088486,841.5790009813,359.441954572111,4819.36424812226
"6",0,3344,3344,154.552560331244,1591.32700765558,278.586475589066,9112.85217882243
"7",0,3438,3438,209.197837851586,292.814254347432,365.296324446513,1676.82048447678
"8",0,323,323,126.080788265265,642.083022011811,226.513006161361,3676.93295255804
"9",0,3415,3415,183.770189331078,1121.90953397277,312.738813110696,6424.69450362173
"10",0,295,295,162.814133976489,1343.28169951657,269.814580605634,7692.40315776703
"11",0,297,297,114.445870810668,1071.84049046192,198.316697964274,6137.97601710451
"12",0,5509,5509,101.485295889119,1094.32366575047,175.972058775306,6266.72176848356
"13",0,3208,3208,122.255078407136,1546.45742364415,229.711856206406,8855.90742042641
"14",0,3446,3446,191.13625818881,1337.23058907948,313.304800537373,7657.7511992476
"15",0,3268,3268,130.007556338718,1609.25342491097,235.591738102997,9215.51210729021
"16",0,3184,3184,117.889530931045,1398.32412471634,219.94492062334,8007.60704564213
"17",0,315,315,100.435514457769,740.427410277098,182.210813505799,4240.11290453194
"18",0,3107,3107,104.230645350348,1440.85511895211,185.480972764817,8251.16406460192
"19",0,3067,3067,98.5268055667541,1670.19693198117,175.537695443394,9564.50634004431
"20",0,3067,4141,81.2393767271271,901.51214817544,150.153272219732,5162.57739477181
"21",0,4404,4404,99.9224038799707,970.682571824367,181.201838331543,5558.68653162043
"22",0,4298,4298,94.4235722973941,773.128002301702,172.643761861902,4427.38060514143
"23",0,4725,4725,67.172714734201,1071.00003030542,126.906938620182,6133.16553519499
"24",0,3981,3981,68.5692887539822,1068.80119245715,129.263135971124,6120.57338825884
"25",0,3943,3943,66.087152275573,1262.54582572272,124.751826569972,7230.06323159873
"26",0,141,141,67.1316454852843,506.615732866805,126.614351724841,2901.17166961412
"27",0,5505,5505,109.105523743339,1382.73878626305,190.143213442363,7918.35158892824
"28",0,5168,5168,91.6432630476419,1203.63031852465,161.793767549824,6892.67872193311
"29",0,300,300,89.502472750047,1241.8151922071,158.881302264501,7111.34870701187
"30",0,4313,4313,89.4018135356207,883.11343893893,168.001088810463,5057.21357493214
"31",0,4332,4332,96.9144348900106,1594.63744458453,189.645321125244,9131.81165340216
"32",0,371,371,92.1396006262451,1512.18549194682,174.699847928319,8659.6418340283
"33",0,194,194,40.3605360563185,710.126476371075,75.2296174189053,4066.5958444927
"34",0,4448,4448,41.3264224580749,1225.65425118561,80.5264699452962,7018.8010349357
"35",0,3723,33723,40.3409287740644,621.262478644319,75.6851290005895,3557.70446910566
"36",0,257,257,34.7983299388683,1127.24515191607,63.7124508088672,6455.2529744796
"37",0,118,118,56.4521482294377,1324.62810604723,107.176932229589,7585.58551937376
"38",0,3954,3954,68.466309217276,1425.72957559055,127.893678857355,8164.5462724723
"39",0,3934,3934,68.9348409433631,1459.43250860068,127.727282644466,8357.5499618866
"40",0,4041,4041,66.2026700507684,911.133012940346,123.412131275263,5217.67242590438
"41",0,4119,4119,80.9191758065125,1455.02704011454,147.897077014148,8332.32230493176
"42",0,4083,4083,80.9542208781891,1664.67866462888,148.143997434854,9532.91125826402
"43",0,4055,4055,79.2154140388722,1633.11691584449,144.701220913359,9352.16788832127
"44",0,4091,4091,82.1772237261014,1601.53699496046,150.311896349925,9171.31539869408
"45",0,368,4267,93.6752349692624,1041.10455326817,172.569453370164,5961.96129037003
"46",0,3921,3921,71.1437798518903,1158.52513929496,129.908878342419,6634.38065165288
"47",0,3866,3866,67.8737672987784,1227.69737753573,124.254357643381,7030.49958266553
"48",0,3834,3834,65.9966048230764,1458.10877222661,121.227376422027,8349.96659136056
"49",0,3794,3794,64.0632552848458,1571.34528250732,118.676835609985,8998.4235977293
"50",0,3661,3661,53.2297467701132,1216.93913737146,97.668667963025,6968.89663653034
"51",0,3803,3803,64.3221797207312,1491.02154971746,117.945106980938,8538.44539924343
"52",0,205,235,21.3602867759963,1311.21019034026,43.9970989072444,7508.74672940048
"53",0,237,237,60.6105550881321,307.1544906483,112.577482705213,1758.94335709844
"54",0,3640,3640,49.5964011842402,1239.97750153648,89.9444256646518,7100.82815201934
"55",0,3421,33421,28.7624794175799,678.462724555506,50.7286693752224,3885.26940398277
"56",0,3453,33453,29.7969918649067,1540.10308624623,50.8905966876018,8819.51793699576
"57",0,282,282,41.5005659517036,1221.93789959774,71.315075131811,6997.52005854707
"58",0,2316,32316,13.142753716755,905.792675323718,28.7098581732706,5187.08683498887
"59",0,2251,32251,14.7062717462381,1341.84460667355,30.2525490557823,7684.17944666273
"60",0,3733,33733,30.3811101324487,1357.41412880061,49.7005490331643,7773.33356572912
"61",0,3494,33494,31.7926684003899,1501.75013414309,52.2963784909862,8599.88598418117
"62",0,3424,33424,28.2476136514868,1255.11427273948,46.6396507248847,7187.51165711822
"63",0,3329,33329,19.0468642601839,1543.12903921003,36.5063234164122,8836.84368303212
"64",0,2262,32262,19.0335322444338,1537.64725530919,35.717977811201,8805.45063503549
"65",0,1363,1363,13.3013057946916,720.012978213936,32.2883512629273,4123.20639170327
"66",0,1354,1354,13.1256263550211,417.608242368783,31.9183320265638,2391.46604932741
"67",0,125,125,19.8877724291942,412.92626514136,38.2405396502819,2364.64651117568
"68",0,5719,35719,17.044996641535,881.164833544439,34.0103252299954,5046.06018835985
"69",0,3252,33252,18.0623047664521,1236.82912704973,37.2344100632636,7082.79627699508
"70",0,3273,33273,19.9081738420886,1543.50069506648,39.4569226535995,8838.97302516755
"71",0,1344,1344,17.4892054435035,1317.90345052756,35.9514711184221,7547.0738531872
"72",0,1348,1348,15.4958944115217,436.321275096656,33.0040295940964,2498.63292904511
"73",0,5667,35667,11.5330986858114,1433.16748595582,29.289251814189,8207.1462121481
"74",0,5827,35827,12.2386921265588,1016.37102600382,30.9477826699132,5820.3220768068
"75",0,4269,34269,6.67799456162493,302.451298864871,17.8233847663039,1732.01011641458
"76",0,2131,32131,13.3236616384685,1606.04938429781,29.7261115681946,9197.16247445911
"77",0,2121,32121,9.03408079911742,823.401681846116,22.6861054002748,4715.26829910711
"78",0,5401,35401,8.95152241956174,1645.80615067618,24.2349711284169,9424.83508031174
"79",0,286,286,34.2772324303246,1145.52315908743,62.4352095192938,6559.92431931123
"80",0,169,169,6.83316818749958,903.858592523111,16.5124486744787,5176.01373615482
"81",0,4656,34656,5.65869978622976,1275.78673670372,11.6196301996617,7305.89813114166
"82",0,4676,34676,5.11081974342008,1583.89683183781,12.1970331935452,9070.30990215153
"83",0,4528,34528,4.79979967212748,1484.81924606974,12.5529552457482,8502.93351520906
"84",0,4591,34591,4.91695732867814,1498.69084208432,12.7131504808046,8582.36897450314
"85",0,4704,34704,5.4949745048979,1367.44202019629,13.7883080373085,7830.76672304309
"86",0,4811,34811,6.02709239057967,1401.42836644244,14.9092417478437,8025.39280826203
"87",0,234,234,5.05996642711247,1391.78238322845,13.046519481059,7970.1517745444
"88",0,2062,32062,4.79147926544053,1590.90682360264,10.3423177864377,9110.45343067248
"89",0,9267,29267,4.95823249179128,1239.93710891712,13.7357260092861,7100.59568949985
"90",0,239,30239,4.8247920873217,1520.96572497243,12.2887656811067,8709.92795825719
"91",0,9185,29185,5.15563782697896,512.066326035238,13.9615964070354,2932.38448211202
"92",0,9273,29273,5.01877141571006,1030.5629944915,14.173751394664,5901.60163128395
"93",0,224,224,5.14398532646541,268.842199123884,14.4387560305362,1539.54810038114
"94",0,360,30360,6.31534317792779,621.410119621735,16.812654514305,3558.54965082987
"95",0,398,30398,6.81491359173094,834.419249375525,18.2083126145658,4778.36217621112
"96",0,9439,29439,5.28358709690062,1199.72278099834,14.4323767975833,6870.30757286132
"97",0,9477,29477,5.25660127110305,1296.93692697726,14.6096796638619,7427.00563853115
"98",0,357,30357,5.95346025646884,117.579013665013,15.9035635081267,673.322224232723
"99",0,2290,32290,9.44995651611319,839.630215053838,22.2515464653727,4808.20947819065
"100",0,2455,32455,9.6578330498466,1612.56460743326,24.4322822250688,9234.4763524712
"101",0,2476,32476,9.43099220518286,1626.08152752189,24.0437951155527,9311.87901284309
"102",0,2560,32560,9.51531422492513,1496.26995959874,24.8807098488269,8568.50264477771
"103",0,270,270,9.97876130560132,1390.60422309578,25.8336553761612,7963.39956057128
"104",0,2215,32215,9.57214937329934,1651.20059868801,23.0884856437067,9455.72696227736
"105",0,2593,32593,15.4535574537601,1187.86271701298,36.5812854565149,6802.38980091344
"106",0,2264,32264,11.3079814746359,1249.83030098512,26.1639609590792,7157.25269396058
"107",0,2557,32557,18.2165995665058,1140.07103956587,39.9343923189657,6528.70264074669
"108",0,2409,32409,16.3823604776355,1521.61659811539,34.0285788168793,8713.65526302101
"109",0,2569,32569,28.622711053066,1476.11796688603,49.6865997635871,8453.10295216772
"110",0,2648,32648,29.797819136949,1251.61264642244,52.8830084055088,7167.45581242469
"111",0,240,240,32.0284713849016,1466.78354992858,54.8729932372095,8399.64715142694
"112",0,2975,32975,17.977454816624,1590.98546501382,44.0423649775314,9110.89909532272
"113",0,637,637,19.4193617463995,1536.49838281584,47.1000813325608,8798.87397321001
"114",0,267,267,15.6243061869303,1080.15921663781,37.1134518543284,6185.61248182694
"115",0,4574,4574,57.6921182372788,1633.69927791623,109.620660894528,9355.50270201353
"116",0,4658,4658,59.8136481093257,1461.35740122928,113.636052177125,8368.57745460179
"117",0,254,254,48.0939990685973,646.209028998136,93.8941147877925,3700.56367599965
"118",0,4984,4984,75.5522419476526,1505.86227389074,136.869705490497,8623.43690073659
"119",0,117,117,74.0494535479581,1484.97831877641,135.229411092002,8503.84139922358
"120",0,4483,4483,37.5233026507323,1440.95756524242,77.6872730633953,8251.74812270509
"121",0,4559,4559,38.9432668076535,1397.53031154056,81.7231137414846,8003.061441413
"122",0,4449,4449,34.0472506325151,1605.79088126949,72.3277943363989,9195.681380669
"123",0,3180,33180,24.923210128718,1262.29826477968,58.3705804113874,7228.64964294238
"124",0,4456,4456,30.7478967302939,1299.49763974807,69.7435362642631,7441.67325387388
"125",0,6990,6990,32.3458710315777,1445.84984976916,72.965134657429,8279.76632265413
"126",0,6957,6957,29.4686433517678,1395.29534505068,69.3820360148999,7990.26658421352
"127",0,526,526,25.0148669474549,886.921129165093,63.1536517052037,5079.0189820984
"128",0,528,528,23.4726186317885,1252.25457175333,61.0009847685883,7171.13222125655
"129",0,3196,33196,22.9769603645213,1090.83067481215,56.6628276469709,6246.72262529973
"130",0,3098,33098,16.9678834247152,1368.55673944033,44.2247374389259,7837.14426959725
"131",0,3160,33160,17.9909600103799,1461.14126401238,46.9846893857354,8367.33489337199
"132",0,613,613,18.927245380787,1484.85872481268,52.4221072289006,8503.15560156929
"133",0,614,614,18.8637153795057,1362.31166482028,52.5030813854019,7801.3792468013
"134",0,568,568,10.9564337355707,818.42949814096,31.6853952836587,4686.80401552509
"135",0,3063,33063,13.5639912824938,1171.34619236422,37.0814016508227,6707.79781540106
"136",0,2848,32848,9.06053590199866,1018.03691776976,25.5303063495091,5829.86898819855
"137",0,499,30499,8.45655556368143,1400.64270657333,23.1914850112132,8020.88817667856
"138",0,2999,32999,10.9806924563183,490.988953156533,30.9519893733585,2811.68328921499
"139",0,714,30714,8.3117263339405,1657.93748092058,23.8618428941913,9494.30442290657
"140",0,538,30538,7.11530014798765,1466.03418850036,20.0415788174059,8395.35665355502
"141",0,566,30566,7.26043935497987,1530.04634951664,20.5087146856379,8761.9288733267
"142",0,688,30688,7.96514314439429,1561.92159649803,22.4901699345779,8944.46664620631
"143",0,831,30831,8.66940103096516,1495.97272865996,24.6883472347998,8566.79742846655
"144",0,584,30584,8.47193613418978,1246.80459598506,23.9613233012736,7139.9240281223
"145",0,570,570,10.0935189098955,1183.6611416532,29.1737331859462,6778.32813795302
"146",0,582,582,7.84142641353506,1520.17048785544,22.1425899619991,8705.37086055845
"147",0,146,146,9.69687552667358,481.122577513252,25.9743990865608,2755.18484466146
"148",0,517,517,7.05470350370535,1492.40712546312,19.8466585931017,8546.38330810053
"149",0,1573,1573,7.18815625714089,1125.68101336737,20.2512508680118,6446.30143669808
"150",0,6340,6340,105.768136897521,1417.35934034831,183.621734839248,8116.61808357782
"151",0,6269,6269,92.9059640749315,1341.70885769827,162.8170893739,7683.39507360732
"152",0,6384,6384,110.889186079768,1458.95253473298,191.78334181484,8354.80247097153
"153",0,398,398,76.7053768760846,1444.69217018999,135.84370999107,8273.14251678028
"154",0,7210,7210,40.9333678702025,1377.76365038391,85.0200576798767,7889.87237415893
"155",0,7277,7277,48.0875178733896,921.279786924109,95.0896997681084,5275.78074964738
"156",0,522,522,76.7994730904389,1035.50712304492,137.20176177579,5929.91282202459
"157",0,7275,7275,33.4004151564074,1455.48647715677,73.246236924775,8334.95265597307
"158",0,6778,16778,14.9975994508727,1012.39206204664,45.184245740168,5797.54247453663
"159",0,7033,17033,19.6129251915523,957.693425177201,53.8944046389164,5484.30246783332
"160",0,7048,17048,13.682410739068,1479.64171091423,41.3275222181535,8473.27597241664
"161",0,6752,16752,14.058174931312,1333.90517744956,42.8362550735865,7638.71159252728
"162",0,6699,16699,15.1177639948753,1078.64367211145,45.6108642457264,6176.94164096604
"163",0,6848,16848,13.6430180137268,1396.46372506142,41.6532694855346,7996.95791828491
"164",0,6340,16340,13.2815512692742,1442.92504300418,40.4783708124904,8263.02413242425
"165",0,6098,16098,17.2724067663458,1369.57613891782,49.3410441447102,7842.98478638491
"166",0,6183,16183,14.5987429604573,1389.54922181318,43.4300946244612,7957.35995323468
"167",0,5789,15789,8.87223551018565,1161.48280183224,25.4633608190632,6651.32147624351
"168",0,533,533,12.3110246055849,1327.61217993479,36.6086313520377,7602.67193485293
"169",0,571,571,11.5183208967608,1089.27195059273,33.8207485109585,6237.79636175903
"170",0,532,532,11.8526182191838,1085.52260522395,34.8976617621114,6216.33189563296
"171",0,6831,16831,12.6590361170891,1566.94268057512,39.1458493173163,8973.2145402249
"172",0,6803,16803,11.2249328828894,1639.35006037959,35.2538817722932,9387.86617390256
"173",0,5896,15896,7.95701445963971,1629.20148537326,23.593365818869,9329.74258062216
"174",0,6403,16403,9.221262672362,1065.8411873496,27.8857776226296,6103.61760297016
"175",0,413,413,10.1532529217356,1418.64445671288,32.0728705544525,8123.9717433048
"176",0,6670,16670,9.17359841715631,792.954047821784,25.2149193314998,4540.91827891297
"177",0,6561,16561,8.96399426935568,885.795594475059,24.9527785932291,5072.57866222562
"178",0,6358,16358,8.38846924503764,1368.20810299912,24.2260896195643,7835.14543819301
"179",0,6602,16602,8.98280706387357,997.780044005357,24.9644071663193,5713.86432522447
"180",0,389,389,9.65239022203644,1105.70431261221,30.0058936632933,6331.8973074045
"181",0,392,392,9.47463059811696,736.716812266081,25.9395492321878,4218.86553240597
"182",0,553,553,9.61281322145294,374.594436708793,26.0815557337743,2145.15584649797
"183",0,8142,18142,31.8133916977424,1581.910154461,68.2117734439303,9058.92744937753
"184",0,546,546,38.6210765279718,864.049801587878,79.0598948093138,4948.04297505767
"185",0,7387,7387,50.9402107583947,840.18712897987,98.3355793635968,4811.39592528135
"186",0,521,521,41.6843778813624,630.848363750771,84.9869143091755,3612.59960829474
"187",0,5310,5310,82.3819367525663,1479.06520085597,145.879148450078,8469.97884598927
"188",0,6127,6127,85.0898979501299,885.437925234724,150.903007045643,5070.53022610661
"189",0,6212,6212,99.1875153148539,318.975761611085,174.016577670668,1826.63939696905
"190",0,6002,6002,85.2055896778833,1389.6390657621,150.833196805686,7957.87112193278
"191",0,542,542,107.061360294205,306.686357185455,186.129403875767,1756.26491348353
"192",0,6112,6112,71.4276832776145,1506.65573519797,127.696419852863,8627.9809118672
"193",0,402,402,58.1567632056194,1266.27152107917,105.574838267977,7251.39508478822
"194",0,5966,5966,68.1555486535534,1537.12902913035,123.396173433602,8802.48170732433
"195",0,5923,5923,48.9199845951286,994.698593642147,92.7735899025418,5696.21710619347
"196",0,7848,17848,11.1508653223339,1341.25984440866,30.330689955048,7680.82640486407
"197",0,7989,17989,10.8270878156363,1590.36362962043,27.4474874184762,9107.33731109492
"198",0,7694,17694,13.9840140440177,870.766867689564,40.1402964987882,4986.51187786362
"199",0,7543,17543,10.2224092408583,1233.46404424204,31.6582346707767,7063.52894037579
"200",0,7554,17554,25.0620750837848,1551.32780954614,60.392690908894,8883.79834083655
"201",0,7451,17451,11.9993125670497,904.351683338705,36.5558839160125,5178.84035885648
"202",0,7527,17527,23.0682518867578,1558.97107444213,57.1497019470406,8927.57113967772
"203",0,8187,18187,13.2762924877897,1166.72964920686,33.2554332867752,6681.36771836104
"204",0,8162,18162,13.6896618354955,975.31115061188,35.1004863704603,5585.19063999717
"205",0,7354,17354,18.9550998256734,1391.09968932085,51.0099877131488,7966.23493097835
"206",0,7929,17929,12.1720071857949,149.227389193206,35.7257542732971,854.563940680763
"207",0,8445,18445,12.8366101705357,1559.4413443893,29.2625922417531,8930.26452340033
"208",0,7681,17681,25.9504080148068,1641.54309433183,60.8493967885097,9400.41894144723
"209",0,417,417,11.3014284073794,1532.14085279345,28.7117062091927,8773.92060731547
"210",0,395,395,10.6061342818194,1322.02999328017,27.3518730067361,7570.71032782266
"211",0,6735,6735,192.895295542985,376.470423712233,314.751054743836,2155.88673050046
"212",0,6417,6417,113.714832250287,1461.10106984198,196.405334294263,8367.10935865492
"213",0,6253,6253,78.9902818481054,1538.87063672491,139.210070999514,8812.45942319441
"214",0,2683,12683,54.2578891632361,1423.43983676454,97.6869862403335,8151.44136302019
"215",0,2658,12658,55.4146396671578,1361.82254957051,100.048396076169,7798.57881245632
"216",0,33,33,56.8521514188721,1379.98362121814,101.557853624095,7902.58497786237
"217",0,5834,5834,146.560350126657,1560.72234273413,247.410768361664,8937.5946531955
"218",0,1,1,87.1478282674357,1090.39072351879,152.844753795834,6244.20601198974
"219",0,7954,7954,166.641186907788,1373.28541534122,293.920173374276,7864.22091554029
"220",0,8356,8356,165.022243535837,1470.60028004639,305.581789810455,8421.50131038153
"221",0,8466,8466,164.419206696554,1407.27072005599,307.241841531133,8058.84524427304
"222",0,1260,1260,182.472180677078,930.988530135382,343.991492520156,5331.37841010193
"223",0,5159,15159,107.077486826682,1205.73828991874,190.09584129753,6904.7507991528
"224",0,5417,15417,133.853779806749,1569.90121991284,240.656220281021,8990.15979626298
"225",0,5053,15053,126.624028381107,1505.6882859373,224.607625815701,8622.4375785707
"226",0,7669,7669,143.575049618262,1643.81385814775,259.197531831523,9413.42397259756
"227",0,4803,14803,117.964211521906,1428.10578688967,207.747747366718,8178.15601550861
"228",0,6690,6690,139.697793963774,1589.44592846886,247.012044138687,9102.08432322324
"229",0,5182,15182,92.7787302163184,888.696029664105,162.634224243952,5089.18285106298
"230",0,5096,15096,96.4110150524332,1017.28125294749,169.371662448609,5825.54178666699
"231",0,1245,1245,80.8229648237217,1356.64705987071,139.541278442023,7768.94098481599
"232",0,4733,14733,118.603590153182,1217.42026102447,208.196051975068,6971.65346392531
"233",0,6630,6630,119.913886626081,1226.76163285323,210.600055467328,7025.14026511503
"234",0,6622,6622,129.852234046703,1290.26832950631,228.144381732587,7388.81788783241
"235",0,6447,6447,105.044973835045,940.234949126438,183.716293362379,5384.33167205448
"236",0,1837,11837,25.034313061482,1639.45152549655,48.6861477178926,9388.44506815042
"237",0,2242,12242,36.4933208580478,1452.16243688042,67.9196321991956,8315.91260043563
"238",0,1900,11900,24.7939358628563,1672.86616278724,47.5511100097876,9579.79368853299
"239",0,1876,11876,26.2179981531252,1681.84875138471,50.8288252615326,9631.23241315128
"240",0,8378,18378,13.5885904336447,1579.83348059191,30.9636870041185,9047.03959003764
"241",0,2580,12580,29.112516375274,1476.39380048563,50.4473748908359,8454.67989204471
"242",0,2181,12181,27.6484146305702,1665.37148643026,50.9421151915909,9536.87338678968
"243",0,9132,19132,21.0551888092063,1570.03575613167,42.3218254540507,8990.92913659642
"244",0,2026,12026,25.8300424726397,1681.4274453305,48.6455702866533,9628.81668383621
"245",0,8642,18642,15.3828756749506,1473.30195893754,33.4680631682735,8436.97162382895
"246",0,2246,12246,34.3233368235274,1551.26780861675,63.581240431273,8883.44940925948
"247",0,34,34,45.6698339042885,657.172393068899,84.7785310783827,3763.34534305214
"248",0,2602,12602,30.6397091335876,1343.31830014725,52.9763782440482,7692.61363375161
"249",0,2515,12515,29.973416161174,1493.07773273705,52.3944384617968,8550.21956462174
"250",0,3028,13028,47.2979839727077,1090.26064433089,81.539449910799,6243.4626621533
"251",0,2472,12472,31.1062605383673,1345.195930107,55.1149317103376,7703.36984228936
"252",0,35,35,39.6592668507846,1293.39927239509,71.5430400095454,7406.75309414986
"253",0,2670,12670,30.5551257674668,1396.53081109636,52.5076147109467,7997.34283768938
"254",0,3970,13970,62.0439088576856,1514.63711777277,105.452763825687,8673.68629742401
"255",0,2814,12814,30.9715083846173,1329.05913036652,52.9575306705894,7610.95816657967
"256",0,4260,14260,52.7339072991122,1178.47602153274,88.4672918682389,6748.62481383478
"257",0,4048,14048,49.4949523122669,1385.28918025417,83.0211655451101,7932.96670541576
"258",0,4280,14280,52.9739297651944,1155.33925008065,88.8783532829235,6616.13276541504
"259",0,8,8,40.2413337931327,894.95045220872,68.1166806555454,5125.01021374599
"260",0,5436,15436,96.4594599765813,421.578689204391,170.65646311418,2414.19961201254
"261",0,1254,1254,77.2661689522875,1532.13037143017,132.8891166867,8773.86299729603
"262",0,4851,14851,48.4504427022434,1413.65405234078,83.302918386108,8095.39956239883
"263",0,7755,7755,71.4273448571205,1610.78704108833,127.057106322492,9224.29876717714
"264",0,1296,1296,51.0233578129153,952.497551395384,86.5431079285046,5454.55301052803
"265",0,1311,1311,50.0527783113799,1287.77674982624,85.653022340584,7374.55367703734
"266",0,5485,15485,70.5245292338355,1603.45715301094,124.853531345566,9182.31667517627
"267",0,4277,14277,35.4702517631522,1349.79254591618,62.9471785956747,7729.68821308299
"268",0,1312,1312,42.1254948598506,513.964205353842,71.4648211254724,2943.25112966498
"269",0,1293,1293,58.5160073006586,1088.54305734536,98.7787449168082,6233.62661515804
"270",0,3424,13424,36.3227344005212,1451.64919175524,61.3346632663721,8312.98507325408
"271",0,4071,14071,32.5333214988279,1318.14282330925,59.0135349745168,7548.44873498075
"272",0,4019,14019,27.861240987702,1481.30184147474,54.4309218984824,8482.78915792142
"273",0,2881,12881,16.8421313547165,1391.44348589602,39.6732491598091,7968.21323267612
"274",0,1765,11765,14.7185541253102,1575.39536991995,32.0656051378662,9021.61844227084
"275",0,3254,13254,18.3217942366112,951.509539554908,45.7661920877679,5448.89031790936
"276",0,2028,12028,22.9344266228365,298.60605458935,39.5211140703487,1709.99250149272
"277",0,3204,13204,18.9912388173114,1235.88297537149,43.5832474074241,7077.37955768637
"278",0,3206,13206,19.1102867176992,1197.3692906287,36.8532636256631,6856.83157056887
"279",0,4146,14146,31.5677675558931,1389.26010068477,58.1901196573191,7955.70280760608
"280",0,3206,13206,23.6696100361995,1631.96448606471,45.5603065580699,9345.57225644068
"281",0,2831,12831,19.0389040361348,1443.14835916935,39.5085049854941,8264.3023397106
"282",0,9044,19044,17.9516660151069,1184.1612669782,34.59932698698,6781.19025464468
"283",0,2062,12062,22.9905119268745,972.475329185215,40.6276686049071,5568.95411302686
"284",0,3262,13262,31.394990664191,1358.13481462031,53.8330718208392,7777.46061472318
"285",0,1847,11847,18.6163099029285,933.072691276791,34.6990680547901,5343.3136017521
"286",0,78,78,14.9379671810823,1260.4292746357,31.1908464041469,7217.942387902
"287",0,93,93,15.9440780705677,1084.69616001332,32.6496792897171,6211.59408655516
"288",0,89,89,27.2621616594055,1202.42423160566,47.4188468786667,6885.76897185556
"289",0,9,9,18.1920534315476,711.681422996109,36.6102492571093,4075.4947695513
"290",0,1875,1875,20.3744640508804,1147.89588664846,46.4963984609381,6573.52448736701
"291",0,1274,1274,50.1095282766962,408.443166189547,86.0612623824427,2338.97880619934
"292",0,6733,16733,13.5002152633339,1383.22233266189,41.4133919420477,7921.12094199385
"293",0,3451,3451,178.022421474937,1567.09778141815,287.884751146619,8974.10218770438
"294",0,9042,9042,179.11815628201,1089.25496273388,346.459410880447,6237.69765296414
"295",0,1065,10651,209.491511655998,1363.69087173814,460.203320455752,7809.27857263625
"296",0,9096,9096,171.013824448954,1432.09937972917,338.752925713158,8201.02907735625
"297",0,9588,9588,173.633337377617,1603.69925280357,358.382622688551,9183.70383604358
"298",0,9198,9198,170.70356847309,1465.50720930783,340.675491599299,8392.33819939773
"299",0,9183,9183,167.386565131645,1564.24615956525,333.173650644533,8957.78050938148
"300",0,9304,9304,175.776266785217,1528.83372104344,350.712907982087,8754.97654234735
"301",0,1002,10028,199.803785119485,1609.5992030667,420.255639111599,9217.49741264284
"302",0,9864,9864,192.874499016131,1640.53647841149,403.037438071024,9394.65961820432
"303",0,1002,10026,216.160923776885,1498.66332473082,437.330223483967,8582.20615694793
"304",0,9666,9666,146.057735272384,1038.24649945354,295.507657039602,5945.59768098125
"305",0,1072,10729,198.618362575269,1481.53747003984,434.766239904554,8484.14126260591
"306",0,1083,10836,207.279151079885,1574.29952205275,456.372952504994,9015.34331143001
"307",0,1334,1334,162.212783050029,932.267290108766,339.075114575773,5338.7006091514
"308",0,8975,8975,123.941820436968,1456.92104589908,241.68682940759,8343.16883300045
"309",0,8545,8545,123.020562669888,1263.76518122562,235.998920456931,7237.04490101852
"310",0,9234,9234,138.302915907459,1501.1259354849,276.424840918758,8596.31131324402
"311",0,8351,8351,90.5802896142869,1614.34181531939,166.217719565416,9244.65607108146
"312",0,8970,8970,139.620283867259,1453.73438512951,276.50122888469,8324.92425339122
"313",0,8103,8103,107.013090498237,926.840064678895,197.843923890445,5307.61714853809
"314",0,8904,8904,113.263482341981,1337.56880840784,216.25699998695,7659.68974536444
"315",0,1281,1281,100.448351805617,1424.10916965768,186.811857699942,8155.26409160966
"316",0,1083,10834,196.446868224938,1460.51815766042,430.58017658425,8363.76593019813
"317",0,9665,9665,122.946744296271,1584.75743314758,249.593996551351,9075.2302415582
"318",0,1067,10674,183.607450128421,1323.17054567549,399.504020809788,7577.24199711514
"319",0,1326,1326,125.840614411647,919.46930385676,248.664870892911,5265.41271728402
"320",0,9128,9128,105.28391938811,1291.55086953789,199.894989101868,7396.16528073268
"321",0,8044,8044,66.993618600562,1205.98244103837,125.804263301503,6906.15418565593
"322",0,9052,9052,99.6984030635008,1410.17192779045,189.563027025942,8075.45904348572
"323",0,1529,15297,56.3183341614691,1348.21572541621,98.6115460129079,7720.66008103534
"324",0,9257,9257,108.693464343151,1287.24099976641,208.391037473026,7371.48823748375
"325",0,8364,8364,85.7545560596205,1583.10385436687,157.051627410045,9065.76615198154
"326",0,7905,7905,62.7814919112843,975.17247541743,116.020336335803,5584.39965753416
"327",0,1177,1177,75.8957315439164,1168.99861243264,145.234234125706,6694.36234489814
"328",0,1319,1319,95.9015545046334,1322.10598501675,179.823337131264,7571.13959890658
"329",0,1523,15238,50.5493577690037,1253.56424585928,90.2704746537457,7178.62886060359
"330",0,1451,14514,37.1387847474821,1538.49801536741,66.85870074694,8810.3302027261
"331",0,1490,14900,44.1672248694002,1493.64366558782,77.9192739602861,8553.4653961947
"332",0,1446,14468,37.0832155323097,1514.00782146639,66.9510269410207,8670.08453620572
"333",0,1457,14576,40.7409213482328,1375.3973212813,73.1786372492794,7876.31787057754
"334",0,1461,14617,40.9685120324403,1341.87130023864,73.5336414835542,7684.32888657144
"335",0,1493,14939,43.645120137617,1427.89417040291,76.6463398081955,8176.94475770693
"336",0,1519,15199,55.8599118204219,1372.12206610721,97.5242818804613,7857.55931333842
"337",0,1457,14577,37.6250558737529,1627.13733718313,66.9323855313183,9317.92600918871
"338",0,1466,14662,41.5214916163078,1536.40709970149,72.2486110122976,8798.35457645439
"339",0,1319,13190,22.2503538913341,1155.37326267214,51.9908702015618,6616.33166695503
"340",0,1355,13550,33.140681823437,1477.32512289742,67.283143671764,8460.00922610099
"341",0,1427,14270,38.7056826071199,1171.65326693783,70.9722233047515,6709.55977499037
"342",0,2507,25076,44.6683929901102,673.488449287412,80.9411750881732,3856.77964895062
"343",0,2508,25083,45.7952523890297,521.482441931091,83.1653486874997,2986.30728645701
"344",0,1376,13768,24.1492837813177,1355.07284391765,50.8697156281913,7759.92945168612
"345",0,1391,13918,27.7427874540896,1405.65183347461,57.2770831207499,8049.57194471345
"346",0,1412,14120,36.5462438274515,1333.63740335965,68.582345511409,7637.18209451278
"347",0,2448,24487,44.6060995240283,1165.91607835529,82.9513647805904,6676.70777704304
"348",0,1307,13079,19.1504537688529,1084.78514976824,47.3275538332488,6212.11053440998
"349",0,1096,1096,26.8875311857468,1264.40228601471,56.6640396190887,7240.70076693792
"350",0,1071,1071,29.0694399223785,1056.28819260201,61.7571101726075,6048.91741368918
"351",0,1093,1093,28.9580292086772,1324.5305741294,61.0799198253738,7585.02870638875
"352",0,1091,1091,29.3399096977369,1199.05825703379,60.932365598527,6866.49685690166
"353",0,1135,11359,241.879999182391,1353.48802842343,538.718620550706,7750.85503141091
"354",0,1152,11527,251.568053726343,1236.1928718197,553.676518211714,7079.14529179362
"355",0,1164,11649,256.351674458695,1502.41599083207,573.077262591395,8603.70131810309
"356",0,2188,21887,211.895385907773,1492.83375350712,518.330697962428,8548.82752847759
"357",0,2195,21957,233.492003194941,1374.88973246171,564.584656206782,7873.41328845135
"358",0,2195,21953,235.235840758966,1397.69407733681,574.811422053613,8003.99993004629
"359",0,2188,21881,211.742916355819,1300.50303662069,523.528322812999,7447.43084202771
"360",0,2102,21027,147.205289250367,1387.99703315683,341.296795487589,7948.47219239084
"361",0,2078,20785,134.29774852661,1340.68042613338,302.954663290589,7677.50904864973
"362",0,2175,21759,196.115944000921,1130.99804412344,487.3119443133,6476.74383649225
"363",0,2116,21165,150.161596256184,1274.51089776527,347.716684856582,7298.58287039015
"364",0,1128,11283,240.999200573953,1178.5165800173,536.522278896761,6748.85895553611
"365",0,1115,11156,236.085626874228,776.250966202449,524.217699540919,4445.26464249684
"366",0,1108,11088,235.066320773604,184.372698247189,519.934187625126,1055.82048322129
"367",0,1159,11592,257.144990008312,1335.67283991357,565.987511815687,7648.83596714757
"368",0,1126,11266,244.143160156652,702.731014134471,543.660123577992,4024.246619948
"369",0,1142,11429,249.752118154456,1200.47582066708,554.592003141382,6874.61541543036
"370",0,9659,9659,113.431258425441,1259.38626256764,234.422216288431,7211.97484852522
"371",0,9138,9138,96.7127262008409,1341.34910395216,188.421671592818,7681.34004529151
"372",0,9074,9074,94.3433530959689,1400.02190309875,185.978593138191,8017.33070736969
"373",0,1028,10284,144.401121444481,1462.25053135766,310.085775799016,8373.6887057263
"374",0,8578,8578,78.9648049547975,1086.76200020755,151.840162318251,6223.42499162668
"375",0,8972,8972,91.1010822485588,1407.95105403408,180.663117410694,8062.74282977027
"376",0,1164,1164,70.9835965139856,635.96543040579,133.904345824064,3641.90923285641
"377",0,1184,1184,98.05115654726,1390.35592437791,196.861993660601,7961.9783617386
"378",0,1162,1162,78.3902030887297,676.536307921599,150.735081280075,3874.23850641933
"379",0,1166,11667,257.168657863584,1477.80787420147,574.90551237786,8462.77911842005
"380",0,1116,11168,205.595578863793,1577.45822158876,480.164054673075,9033.43444229633
"381",0,1146,11467,228.077167004705,1489.09151236149,535.580849100695,8527.40147105561
"382",0,1138,11388,218.642242469365,1553.17256912052,516.568119652334,8894.36312323674
"383",0,1013,10136,126.049048201666,983.884447567917,266.967037905564,5634.29072597802
"384",0,1000,10008,127.860244418627,1231.40816338199,270.277788817964,7051.75056846884
"385",0,1020,10205,136.075174964963,1388.59162133972,290.496301508013,7951.87489989376
"386",0,1109,11099,200.838373004425,1628.31262568461,467.507063492812,9324.65340697904
"387",0,9288,9288,100.010651342868,1230.78837934616,203.317643992057,7048.20347392504
"388",0,1075,10751,162.85466734208,1338.13190763856,372.044923252605,7662.91289248454
"389",0,9287,9287,99.6180245368629,1279.49383162419,202.052330218165,7327.11987498315
"390",0,1395,1395,170.802080817133,1406.33519362685,399.379536278755,8053.48701193973
"391",0,2064,20641,116.890445897005,880.581872731674,249.667105826475,5042.71379612727
"392",0,2004,20040,104.99010678986,1481.17239102811,219.734380258828,8482.04889039183
"393",0,1993,19932,107.077630770825,1501.44689205077,225.222366466579,8598.14828425874
"394",0,1950,19504,94.5808561682332,1534.46653027499,192.931377170191,8787.24183573545
"395",0,2057,20576,133.106330686612,1461.63991656043,300.192347742229,8370.19358984956
"396",0,2572,25727,66.9207225478035,1552.73566023065,127.803659100144,8891.85883220114
"397",0,1939,19393,88.962443385033,1571.03660582704,179.425401291924,8996.65988931518
"398",0,2015,20159,97.6867491336932,1418.28195262832,198.866824887697,8121.90007709772
"399",0,2000,20008,113.758663965266,1318.33350377182,243.115652086209,7549.53820104128
"400",0,1974,19748,105.825728966571,1414.37331902826,221.304597625516,8099.52053403307
"401",0,2002,20020,107.634578234428,1467.35945380529,226.862346989967,8402.94200774144
"402",0,1989,19891,91.0225203432485,1563.87469099773,183.223387488005,8955.65299956759
"403",0,1432,1432,119.425682755722,617.469155622837,256.053854293166,3535.98687047859
"404",0,7914,7914,69.0152675155569,1512.42802547154,131.387527364464,8661.03291505028
"405",0,1930,19305,77.5515391372458,1530.3180527854,152.428345557806,8763.48794489329
"406",0,2086,20861,127.384492646691,724.07855578168,278.806723726542,4146.49347820434
"407",0,2069,20691,119.890387647992,868.115350034134,258.808162345312,4971.32984602788
"408",0,1406,1406,88.6093792431518,1420.30910313101,177.024446805731,8133.5080011902
"409",0,1407,1407,84.6592243972065,1536.87195398574,167.405372074438,8801.01744584014
"410",0,1411,1411,88.052938084217,1336.62732370973,177.291131354073,7654.30256120178
"411",0,1423,1423,128.794700294938,1352.5240046268,287.330620718122,7745.32756690519
"412",0,1983,19834,103.747513228139,1434.098709286,216.367872318401,8212.47305564646
"413",0,1535,1535,186.676728300462,1417.4386180228,463.821014645183,8117.07000605356
"414",0,1970,19707,157.612264816219,1067.97216230979,365.956129866092,6115.81746820759
"415",0,2508,2508,170.950099860235,1247.27639374777,409.818626136435,7142.62469864863
"416",0,2143,21432,179.848019362801,1458.90242614674,443.333057278496,8354.51261767071
"417",0,2152,21529,186.896625265004,1313.45548815733,464.762079801256,7521.59953132917
"418",0,2109,21092,168.937877726439,1623.15209459459,410.429090412864,9295.09925872351
"419",0,2098,20986,159.373970117332,1576.59447651342,380.858074864338,9028.48365149195
"420",0,2068,20686,165.852199663949,1541.26618686434,399.827988079408,8826.1797475345
"421",0,2024,20242,128.277425761582,1401.65779520091,284.69815351385,8026.70667670354
"422",0,2025,20251,151.718885291615,1307.43429262451,353.388340930064,7487.11838592805
"423",0,2048,20487,134.716608801396,1526.81932472879,304.815699859512,8743.44515463387
"424",0,2042,20425,134.025121527837,1483.83917199128,302.392980434673,8497.32113323539
"425",0,2045,20451,163.776772064192,1422.89306283183,392.076692225273,8148.30467436801
"426",0,2029,20292,120.428801506227,1455.37886205757,262.720221280836,8334.34026906791
"427",0,2069,20694,181.179204719436,1241.18860173377,448.087969779522,7107.76172885083
"428",0,2054,20545,178.761978322822,1199.83797447663,440.241341406871,6870.96311197809
"429",0,1526,1526,140.395764181485,744.886255213055,320.556323812958,4265.64418712773
"430",0,2007,20070,145.764168079069,951.033517101957,333.762509322605,5446.16523561968
"431",0,2104,21042,195.248559513049,722.090267847211,490.454890572903,4135.10089299887
"432",0,2009,20096,192.119276949921,1315.43383333568,484.289934813374,7532.93634956288
"433",0,2035,20353,181.810349617173,1408.80593717309,449.826905448765,8067.63913978258
"434",0,1977,19772,109.263436417195,1361.8484501806,230.265980653465,7798.72322875105
"435",0,1991,19912,129.529582110379,739.131755182026,283.914887689546,4232.69295986058
"436",0,1988,19882,128.887053560759,748.818223682287,282.018245277128,4288.16323810899
"437",0,2018,20180,156.103733802158,1278.65609989574,366.268099753291,7322.32213318584
"438",0,1956,19566,104.867882886802,1323.8126531546,218.207521872312,7580.91519682282
"439",0,2026,20262,175.637919541492,1441.37921229391,429.239023646485,8254.16867955557
"440",0,1993,19930,145.317265153475,863.622496147822,330.499444489458,4945.59979939102
"441",0,1961,19615,105.080301164468,1324.10547516008,218.811739442682,7582.58661395083
"442",0,1988,19887,169.892294615314,1416.77556500993,407.544177284406,8113.27639082039
"443",0,2561,25619,122.260548049686,1427.44838069886,263.391392511061,8174.38883708557
"444",0,2539,25392,56.3510964693909,973.667033366444,105.355604601495,5575.77460021964
"445",0,2540,25406,64.6929990908373,1011.08912179302,124.041065677906,5790.07783847814
"446",0,2527,25271,66.5688586428036,822.056765576172,128.492640205402,4707.56593595163
"447",0,1956,19569,138.340573336592,517.197909588236,305.874134840201,2961.77164496743
"448",0,2523,25237,52.8670822822401,520.157007408985,98.0177427047215,2978.72018782721
"449",0,1950,19501,154.40771076996,1077.22883474291,353.885028640031,6168.83019437849
"450",0,2526,25267,63.2908093396751,775.471444319411,121.096675191151,4440.8001961623
"451",0,2311,23119,140.449408158924,1253.45417507016,312.567257144564,7178.00367977983
"452",0,2529,25296,64.4289554442336,833.655702088323,123.645416650793,4773.99695946692
"453",0,2552,25524,108.074810626704,1509.80240117015,227.153751922291,8645.9927596076
"454",0,2555,25559,112.683577732971,1482.53896965096,238.765197159604,8489.86896329436
"455",0,1934,19345,112.640547410381,1177.10835241744,237.687728410386,6740.79900898518
"456",0,1668,1668,140.243619782424,624.436061359958,311.725128078075,3575.88109411948
"457",0,1679,1679,167.399484808644,1456.87611074336,387.171791897933,8342.91575985156
"458",0,2520,25208,86.8985786404838,1301.0475050471,175.307227854595,7450.54441321861
"459",0,2488,24888,109.778619229271,1580.8901825967,227.777980020341,9053.09095606662
"460",0,2460,24607,55.6513595976614,1003.85007081957,104.553916274542,5748.6231173976
"461",0,2443,24435,77.3484867769202,1352.88546808857,150.017535754,7747.40430622766
"462",0,2490,24907,64.0233247853565,829.525731255702,122.491995825901,4750.34550662494
"463",0,2504,25040,46.4519572235539,293.164136772592,84.5016953096211,1678.82473033638
"464",0,2551,25518,130.981645514107,1528.21826072707,286.515989155092,8751.45768992044
"465",0,2381,23811,33.6504183354189,1325.81686260494,67.7758891735374,7592.39699888831
"466",0,2393,23931,108.077590789114,1047.08791244368,212.372371518829,5996.22811298636
"467",0,1853,1853,47.6963007468842,1512.17241533866,90.7935145670089,8659.57412477638
"468",0,2354,23544,53.1618446729445,1037.6742276248,99.5391449179488,5942.31949246287
"469",0,2349,23497,74.6659723643306,1338.14466762672,148.277724147966,7662.98607727613
"470",0,2338,23382,45.1291612977927,454.467445328519,82.3249157984672,2602.53969673336
"471",0,2022,2022,43.5054032115673,431.245463051,79.2185584832518,2469.56485942318
"472",0,2270,22704,196.229778032318,1545.86946606619,500.405104573133,8852.53902351915
"473",0,2282,22827,183.361406258441,1513.42199445124,435.595705380592,8666.72375657155
"474",0,2279,22797,201.632045314776,1574.72274283187,511.933665050765,9017.77012806386
"475",0,2288,22880,208.812187824996,1419.90117338589,529.667120099401,8131.1744175469
"476",0,2289,22892,211.048697804032,1471.88159333614,543.462223543184,8428.83884953912
"477",0,2291,22913,214.36997819948,1465.44057249397,564.804143351659,8391.95261084361
"478",0,2035,2035,162.365824655441,1308.5296705106,378.43754784586,7493.39921073619
"479",0,2034,2034,121.847485011736,660.508458966569,250.141639134607,3782.45488455119
"480",0,2678,26786,146.398954616483,836.111204666397,392.072375280319,4788.06200752279
"481",0,2677,26777,124.293775832608,1456.66721043449,305.680440591701,8341.71509303149
"482",0,2693,26930,143.609687191676,1447.42426874461,383.580704136889,8288.78354133407
"483",0,2662,26625,132.127839293083,1083.25234073997,333.761863335834,6203.32697539855
"484",0,2339,23395,80.8366476239867,1479.19150256598,165.700187304455,8470.7045760806
"485",0,2337,23377,59.2242047206409,935.809073005255,114.042277996767,5358.98249912343
"486",0,2251,22519,181.917396151003,1591.94222905661,470.062856870453,9116.37887190564
"487",0,2251,22511,183.386322731518,1580.12744293758,480.326592637181,9048.72435228572
"488",0,1476,1476,186.759810560878,1316.05781994015,485.338016161829,7536.50567723372
"489",0,2237,22378,179.029636717522,1325.0646416407,474.655282198076,7588.0816195412
"490",0,2224,22242,168.601062831286,1028.72361383322,472.024644709072,5891.06439889305
"491",0,2231,22310,176.467334306883,1272.9934370741,488.155796606971,7289.89356237966
"492",0,2232,22327,178.013401359659,1329.89146535004,492.93659319583,7615.72799273027
"493",0,2198,21989,139.936003794748,1461.81000347519,358.039942786756,8371.16711835534
"494",0,2199,21990,136.322773556355,1380.34337182462,343.185311651994,7904.64357003448
"495",0,2701,27014,82.3153329715606,1188.13254624994,169.36159999556,6803.93240552803
"496",0,2203,22030,88.5880012662369,1516.06755706109,188.276732925731,8681.87517151353
"497",0,2204,22049,112.378374869249,1491.58676671064,256.32078607202,8541.6833204904
"498",0,1482,1482,94.4142015637127,1570.84757370195,203.204769593733,8995.57720142017
"499",0,2765,27659,63.5496947278769,1559.08148862992,127.616639622331,8928.20017659501
"500",0,2704,27045,81.1660121126961,1271.1071264618,167.445002854574,7279.09291328273
"501",0,1494,1494,94.1994684430605,1091.03138494727,201.069423568853,6247.87868124124
"502",0,2778,27782,30.3277817450525,1463.08682149115,58.5350430006981,8378.48005850461
"503",0,1178,11780,19.5210514328378,1489.25487741964,39.62143906731,8528.33151176493
"504",0,1258,12589,23.3661915305062,1468.98330567108,46.1877262374925,8412.2488392982
"505",0,2329,23293,28.7663543275883,928.67344538453,51.8893083861172,5318.12130102083
"506",0,2780,27807,55.7022742375045,1417.1591186692,109.276724432324,8115.46790244982
"507",0,1888,18887,20.9457076876197,1348.29429382725,43.8080683445096,7721.10584621895
"508",0,1871,1871,23.3873198542554,1357.86790550169,45.6865071450161,7775.93173500809
"509",0,1702,1702,33.1544847111675,946.549611604101,62.2685774061671,5420.4857629454
"510",0,1705,1705,47.8792769671219,536.118562977469,88.8579881809684,3070.12917578597
"511",0,1870,18704,12.3689959968842,1330.67200597284,29.9856915349083,7620.19689680295
"512",0,1890,18902,13.813009778661,1329.50102615498,32.2013983151198,7613.4898747322
"513",0,2755,27555,22.829233052719,1277.83797667665,50.3786998769285,7317.63673923183
"514",0,2751,27511,52.8773887139388,1490.43557019381,106.259617798637,8535.09204588558
"515",0,2783,27830,28.9414064765762,1347.1698536183,60.4699622896588,7714.67267502174
"516",0,1811,18118,14.5301863640905,390.886331357585,37.8972306700449,2238.44161480481
"517",0,2747,27475,24.3112644191166,1382.08530970463,52.3911889693879,7914.6176186769
"518",0,43,43,18.2811208429699,962.091563579726,40.6876222235483,5509.49433291199
"519",0,1720,17206,9.56172780310106,1133.67640235208,26.1700254056839,6492.08960923785
"520",0,1853,18537,12.3477643253127,975.997819582644,31.6148511231643,5589.1261879519
"521",0,1713,17138,10.1304546197756,1356.27972196676,27.1426001259717,7766.84135014717
"522",0,1730,17305,9.53367438881543,1168.42242514588,26.2208802678277,6691.05706486202
"523",0,1789,17898,11.2496949966981,709.012037891194,31.378318719055,4060.21093667697
"524",0,1666,16663,11.7952597032712,1548.20616142128,29.7304865118419,8865.91770598175
"525",0,1651,16510,9.89941866245618,1358.50653620914,26.6889789835487,7779.59377184933
"526",0,1648,16481,16.5900507923197,1340.93109463635,37.2285396208713,7678.94493457286
"527",0,1648,16482,9.53163522112837,1419.49843443,26.0725587795379,8128.86676958312
"528",0,2010,2010,32.4874872787067,865.046366758191,63.7300404707055,4953.75930369792
"529",0,2732,27329,54.8014408327594,1244.41532147955,107.118272930031,7126.23963574099
"530",0,2734,27344,52.6059366604608,1049.68147205824,103.103847688828,6011.07670567264
"531",0,2724,27241,50.7983409197108,1572.69770487189,92.1769403154298,9006.17001673852
"532",0,2725,27258,43.1779784970932,1614.05831297406,78.9169064419612,9243.02498991509
"533",0,2736,27369,53.0975460780237,860.471883581078,104.91622273047,4927.55728016313
"534",0,2733,27337,39.0904599860606,678.727795724701,76.3151863113479,3886.78552086749
"535",0,2013,2013,51.4104781291243,668.329492116964,101.622589358754,3827.24376616195
"536",0,2691,26917,83.6067616231261,1333.98653700246,176.072253432802,7639.17421846997
"537",0,2738,27383,54.7079501930963,859.328362053564,108.774986940762,4921.01469052342
"538",0,2016,2016,80.6111383875204,1513.22957782079,171.495854863006,8665.62192924585
"539",0,2700,27008,119.836047130658,975.796548775683,278.707206028932,5587.97065065442
"540",0,2692,26928,111.805908080571,1194.96821235838,258.959757820893,6843.07533172082
"541",0,2666,26661,100.47185799888,1579.39548798521,227.807906917062,9044.52576063773
"542",0,2661,26614,150.898752797676,1167.52509519576,414.119121358793,6685.92148751312
"543",0,2650,26509,85.1200790862228,1604.40646326149,181.622703922919,9187.7601884349
"544",0,2903,29038,57.0129060997373,1424.49905416772,112.116901721362,8157.51050081749
"545",0,2588,25885,53.2395387186112,1402.24924845762,99.6540663561681,8030.09193960497
"546",0,2059,2059,143.331678272331,1282.46124419901,373.750598130902,7344.11121004198
"547",0,2628,26283,146.884938294766,1584.94984435265,381.307306109576,9076.33595097164
"548",0,2630,26307,147.064418325462,1536.04840688533,383.985453004446,8796.29933908163
"549",0,2632,26327,135.78419926529,1615.46975876306,336.457053421458,9251.11208021444
"550",0,2637,26376,129.058432649922,1508.94593033726,316.166255723753,8641.09398137113
"551",0,2634,26346,114.358312285877,1345.28824759818,263.616982764008,7703.89158323748
"552",0,2597,25974,81.4497314327303,1281.12100760348,164.37441494422,7336.43837096456
"553",0,2607,26079,131.405908207175,1524.13302324357,306.28017958458,8728.06202460759
"554",0,2595,25953,78.401568950474,1389.58218962412,158.465032233481,7957.55354195718
"555",0,2596,25960,90.2723163301653,1416.42682615123,188.924278788824,8111.27728399475
"556",0,2581,25813,81.384756075476,1549.02137122028,169.106647584856,8870.58670230857
"557",0,2595,25958,77.1040219129033,1390.63791035017,154.439862630337,7963.59800128512
"558",0,2624,26240,115.449890589683,1376.70492102161,261.319576582326,7883.80556836513
"559",0,2823,28238,95.1358339735077,788.862036741129,331.067272454814,4517.47748758938
"560",0,2823,28232,86.8659067869579,1540.77116284702,285.911499850854,8823.34246092805
"561",0,2822,28225,90.6035219788735,1384.18786252082,303.866886594045,7926.66134701
"562",0,2590,25900,153.687588090374,1093.82410294455,373.329282202658,6263.86963754849
"563",0,2581,25811,125.991727555477,1434.98485346107,289.036719064169,8217.55191285582
"564",0,2577,25776,126.72242401187,1395.4958285213,291.428117343856,7991.41201835218
"565",0,2892,28922,153.837020934588,1448.55716639427,418.96924022754,8295.27000715597
"566",0,2888,28883,154.45829731724,1257.2763659049,414.622331183101,7199.88731529811
"567",0,2880,28804,148.184357346613,1009.75274650885,387.91583789239,5782.42962750206
"568",0,2881,28816,122.682481962114,1436.41931759337,303.710545338008,8225.76098489483
"569",0,2879,28791,69.8371689379497,1561.21500781104,157.059403614946,8940.41876551912
"570",0,2901,29015,64.2486612092707,1553.82114985554,129.533612547768,8898.06904117626
"571",0,2888,28881,65.085130165731,1552.07597449688,137.687110906937,8888.0811235822
"572",0,2899,28999,84.7047789942879,1635.72647697211,180.408008172249,9367.11355555258
"573",0,2577,25774,78.6545970223522,1557.00535861017,162.928931058987,8916.31168610484
"574",0,2576,25767,96.3195790644576,1629.47316214378,209.562304944791,9331.30186055683
"575",0,2714,27148,26.4467201542464,1478.11190872897,47.3950847191234,8464.52028407178
"576",0,2986,29862,10.3093889059458,1535.14861831409,24.1526320330793,8791.14541877441
"577",0,2984,29843,10.2071285966768,1529.49020233172,24.1509208991187,8758.73765718852
"578",0,1605,1605,10.2672249986742,917.097285980049,25.6798030720229,5251.82154369231
"579",0,2718,27187,14.6558706736862,982.126929821538,32.4431636972505,5624.22572626024
"580",0,1568,15683,7.91081558517064,1559.4821111513,23.3774298699796,8930.48876919323
"581",0,1565,15657,8.09317456984519,1416.88585971612,23.5551102575146,8113.90087763836
"582",0,1591,15918,7.83067999397321,1653.10428594238,23.3950942591273,9466.62871856626
"583",0,1589,15895,7.82866370114232,1627.40373952246,23.4044000669586,9319.45353345084
"584",0,1590,15906,7.84642468863876,1552.55675673237,23.4530605778197,8890.83942609462
"585",0,1512,1512,7.82846156627647,1583.72208713645,23.377192162576,9069.30430335775
"586",0,1558,15587,8.06572008389702,1432.83228663095,23.4056264446651,8205.22572466714
"587",0,1623,16235,9.27019478038414,1284.61599980892,25.9778498791146,7356.45363957463
"588",0,1556,15565,8.2347701791785,1578.21837941669,23.9238698641157,9037.79114605101
"589",0,1554,15543,8.08203164635654,1460.01752611858,23.4031934233908,8360.90562246427
"590",0,2999,29997,9.07895964249101,950.537620923812,25.1746313220526,5443.32687451061
"591",0,3012,30121,8.63442927931499,1416.30718937534,24.5582417672734,8110.59787577599
"592",0,1567,1567,8.53619844266348,1400.50590967061,24.5162817164486,8020.10373988828
"593",0,3000,30003,9.49195801373034,613.522562356467,25.8960523811503,3513.38693051414
"594",0,3002,30027,9.2852901884981,847.449126434207,25.7083694883004,4852.97747693485
"595",0,2966,29669,6.48901269619378,1583.03098470422,18.6008966471879,9065.35297790228
"596",0,2962,29629,6.32584507111457,1606.93723309432,18.2444208443198,9202.24807652759
"597",0,2960,29606,6.05627080844329,1671.87640396713,17.5237830224343,9574.1301978912
"598",0,2933,29333,4.54507615262122,1230.12087525342,13.7667134058478,7044.38186751717
"599",0,2944,29447,4.97349409780182,1323.86830780743,15.9851753981321,7581.23612474411
"600",0,3045,30450,6.41692387006461,913.288353435409,17.7127011146812,5230.01481575062
"601",0,3042,30429,6.31647444717899,862.819792938342,17.4539766370797,4941.0006212114
"602",0,2950,29509,5.30455654021557,1425.29065894874,14.9292155752405,8162.03443567039
"603",0,1600,1600,5.00709817031699,1484.93591464549,15.1094445441249,8503.59691884865
"604",0,2840,28406,86.8627361413274,873.683208057839,238.876424869863,5003.20734800899
"605",0,2851,28517,118.692010369796,1650.73328599543,352.464649146584,9453.04704909086
"606",0,1743,1743,116.792351150156,1620.57170580084,352.336690427732,9280.3200190314
"607",0,2856,28562,107.114016761087,1394.06967191954,283.204749804648,7983.2485395228
"608",0,1643,1643,120.942775000591,1492.62919590488,325.62208246689,8547.66057071701
"609",0,2861,28618,58.2319487405411,1419.75429410503,134.39893081721,8130.33103507285
"610",0,2851,28512,59.8756319439607,1177.41077010919,145.116241616406,6742.535644807
"611",0,2956,29566,29.4625958805584,1645.31470640359,73.1044172936656,9422.01554189838
"612",0,2951,29516,10.4403041051204,1339.66834446906,28.3137296599984,7671.70954329922
"613",0,2944,29446,12.2257568198474,1329.34768423209,32.9702961461888,7612.60450143962
"614",0,1735,1735,11.8393860249097,1164.16800714746,30.7387410445824,6666.69323537925
"615",0,1734,1734,20.9064879382256,987.894297802996,54.3710670894567,5657.25038565594
"616",0,2832,28322,30.9039694497837,1447.03942354437,85.0159781695727,8286.57842941366
"617",0,2959,29599,26.0656915963815,1686.44436827094,62.7398244617764,9657.55144877619
"618",0,1655,1655,25.8992024806626,1627.81789010778,63.1706241751127,9321.82527547141
"619",0,2835,28354,75.3553464661754,946.038026781423,211.209135579392,5417.55855362902
"620",0,2832,28325,63.4158360792425,1381.09666854834,182.733353200011,7908.9557224596
"621",0,1751,1751,43.0334695467268,1442.50442789057,117.744859562905,8260.6115160206
"622",0,2818,28187,87.3026380061748,1563.66143743392,289.161901043163,8954.4224180015
"623",0,1165,11658,77.8644308899866,1633.75958878627,253.412191389981,9355.84676860396
"624",0,2813,28139,95.4910688297305,859.040582339333,333.73153914969,4919.36447079124
"625",0,1774,1774,87.9573465213498,1450.06986337558,291.930763333309,8303.94089634099
"626",0,1813,1813,111.86046051271,1214.85272676154,366.370339990091,6956.94804285391
"627",0,3109,31098,44.7981263548658,1641.35331905366,147.708451976254,9399.33942722869
"628",0,2928,29286,13.6967555961697,543.462340058307,43.4353131979315,3112.18025648554
"629",0,2807,28070,48.26343590231,1224.15362963542,155.17070583058,7010.21407806014
"630",0,0,29373,15.1277688970489,1078.98047509876,44.2720188438211,6178.85835312446
"631",0,2812,28120,30.884120961396,730.840307538814,97.7353141969591,4185.22052379454
"632",0,1806,1806,4.21214680504198,1216.58343192849,13.722358096338,6966.86218081874
"633",0,3124,31244,34.5178863193472,1554.02616094658,98.2672685055616,8899.24907679903
"634",0,3144,31447,60.3995917426573,1618.58223093916,202.188147619211,9268.93503420792
"635",0,3107,31072,92.0216377627296,1076.04621795324,298.064696367027,6162.05837851069
"636",0,1930,1930,86.5871724517565,1456.01450088324,282.460421599342,8337.9785759042
"637",0,1941,1941,60.2179868679107,1511.43465478283,198.282695987321,8655.34574554228
"638",0,3184,31843,17.5050064948363,469.692936359436,56.7430421252166,2689.73309641834
"639",0,3161,31611,16.8753469659048,1236.03333797813,39.5997953877169,7078.23849523977
"640",0,3187,31876,11.5689294573222,613.555741902591,35.5174518547487,3513.57215671624
"641",0,1959,1959,6.85404905723229,1072.1424357222,21.9790193169234,6139.70838412858
"642",0,3149,31494,20.1994738981603,544.803022944041,45.0813387593421,3119.85469379314
"643",0,1983,1983,56.7892602077485,1396.73016407705,189.571433421767,7998.48245356094
"644",0,3130,31309,74.2723809738346,1440.63323396641,256.098703534905,8249.89377169585
"645",0,3132,31323,54.0820313593866,1471.06162584383,179.212437731778,8424.14228573193
"646",0,3139,31391,12.6163067817904,1673.88002450673,20.5515602213428,9585.61041042649
"647",0,3159,31591,7.20504430262497,1474.6747750925,11.7002259606047,8444.84452360619
"648",0,3139,31398,29.1864865211998,985.967571153498,79.3093387589347,5646.21652161533
"649",0,3148,31485,12.2668194701318,1389.09714180795,19.2601743378269,7954.77197451151
"650",0,1987,1987,7.5165742516001,1190.11651055192,11.4333617108767,6815.29554881814
"651",0,3121,31213,23.2524773748119,116.769593384776,43.2976514032283,668.690941187368
"652",0,3451,34515,6.23051015655608,1397.79382184743,11.4320821416619,8004.58492266971
"653",0,3131,31312,14.7880632505414,1515.09523254281,25.1338997349101,8676.31617057968
"654",0,3411,34111,6.88103400712851,1354.48086969278,13.3771775013969,7756.54030016328
"655",0,3435,34355,5.72593302091244,694.759901732924,12.6209334687696,3978.59884507708
"656",0,3427,34273,5.62361070435702,141.128651762156,13.5394513402381,808.184298741686
"657",0,3664,36642,24.8645420072018,1444.46938613892,45.4691037792362,8271.86416701237
"658",0,3666,36668,22.0122787365657,1263.00400661828,37.3562308249772,7232.69059244492
"659",0,3385,33854,11.264498334224,896.632522475309,23.6876324324506,5134.62948261845
"660",0,3662,36625,24.6476001362869,1353.63808480502,44.024375374957,7751.70752854903
"661",0,3402,34029,7.71367033492294,1498.16778461564,14.7286730635645,8579.37281821228
"662",0,3644,36440,43.0371641118794,1275.60883763789,103.885630164844,7304.87308164367
"663",0,3639,36395,47.33385275717,1513.33326998891,125.353042023705,8666.2201272373
"664",0,3643,36430,44.4924986054261,1304.16532461128,106.099046224979,7468.40068516385
"665",0,3652,36526,42.8162697983087,1575.81788586327,129.836770446749,9024.04228457081
"666",0,972,972,68.6077539538369,1305.33950293102,159.823647736016,7475.12661775433
"667",0,3734,37343,80.2569373174103,831.120496356095,179.73784228286,4759.47487134339
"668",0,3736,37360,77.6127390762676,951.013708082486,172.709718628969,5446.04619672064
"669",0,3729,37299,71.4460174068546,1330.2276845311,149.711829873109,7617.65191448621
"670",0,3721,37217,82.3632791079394,1144.81780221033,178.878833767748,6555.88886409037
"671",0,2524,2524,64.6021575498643,1376.41048654881,133.657824844332,7882.12054649504
"672",0,3726,37262,87.044202508601,607.527426126885,193.132716749286,3479.05344708968
"673",0,3715,37153,72.454784278715,1539.04106222293,145.931213119722,8813.4349457002
"674",0,3697,36971,68.9763839077878,1302.9143135953,147.510890033714,7461.23790063067
"675",0,3673,36735,55.9967863916653,1253.46050779834,109.5628670275,7178.03646638657
"676",0,4175,41755,52.4064742522858,1489.90678127923,108.835305581401,8532.05934731937
"677",0,4154,41542,50.052427373435,1276.68435419572,104.573512340217,7311.03321022514
"678",0,4147,41470,45.5865493875358,530.325283396284,90.9297416597553,3036.94573327098
"679",0,3445,34454,4.71759209784238,1504.82396080278,12.5769830520732,8617.49551148411
"680",0,3405,34052,5.3605494423411,1215.93273304124,14.7104624225599,6963.13270970504
"681",0,954,954,5.4240534954036,1268.11995380449,14.9055255014613,7261.98592129429
"682",0,2104,2104,6.12930357503882,1205.63311579583,13.1136213465563,6904.15484952733
"683",0,3793,37939,26.4295803304458,1570.38685952776,52.8142902246448,8992.93985849405
"684",0,3375,33757,19.0546869108591,1258.09866545914,39.1569756090179,7204.59827610848
"685",0,3756,37568,54.0618827721298,1587.38251882305,114.356976359786,9090.27331550855
"686",0,3744,37448,57.6302962679995,1428.15134936124,116.184144666909,8178.41562576777
"687",0,3557,35571,13.5140309679701,1511.95925601475,30.3899239864868,8658.35016991332
"688",0,3527,35273,8.82958884693693,1218.60090152109,23.6755752811969,6978.41020085776
"689",0,3561,35619,15.3580365694924,1315.81597967714,32.1330677367139,7535.12195421822
"690",0,3521,35218,8.23936062185953,1410.06709836208,22.4880766384351,8074.85618424448
"691",0,3555,35551,16.177433197732,1249.4259766688,32.8908218626619,7154.93321963643
"692",0,3530,35303,9.44048216673679,819.770920624163,24.7654247678312,4694.47847216059
"693",0,174,174,10.55137569315,152.454352154744,26.6078374789394,873.041204970876
"694",0,3562,35629,16.7198770155644,1002.6768388665,33.551462770377,5741.90925127428
"695",0,1360,1360,15.515506832996,1418.49613938021,32.0738240148177,8123.12389258245
"696",0,114,114,9.47776223126067,642.838433701402,23.7037416528241,3681.26392703646
"697",0,3800,38004,19.3535059942879,1416.07624781153,37.1264406247673,8109.26344023918
"698",0,3377,33772,16.5958364367593,1582.49272365056,33.1753340756185,9062.26501730118
"699",0,3380,33809,14.2425895958267,1619.2862035797,29.3609663121002,9272.96414177805
"700",0,3801,38016,18.9922030949937,1428.3361663051,36.8929016963808,8179.47514026316
"701",0,877,877,27.4053488221221,427.738551383465,49.654177935486,2449.48164394299
"702",0,888,888,38.4945971325469,586.47312886419,73.3666206671915,3358.47954670983
"703",0,9055,9055,174.109483091635,1338.51116975104,341.184058605977,7665.08414580739
"704",0,1073,1073,22.1442318127964,651.309174661188,53.6915632792548,3729.77079860054
"705",0,0,36046,72.6486469045596,1485.57660033351,188.617355738582,8507.2679969826
"706",0,0,36132,62.7067643482431,1640.51887304556,171.054944607439,9394.55782224825
"707",0,0,21849,213.547337249784,1428.47956563267,523.136163787755,8180.29357994351
"708",0,0,51330,13.498511549116,1178.29319522216,34.4321392582241,6747.58531664965
"709",0,0,22763,193.080804151467,1554.02099741361,475.248923338212,8899.2160239882
"710",0,0,46838,12.4747389599715,1053.148220053,29.8875883119503,6030.93416511445
"711",0,0,46606,10.3943040139689,1079.9483065309,20.704289900199,6184.40535018925
"712",0,0,7891,65.8130554798826,1418.84556984231,123.948572232859,8125.12255312689
"713",0,0,9453,185.235814759829,1489.93618785747,370.163227695841,8532.23534533066
"714",0,0,2385,16.4398586548242,1371.69424932034,40.2790396586336,7855.11124813422
"715",0,0,45398,4.56165121108145,1422.14455310259,10.4905154691511,8144.01977937919
"716",0,0,817,6.68444306583947,1369.73489953805,17.0908543648982,7843.89124561295
"717",0,0,44574,12.7958496560414,1499.67913035215,34.1177238535677,8588.02800986677
"718",0,0,44519,24.7835769599326,1607.69335834398,45.3194239991786,9206.57870911641
"719",0,0,44786,11.917844792406,1510.6381374243,32.1505406220608,8650.78535121009
"720",0,0,42494,5.67594269767369,1302.36863825481,13.3739876396891,7458.11391944558
"721",0,0,42927,8.57650864297943,1431.18211084713,18.2600852390727,8195.77617336246
"722",0,0,42178,10.8985791821307,1718.84292153167,20.5852058854724,9843.08415532986
"723",0,0,42711,41.5384191219549,404.99690711089,76.0585469881167,2319.24789009973
"724",0,0,59101,6.38467638369241,851.408276788932,15.1467404418728,4875.65596042207
"725",0,0,59291,6.02121670435554,639.014480088276,14.5368258982746,3659.36605424712
"726",0,0,59351,7.02055498841372,1634.2575724101,17.6119725067274,9358.69914738579
"727",0,0,56324,5.85145430852884,1493.91589947563,16.0197052272829,8555.02351756875
"728",0,0,56905,3.68453473942066,1674.24207108515,13.9059501217801,9587.67471263175
"729",0,0,56466,3.78427044903754,1155.02537324256,13.4324058274422,6614.33939841875
"730",0,0,53540,3.60527281496189,1201.05667510624,13.3399421693597,6877.94197192015
"731",0,0,56427,3.75847064611548,1163.05738493602,10.8552564826955,6660.33611647739
"732",0,0,53020,4.03568613883408,1550.67499629454,11.3327965146875,8880.05820003374
"733",0,0,1708,6.25857713840406,1273.86500771087,14.3696942675449,7294.88524754872
"734",0,0,49711,3.09085283085108,1174.13237151562,9.77909283200438,6723.75953129027
"735",0,0,50724,24.061623210132,1457.18633768834,64.319344798882,8344.68819159134
"736",0,0,62563,13.7718010903983,1201.8925809592,25.906315282248,6882.73087983302
"737",0,0,62816,3.97605858983826,1592.59302745192,14.6344578590981,9120.10249895873
"738",0,0,60294,26.2737662549072,1321.01590313487,43.0293780998188,7564.89813490798
"739",0,0,61139,3.91177707433343,1591.98531821036,12.7009626475847,9116.62470640126
"740",0,0,2275,4.68696734789398,392.246376348119,17.6933872808295,2246.22835049091
"741",0,0,62402,4.17619841656892,1482.13588466332,15.7371856421877,8487.56406863184
"742",0,0,47724,26.3271893911552,709.598801421854,40.2947677830977,4063.57072161723
"743",0,0,12403,19.1213313538803,1196.15043244429,36.8473258332893,6849.84763749235
"744",0,0,2229,3.22065960405672,1222.5044648731,13.334414053121,7000.7652112041
"745",0,0,2231,2.8872601655234,807.824098631119,9.60558576599988,4626.06601055299
"746",0,0,53743,3.53376111961404,1198.40727453538,13.2970625678411,6862.77068742247
"747",0,0,40167,46.2233263749213,1696.3960665583,108.258419821856,9714.54065422594
"748",0,0,39511,8.97525386605548,746.298214464285,19.8762007344033,4273.72995864801
"749",0,0,39776,7.95430906833951,776.121906737554,18.6738842163949,4444.52513611401
"750",0,0,38610,6.51380730266087,1221.42886035109,15.4913885735201,6994.60653760729
"751",0,0,1137,11.3535271251897,885.509457513596,26.5850219521387,5070.93819750603
"752",0,0,40079,7.62776278552946,1578.47089135767,18.4209118993617,9039.23190660747
"753",0,0,40484,8.5876283567448,1169.55861783965,20.6964165852628,6697.5611727239
"754",0,0,38057,56.6562970769558,1612.25487840682,98.992459811816,9232.70267392
"755",0,0,924,23.6980532643097,1339.1218292171,50.5526366302569,7668.58558481787
"756",0,0,37159,59.8869961245937,728.460288002842,104.741173226976,4171.58523964508
"757",0,0,40373,33.6007656357515,1227.64216127737,57.4338224649428,7030.18513921948
"758",0,0,41272,37.9389350771214,1647.55597678295,66.3543573649363,9434.85764543759
"759",0,0,41964,34.4949896116417,1700.47230953566,59.7894639031343,9737.88549428306
"760",0,0,41814,30.321130698381,1435.24561727564,53.3161229978668,8219.05092834658
"761",0,0,65209,5.14998612285547,908.41051410883,19.3016099921352,5202.08396373776
"762",0,0,65100,9.7289167877118,849.882400807258,32.4249585863637,4866.91576689261
"763",0,0,63606,5.45768684032629,642.103593321604,20.4258211187467,3677.05531771462
"764",0,0,63457,4.31639755691708,1697.61287892614,17.3008895841893,9721.51398315264
"765",0,0,58317,5.44102045736588,1163.4328787848,21.9273659681926,6662.48648587793
"766",0,0,54716,3.5524203982248,1305.80846288575,15.5804498831811,7477.81033714538
"767",0,0,52936,3.18737773070023,1108.3930998472,9.50186904904331,6347.29807027498
"768",0,0,55049,3.62864068149668,1070.84049115625,16.219771783011,6132.2480337421
"769",0,0,35983,4.34806874253769,1713.30146543125,9.46510893089237,9811.35103859026
"770",0,0,501,7.40302233670457,481.141740481336,15.5104111647252,2755.29575938933
"771",0,0,35983,61.5443572237086,773.30536557244,182.680522681761,4428.39187991705
"772",0,0,930,19.7595320995029,317.968153424038,36.6016428890108,1820.86931848559
"773",0,0,1039,4.78532900539881,1515.65470836456,10.5368963162077,8679.51154775564
"774",0,0,1683,86.2126369969355,783.135608660697,174.342510199544,4484.68830772107
"775",0,0,45689,21.7237946659995,1702.7572261191,53.4561738106488,9750.97040707815
"776",0,0,804,12.0116368798697,558.498526146353,22.0451929502445,3198.28357546014
"777",0,0,43929,10.0824410785575,1483.38161036414,20.2665941701869,8494.69742627143
"778",0,0,48637,4.55876386602631,1353.76942382825,9.54106099689136,7752.46348869124
"779",0,0,8672,82.6423438517585,1417.22070888673,160.972118139556,8115.82333307216
"780",0,0,1193,8.65006820006505,948.138459009728,16.7590285473963,5429.58619923251
"781",0,0,1003,5.12442395559671,320.388198802016,12.6504177055097,1834.7264927134
"782",0,0,46146,11.4071901977028,1514.08542948677,31.4417830850521,8670.5268800937
"783",0,0,45963,8.21053433599522,1447.09828701245,22.1906081593997,8286.92065270553
"784",0,0,46678,7.05195715373023,1580.42882577245,18.0805981389969,9050.44721162646
"785",0,0,2491,29.3219160225065,1393.83588766419,52.7132507745027,7981.90700867999
"786",0,0,44358,26.688267333622,1291.65879044442,46.8434898296612,7396.78167371962
"787",0,0,44849,16.1747347503228,1350.82630642718,38.6734776399247,7735.60785018936
"788",0,0,42053,35.810943321312,1532.54497223068,83.6306847256108,8776.23941304294
"789",0,0,42969,36.0910993544723,1524.19750395545,66.2423425065674,8728.43288169053
"790",0,0,58831,7.639062210904,1549.20977603498,17.3605060901489,8871.66797317013
"791",0,0,58969,6.89329698992498,1307.60007370768,16.1164535992277,7488.07101522261
"792",0,0,56023,4.70102448732047,1360.02385745632,13.265660453071,7788.27914165495
"793",0,0,56269,5.85119281223763,1235.7130152118,16.0743647454645,7076.40487795629
"794",0,0,59680,3.85489539758419,1638.78944572005,11.2938660227549,9384.65228091842
"795",0,0,53249,3.4286223310059,1102.20310538233,11.5791872456376,6311.84873805329
"796",0,0,52999,3.83104403638299,1471.05254167826,10.9551707864816,8424.09502238846
"797",0,0,52329,2.83779386125553,1591.03811109193,7.68131993423208,9111.19944152489
"798",0,0,52307,2.89444681926432,1549.32550679659,7.69888770535397,8872.32942506621
"799",0,0,49688,3.19119613496235,1484.15657500137,9.56482057103119,8499.13423157863
"800",0,0,2304,3.48905537229911,1587.37924083032,13.968544628883,9090.24701988084
"801",0,0,62355,3.69559551533951,1345.357356026,14.1148049386219,7704.29261959125
"802",0,0,60265,28.1281306514199,1597.64284425737,44.4079405895104,9149.02252916692
"803",0,0,61009,5.01973275011142,1228.20718109522,15.1064795975682,7033.42171344226
"804",0,0,60196,29.5639304903232,1004.7844445109,47.747818593245,5753.97560266475
"805",0,0,61612,3.91228582703661,771.958992854367,12.6636664489758,4420.6813181544
"806",0,0,49160,4.60977329352102,1278.6622696561,10.1133998304149,7322.35812870104
"807",0,0,47367,24.8113287632771,1526.55024560795,42.6216988790163,8741.90364968012
"808",0,0,59885,3.72553756230792,1444.28284397607,12.5297128048747,8270.79402009444
"809",0,0,23763,36.2628550890529,1572.90645226454,71.7662934122145,9007.37293863819
"810",0,0,35326,11.1281019789766,1240.45653400496,26.4610732147497,7103.57174344876
"811",0,0,60044,3.75086419482705,1615.35389126897,13.2062244777037,9250.44669689388
"812",0,0,57217,4.10024607323879,1613.53624858095,15.9424841304881,9240.03669911168
"813",0,0,57172,4.55937208086289,855.514634204602,17.3081041673124,4899.16926519817
"814",0,0,57661,3.72611451893869,478.934434000011,15.6688726563274,2742.65604337983
"815",0,0,54591,3.53710373906341,1404.2183214135,15.4187140802221,8041.36240900635
"816",0,0,54351,3.07855422051773,1404.22220219597,11.7467970635155,8041.38483004922
"817",0,0,57825,3.71938580651567,1277.64402302254,16.1567459088506,7316.52678613292
"818",0,0,38667,39.3245845837149,1479.24651884413,77.7451803586309,8471.02244635021
"819",0,0,39356,35.0750778096324,1582.87788083867,69.4257655530048,9064.47319602867
"820",0,0,39071,28.6962254454639,1176.98898353026,55.5989669127813,6740.11807470708
"821",0,0,38926,24.5958047562301,813.222052929318,47.1382888799426,4656.97981661886
"822",0,0,39773,46.0404214425664,1589.97265994916,108.029719708923,9105.09782306187
"823",0,0,40469,19.2197292336539,1386.58968667955,34.3966204842857,7940.41423685859
"824",0,0,39394,8.7448326067549,1287.5767071394,19.281485017186,7373.40717135776
"825",0,0,38623,6.63824648189876,1350.13468625979,15.8018420589344,7731.65418728223
"826",0,0,38975,7.03390072775241,172.661941923493,16.358406506389,988.759851176023
"827",0,0,43667,6.29358345749961,1526.23845954582,15.0838867008778,8740.12152776043
"828",0,0,1142,10.255548454286,967.437604843499,24.2119790948632,5540.1050693402
"829",0,0,41852,18.2197497851397,1503.58691510239,36.4154256367649,8610.4036520435
"830",0,0,41056,9.54118773865073,1646.59287013222,21.788900678363,9429.34078451058
"831",0,0,36864,53.897164156137,1666.23591871363,92.8841429992161,9541.82519028668
"832",0,0,37072,58.6766898989386,1502.52129835361,101.317372404324,8604.30631163105
"833",0,0,37109,62.0566062167408,1459.01333552363,109.188030510118,8355.15281866302
"834",0,0,64288,5.90165396646864,1652.19389657743,22.1101574717925,9461.41277308399
"835",0,0,2447,8.1489788462498,1334.35093950304,28.3626825783906,7641.26127427758
"836",0,0,63380,4.65792011436645,1494.52488266677,18.2222383995911,8558.50711778801
"837",0,0,58521,5.87228551352712,1710.11973314661,23.5294402652689,9793.12892184856
"838",0,0,58410,4.98574841425022,1581.73803514263,20.7574342016518,9057.94129022632
"839",0,0,58250,3.97760239810708,1475.30626533667,17.6490886772431,8448.45299241868
"840",0,0,58233,3.9104596172503,1468.07037575611,17.4361886530144,8407.01813280881
"841",0,0,34098,7.7546098744634,1487.30263935673,14.1350447681594,8517.16031766311
"842",0,0,16336,9.59090281385446,1377.85761882497,26.3734626413756,7890.40596418597
"843",0,0,49514,3.19995978069983,1350.90558147938,12.2227549842319,7736.06236336857
"844",0,0,35977,63.0218614563291,1004.6339234518,183.608674890693,5753.10879632236
"845",0,0,36088,79.1102782098764,1309.02116777919,194.155033682544,7496.21193248166
"846",0,0,523,34.9135383907261,206.252496900534,73.8813640459693,1181.11636708016
"847",0,0,696,7.45312011846821,931.080082948573,17.2921239400853,5331.90546390613
"848",0,0,10069,142.224940582368,679.32780507627,285.812397201745,3890.21903728725
"849",0,0,23363,42.4204836100207,273.39866948291,76.41079658645,1565.63788187649
"850",0,0,48635,4.83022625384461,1632.87055823703,10.0215718297226,9350.75633003157
"851",0,0,1222,23.6497932831584,1339.37404891529,64.271043754909,7670.02856777855
"852",0,0,1064,36.654425479922,304.633309445907,71.3472735152559,1744.50958578164
"853",0,0,1529,112.865767705912,1014.95404646935,240.412045771178,5812.21129149037
"854",0,0,48034,19.0931427649603,632.039328909188,35.6682544575526,3619.42167761447
"855",0,0,45761,7.29013995133093,537.906328261521,18.3398739278073,3080.35998348667
"856",0,0,46677,4.68463451393097,612.813525765887,12.9505382438005,3509.32413639712
"857",0,0,44049,25.2165609162393,719.567133302635,44.5289571174108,4120.65678142097
"858",0,0,469,6.32858798699459,584.759668727782,16.0839708127997,3348.67031349116
"859",0,0,43277,6.09657289354934,1714.97996041283,14.4863994481218,9820.9594592186
"860",0,0,482,7.38259616538906,1056.41816848983,17.4360877861435,6049.65813212384
"861",0,0,43061,9.5032366575291,1171.78813888555,20.8802534307979,6710.33554494185
"862",0,0,43245,7.88171632010454,1079.07744277585,18.5497606410539,6179.4164275989
"863",0,0,45182,20.9075339303077,1492.44524303697,41.0946838296636,8546.60070972755
"864",0,0,454,29.9072019841416,1480.28542513753,54.5142307181247,8476.96915780827
"865",0,0,806,8.26946361054829,648.930283095469,20.3984159588384,3716.14872128786
"866",0,0,51996,4.61390073986837,1471.63959802188,10.4426597464345,8427.45608255519
"867",0,0,59345,5.70817195456402,312.368417315917,13.8931801168152,1788.80252616739
"868",0,0,58757,7.8417720591786,1447.34491300925,17.3045739850369,8288.32987085235
"869",0,0,59613,4.56299554617442,750.603493113067,12.1844674191192,4298.38864095272
"870",0,0,56638,3.68769692462388,1459.34481402839,13.3848639998633,8357.04894188183
"871",0,0,53277,3.33181564449285,1736.66799064777,9.90482864033834,9945.16222195188
"872",0,0,56697,3.58318711152492,1465.06965803225,13.0483190263609,8389.8324461679
"873",0,0,52838,2.86557388468253,1579.39160998998,8.69322550121774,9044.50571871786
"874",0,0,2416,13.0031976281908,1249.79338028357,30.9445639796741,7157.03670085127
"875",0,0,2380,20.3633983704718,1111.30405928551,52.5378123464011,6363.96722571362
"876",0,0,48184,10.6607074771828,1592.25418801971,19.3393257861732,9118.16461915064
"877",0,0,50807,22.349799914337,1093.90316667235,57.8845487868454,6264.31987427109
"878",0,0,48664,7.74324973481328,503.869458951046,17.5367368330427,2885.4456567831
"879",0,0,12371,32.0506815636699,1601.64984305319,57.8337370289173,9171.97263475505
"880",0,0,47762,24.6578093704254,1158.988981996,38.1206317889573,6637.03873430616
"881",0,0,64014,6.05363943839984,1342.29488449374,22.1947555927103,7686.75539242073
"882",0,0,60492,17.4741188592172,1501.65981970276,31.0077232440966,8599.36854187557
"883",0,0,61785,3.59134905445558,1665.16429656378,13.4211677884658,9535.69021567546
"884",0,0,61081,3.93562955978996,1719.59828766794,12.3620345962177,9847.41114680934
"885",0,0,61330,3.76197808832501,1521.81128973684,12.7609590298138,8714.76881550703
"886",0,0,59626,3.90337261205786,1298.52881193292,12.2146195522669,7436.12487855998
"887",0,0,47133,18.1370757537306,1293.36437552407,35.0527826019114,7406.54882970217
"888",0,0,14198,32.2780005811009,1476.74915480025,59.0138504235596,8456.72064118597
"889",0,0,60619,13.2135072127762,1091.73344451508,25.1609544689336,6251.89353964958
"890",0,0,62019,3.58816496065566,1739.7532282676,13.5727937354285,9962.82818952172
"891",0,0,2423,6.86362261166761,1069.41258285052,18.8365079280362,6124.07276615994
"892",0,0,739,28.4396440733601,1390.73219663042,56.6735491081539,7964.12997950051
"893",0,0,2286,4.28685869650678,1207.6438281625,16.5855591671275,6915.66341782119
"894",0,0,57598,4.14717649345209,1455.46294247519,16.6352559934115,8334.81906183377
"895",0,0,2227,3.27532200207258,1578.18522021904,12.8740978880298,9037.59756169282
"896",0,0,50619,4.28362874221347,1680.22274168145,18.5862197405689,9621.92334115659
"897",0,0,54046,3.29911380641846,1718.33250954342,12.7627127299854,9840.16016900024
"898",0,0,49720,3.62595263588508,1544.24065761145,15.9765371614563,8843.21107311463
"899",0,0,38909,21.0540855020694,621.32097677761,40.3590479410934,3558.04158816077
"900",0,0,731,36.6225204525306,1539.40421663359,73.9266135872881,8815.51538616298
"901",0,0,719,6.31217794428596,1468.9509456331,15.1668331746935,8412.06092709961
"902",0,0,39029,6.97518990957718,878.827629783091,16.2770584800953,5032.67322576601
"903",0,0,40687,10.2621651341081,1142.66296125922,24.3658019029656,6543.54571280506
"904",0,0,40993,9.74969188516843,1657.00232834901,22.0146681340061,9488.95000607568
"905",0,0,40663,40.5656190377558,1483.05663504615,79.2609424756091,8492.83961719562
"906",0,0,38259,23.099225667032,1467.1580829416,49.6428692605234,8401.79392853549
"907",0,0,37058,58.5608773958909,1540.10706769737,101.065999452773,8819.53786196198
"908",0,0,37123,62.5236487966741,1435.20025206422,110.64533461426,8218.78015494361
"909",0,0,37047,57.7537916451993,1529.59692764524,99.5093531681068,8759.35337281452
"910",0,0,39647,31.1976018402631,1237.84563780761,55.8662480342404,7088.6140274793
"911",0,0,1149,9.7865602357507,1148.83069698561,23.0369404155065,6578.86792078564
"912",0,0,63141,4.09272580923988,1591.86410861708,16.2837145082764,9115.92945689993
"913",0,0,50163,3.68620633530531,1494.1633385177,16.6017756986976,8556.43944289285
"914",0,0,58209,4.2725807918423,1587.76714715886,18.5049362494211,9092.46762808352
"915",0,0,58168,4.66622049482135,1330.72418056924,19.6342396897192,7620.49453504962
"916",0,0,58283,4.41199731887656,1537.48736000424,18.9686541655844,8804.53830068906
"917",0,0,50355,3.75538688350059,1420.07702861954,16.9640084276654,8132.17698308379
"918",0,0,47746,16.8034133119322,1690.85291464379,24.8359548191763,9682.79656193178
"919",0,0,36049,65.8462587354006,1488.224114459,181.61304432577,8522.43022148232
"920",0,0,36086,77.6148224593306,1310.21515125054,191.828106656787,7503.04929794971
"921",0,0,36199,71.9276480919461,1479.51408328696,178.10613835875,8472.54905060766
"922",0,0,1399,105.077135159312,368.962789902321,229.103344087896,2112.89368209879
"923",0,0,45598,28.3193452841622,1540.56777396976,69.4633627056633,8822.18011822632
"924",0,0,45794,37.5761856998425,1066.79776191045,99.5503993445672,6109.09878962049
"925",0,0,837,30.4960794448664,1592.64884669454,79.2820823753315,9120.42593967746
"926",0,0,14005,37.4873354703554,938.872250238955,64.7514893145627,5376.52863439863
"927",0,0,5855,152.117403797605,1617.82460350133,255.211991871437,9264.59370976231
"928",0,0,45435,6.14377406526521,1506.72871159953,13.1603923635656,8628.39628158789
"929",0,0,807,6.68447513440594,737.05429782201,16.2582905314285,4220.79894957599
"930",0,0,46687,7.90236263794318,1685.26626766904,19.5695529533491,9650.80548583972
"931",0,0,756,11.0950669273858,1243.32102832735,29.6713225201631,7119.97318184146
"932",0,0,42871,5.76967655256567,1458.25042176829,13.6697569749016,8350.78258897128
"933",0,0,42432,22.5151313200592,1258.75744601193,43.45688936829,7208.36997027835
"934",0,0,45164,20.1402269637244,1420.93874429993,39.1625465686926,8137.11242097739
"935",0,0,43591,11.0398316051369,1157.47849490796,23.7764422319825,6628.38851022021
"936",0,0,51091,11.7781775905958,1655.74633763361,31.8277075168158,9481.75770600025
"937",0,0,58785,8.71991195290013,1672.9022841058,19.5839397462676,9580.00350356945
"938",0,0,58941,7.78100380324122,1597.7534359646,18.2804376601293,9149.65627376287
"939",0,0,59260,6.24996885322929,988.622826100049,15.1059327445573,5661.42446706343
"940",0,0,55473,24.4293118026744,1524.69094218679,58.6324099759195,8731.25865505938
"941",0,0,55447,20.282622587404,1126.84455605854,49.9826258100225,6452.95938743274
"942",0,0,2348,3.564406999825,1393.16080028689,11.1371841182053,7978.04066219673
"943",0,0,56436,3.50044018783842,1615.05107456995,11.5364615371246,9248.71206408197
"944",0,0,53296,3.53138151765,1070.25085558265,12.4191232036032,6128.87180863537
"945",0,0,53054,3.48513361174258,1563.63780898748,12.0585904036708,8954.29053675069
"946",0,0,53405,3.22999739609082,1736.51253786569,9.75339852066611,9944.27182327369
"947",0,0,53599,3.10791806937374,1642.01097785026,9.40993459405649,9403.10209442694
"948",0,0,53099,4.02514872390088,1523.43338485764,11.0804912185126,8724.05702181862
"949",0,0,52496,2.55363718791193,1319.64423333704,8.26638036719282,7557.04310485356
"950",0,0,1729,2.85146601921849,1376.63935236954,7.90838550263334,7883.42914793089
"951",0,0,52879,3.02407518556168,1416.78460921488,9.00090980592893,8113.32478472858
"952",0,0,52684,2.69699338779947,1495.40891677889,8.09494324119862,8563.57348419402
"953",0,0,51025,12.3820406827464,1665.78696646899,28.9829812085975,9539.25491292191
"954",0,0,51701,8.86579365494083,1501.2789368054,20.5450510467223,8597.18795334563
"955",0,0,62349,3.79527102975936,1511.14449275839,14.5443260714167,8653.68368717813
"956",0,0,61690,3.60143340217314,1575.53035802332,14.500052506699,9022.39327856233
"957",0,0,61403,3.494810643346,1706.71936167036,13.895899202493,9773.65888435864
"958",0,0,61608,3.5495210884684,1608.22190274187,14.1443938219326,9209.60456345568
"959",0,0,60202,30.7088124026474,1644.57106741993,47.330212370518,9417.76047675238
"960",0,0,56723,4.13775189120099,1568.04270266007,15.3326169490882,8979.51715933616
"961",0,0,59677,3.88357727992485,1224.33057760425,12.2091999144067,7011.22220922337
"962",0,0,49237,3.91218075251192,1456.35154543283,9.37180139765132,8339.90778169783
"963",0,0,47364,18.106044796566,894.226125891945,26.1799303371587,5120.8534693595
"964",0,0,62753,6.26961809040301,1471.90393463233,17.2894384560465,8428.96978562088
"965",0,0,60801,8.36626192756427,1628.63392002982,19.1154722694644,9326.49443190723
"966",0,0,54461,3.42773395021067,1524.39658479836,14.5779093225004,8729.57457328795
"967",0,0,54273,3.39277837384248,1691.47041519586,14.027572017587,9686.33381400508
"968",0,0,737,20.8956997138967,804.156606429041,48.3073549133532,4605.06800900086
"969",0,0,57300,4.62671235030604,839.586549751874,17.6270897960665,4807.95565977402
"970",0,0,57114,3.96250181908601,1464.16586329187,15.0993023577828,8384.65540134385
"971",0,0,54864,3.30349385273593,1157.18748699089,14.1304803281243,6626.72309563816
"972",0,0,39687,15.3893494235804,1591.40201637972,28.6711814552798,9113.28586600329
"973",0,0,39842,9.0485781795368,188.484256785373,20.4234292744895,1079.36671981882
"974",0,0,43616,9.56723877438037,1167.63767583925,21.3096795537049,6686.56386962441
"975",0,0,38924,7.27290203195096,1469.27006749565,16.7810616489222,8413.88938253633
"976",0,0,40387,8.29196184100363,1105.15274374595,20.0104966201309,6328.73849948206
"977",0,0,40117,7.71813221382129,1506.04945983765,18.5021166301118,8624.50933643072
"978",0,0,41684,18.40336474437,1380.39995084326,36.1241534172575,7904.96700704882
"979",0,0,40764,41.5714159469754,1402.03885864361,83.0947638484057,8028.87961689854
"980",0,0,40844,42.3079293698048,1200.74856094842,85.8995634220774,6876.17772062936
"981",0,0,49659,3.2226054374201,912.089590055168,13.9492065861969,5223.15088773511
"982",0,0,39069,28.0383997742961,1090.00503526618,54.2115904520579,6241.99808718387
"983",0,0,37029,60.0873555776704,1543.19968800092,104.281073417147,8837.24679815174
"984",0,0,65285,5.37291601613663,1467.89679026572,20.6470190133949,8406.02189857544
"985",0,0,2436,5.32642757791689,1329.11082818705,20.2524570403425,7611.25348675939
"986",0,0,64967,8.58086241197816,1525.08012645327,29.5692240705249,8733.48727270186
"987",0,0,63520,4.64098574790023,1488.2721236467,18.4140076615605,8522.70442523931
"988",0,0,63075,4.01383198209106,1503.0748828372,15.9113725747147,8607.47359612902
"989",0,0,2425,4.31941478621974,1333.70924994634,17.1920050025417,7637.58687719532
"990",0,0,58124,4.23562999373371,1592.92231987126,18.3215266168625,9121.99002592691
"991",0,0,53786,3.49739632823236,1225.20111198939,13.1913323057792,7016.20603095394
"992",0,0,50544,3.99457413850922,1465.13992868325,17.7952352976052,8390.23455244975
"993",0,0,48256,8.36663570525212,1574.125072065,14.6771044933654,9014.34499585898
"994",0,0,48188,8.62037640227715,1363.88262461326,15.9234683138617,7810.37752356496
"995",0,0,31916,6.52417881967301,1585.7185521062,14.6188592077228,9080.74086049558
"996",0,0,537,8.32588997747655,1457.42917849613,23.8939717491286,8346.07596719646
"997",0,0,4112,85.383241895083,1059.1523444192,156.615153044354,6065.31404520309
"998",0,0,5879,176.593343461925,1384.42047815925,293.245329629464,7927.98678867117
"999",0,0,573,11.3489627662536,1117.91712553029,32.8468006217121,6401.83321701329
"1000",0,0,4099,83.7498987686429,781.52128251568,153.384095603723,4475.44288513223
"1001",0,0,519,129.459153335355,1003.30217090629,221.694726386455,5745.48384292784
