,y,tsw00,tsw01,tsw02,tsw03,tsw04,tsw05,tsw06,tsw07,tsw08,tsw09,tsw10,tsw11,tsw12,pcd00,pcd01,pcd02,pcd03,pcd04,pcd05,pcd06,pcd07,pcd08,pcd09,pcd10,pcd11,pcd12,pcn00,pcn01,pcn02,pcn03,pcn04,pcn05,pcn06,pcn07,pcn08,pcn09,pcn10,pcn11,pcn12,icend,icemh,icedu,iceon,iceof,iceth,ebint,ebhex,depth,area,longitude,latitude,lonCentroid,latCentroid,lonPreData,latPreData,lonField,latField,areaPreData,areaShapefile,secchi,NVEID,NVEREGINE,SMHIID,EUCD,VDRID,COMSATID,name,date,time,altitude,lake_id
0,4.5,6.4149982258064515,0.0,0.0,0.0,0.09984666666666667,5.458293548387097,13.33021,15.792780645161292,15.136864516129034,13.324879999999999,9.098764516129032,4.255903333333333,0.4824354838709678,16.082466107904487,19.0,19.0,19.0,19.0,15.452016989731732,7.291275732126212,7.9423746662516095,11.342991253583799,17.960934653160507,19.0,19.0,19.0,8.533333333333335,0.0,0.0,0.0,0.0,8.7,28.6,30.9,29.4,4.8,0.0,0.0,0.0,146.3,0.485,146.3,342.0,123.1,0.0,136681.0,0x215e9,15.75,12795527.0,16.359911800000003,60.15056729999999,16.359911800000003,60.15056729999999,16.38945,60.160619999999994,16.38945,60.1606166666667,12740000,12795527,1.9,,,667258-153492,SE667258-153492,672632-158939,3165,Bäsingen,02.08.2011,17:15,67.0,
1,4.5,5.02245517921147,0.0,0.0,0.0,0.0,1.2077774193548387,9.70032,14.02723870967742,13.27342258064516,11.359076666666668,7.600880645161292,2.9249300000000003,0.17581612903225807,48.16233123199127,61.0,61.0,61.0,61.0,61.0,28.02354766494567,8.85886147603648,16.606767550811544,36.714995919982954,60.74380217211855,61.0,61.0,8.4,0.0,0.0,0.0,0.0,0.0,18.1,30.9,29.6,21.8,0.4,0.0,0.0,171.2,0.6843999999999999,171.2,335.4,141.4,0.0,161034.0,0x2750a,30.0,33017033.0,11.0719323,60.3423601,11.0719323,60.3423601,11.04077,60.37648000000001,11.040766666666698,60.376483333333304,32810000,33017033,6.5,141.0,002.DAB1,,,,10000,Hurdalsjøen,12.08.2011,11:05,176.0,
2,4.5,5.8477434856630826,0.0,0.0,0.0,0.03285333333333333,3.987112903225806,14.162629999999998,16.055300000000003,14.521409677419353,12.046666666666663,7.280083870967742,1.9855266666666669,0.10133870967741936,15.590943716186567,19.0,19.0,19.0,19.0,15.69588992099413,5.712652159710332,6.777002997900977,9.960576883465242,15.94520263216811,19.0,19.0,19.0,9.549999999999999,0.0,0.0,0.0,0.0,7.4,29.0,31.0,30.9,16.3,0.0,0.0,0.0,167.3,0.6016,167.6,328.3,130.7,0.1,676649.0,0xa5329,18.15,3030228.0,10.0669184,59.583014500000004,10.0669184,59.583014500000004,10.05265,59.5884,10.05265,59.5884,3010000,3030228,1.05,519.0,012.AC,,,,482,Bergsvannet,09.08.2011,14:00,36.0,
3,4.5,7.05184879032258,0.0,0.0,0.0,0.7554500000000001,8.81273870967742,15.556986666666669,17.151516129032252,15.92623225806452,13.325563333333331,8.669232258064516,4.00315,0.42131612903225807,12.816535968940173,16.0,16.0,16.0,15.85,9.69060555763004,5.307622472636089,6.2498544718213855,8.13262414660662,12.567724978587927,16.0,16.0,16.0,10.933333333333334,0.0,0.0,0.0,0.4,16.2,29.8,31.0,31.0,22.8,0.0,0.0,0.0,138.0,0.4328,138.0,342.0,114.8,0.0,794637.0,0xc200d,21.0,1980891.0,16.2670138,58.953045499999995,16.2670138,58.953045499999995,16.26353,58.9535,16.263533333333303,58.9535,1870000,1980891,1.9,,,653651-152831,SE653651-152831,651426-157020,5000,Forsjösjön,02.08.2011,10:00,27.0,
4,4.5,6.0898998207885295,0.0,0.0,0.0,0.11297000000000001,4.812103225806451,13.191323333333335,15.526490322580646,14.452722580645162,12.531853333333334,8.375190322580647,3.773486666666667,0.30265806451612903,30.910379154197663,39.0,39.0,39.0,39.0,33.902844724706995,9.825995154050974,9.531527648971412,15.072029507376655,29.592152815265973,39.0,39.0,39.0,9.341666666666667,0.0,0.0,0.0,0.0,5.0,28.2,31.0,30.9,17.0,0.0,0.0,0.0,151.9,0.5153000000000001,151.9,338.2,124.9,0.0,1303165.0,0x13e27d,45.0,13735910.0,11.8215526,59.7036198,11.8215526,59.7036198,11.8438,59.701069999999994,11.8438,59.7010666666667,13660000,13735910,3.5,373.0,314.B,,,,363,Rømsjøen,29.07.2011,15:32,138.0,
5,4.5,6.727454749103943,0.0,0.0,0.0,1.2688966666666666,8.15266129032258,15.228070000000002,16.53773870967742,15.103319354838709,12.79014,7.97461935483871,3.37136,0.30265161290322584,19.29227413414251,25.0,25.0,25.0,24.923333333333336,15.262018143762955,6.142003805537067,7.388735884157713,10.395632035077037,17.39556640784197,25.0,25.0,25.0,10.841666666666667,0.0,0.0,0.0,0.1,15.2,30.0,31.0,31.0,22.8,0.0,0.0,0.0,135.6,0.40569999999999995,135.6,340.7,111.1,0.0,1475261.0,0x1682bd,37.5,1768651.0,12.1102334,58.9844652,12.1102334,58.9844652,12.11388,58.97833000000001,12.113883333333302,58.9783333333333,1760000,1768651,2.8,,,654493-128700,SE654493-128700,654498-128696,2678,Torrsjøn,29.07.2011,09:33,102.0,
6,4.5,4.618699704301075,0.0,0.0,0.0,0.0,0.8312645161290323,10.674380000000001,14.298532258064515,12.896600000000001,10.557263333333333,5.703929032258063,0.45494666666666667,0.007480645161290322,16.086114627821082,19.0,19.0,19.0,19.0,18.49055341006442,8.559121175388242,6.462372451076385,9.91268624312541,16.608642254198504,19.0,19.0,19.0,8.125,0.0,0.0,0.0,0.0,1.2,22.0,31.0,30.9,12.4,0.0,0.0,0.0,202.0,0.7539999999999999,202.3,309.9,147.0,0.1,1576021.0,0x180c55,13.5,2756016.0,12.5293123,60.817513,12.5293123,60.817513,12.50752,60.82357,12.507516666666698,60.8235666666667,2740000,2756016,2.0,,,674757-132306,SE674757-132306,673857-130971,2878,Rangsjön,31.07.2011,09:56,490.0,
7,4.5,6.725553097158217,0.22229032258064513,0.30836071428571427,0.8106806451612902,3.8362033333333345,9.674483870967743,14.714103333333332,15.129148387096773,13.726561290322582,11.271846666666667,7.02147741935484,3.186816666666667,0.8046645161290323,12.699655419481873,17.0,17.0,17.0,15.860567385485293,7.487422168074568,4.461185006889583,5.1928247827818215,6.816513161573425,10.887986133638622,16.689366395339164,17.0,17.0,11.925,0.0,0.0,0.0,2.6,22.3,30.0,31.0,31.0,24.2,2.0,0.0,0.0,89.9,0.2476,105.4,340.6,80.8,1.4,1882339.0,0x1cb8e3,48.0,191617.0,5.8469795,58.8593196,5.8469795,58.8593196,5.84783,58.86005,5.84783333333333,58.86005,2830000,191617,3.15,65803.0,029.2B,,,,380,Lutsivatn,21.07.2011,12:45,25.0,
8,4.5,4.652655591397849,0.0,0.0,0.0,0.0,0.4979322580645162,8.051453333333335,13.567816129032257,12.99294193548387,10.982766666666667,7.258764516129032,2.4251600000000004,0.05503225806451613,64.6713410164912,83.0,83.0,83.0,83.0,83.0,49.12207712462215,8.603985320597108,18.737075139198822,38.98719199874235,79.60576261473364,83.0,83.0,8.25,0.0,0.0,0.0,0.0,0.0,13.1,30.6,28.3,23.9,3.1,0.0,0.0,181.9,0.7692000000000001,181.9,332.0,148.7,0.0,1992473.0,0x1e6719,21.0,44157204.0,9.6580049,60.2507096,9.6580049,60.2507096,9.7586,60.13485,9.7586,60.13485,43910000,44157204,2.8,521.0,012.CB1,,,,189,Krøderen,28.07.2011,16:20,133.0,
9,4.5,4.692102813620072,0.0,0.0,0.0,0.0,0.9352645161290323,10.435603333333335,14.083106451612903,12.957132258064513,10.897103333333336,6.153938709677419,0.8322400000000002,0.010845161290322581,18.08727554522453,21.0,21.0,21.0,21.0,20.78217729495015,9.855718625743592,7.6524041753333565,12.470130061435954,19.28687638523127,21.0,21.0,21.0,7.508333333333333,0.0,0.0,0.0,0.0,0.4,21.5,31.0,29.3,7.9,0.0,0.0,0.0,193.6,0.6927,195.7,314.5,145.0,0.1,2475097.0,0x25c459,25.5,4828931.0,10.4349133,60.648478299999994,10.4349133,60.648478299999994,10.43533,60.638830000000006,10.4353333333333,60.6388333333333,4800000,4828931,2.3,606.0,012.EC5B,,,,345,Trevatna,28.07.2011,14:05,384.0,
10,4.5,5.987941792114696,0.0,0.0,0.0,0.14196999999999999,4.4762774193548385,12.480096666666668,15.009706451612903,14.370932258064517,12.804586666666665,8.495406451612904,3.7753933333333336,0.30093225806451607,21.61805662834089,25.0,25.0,25.0,25.0,22.969166744531368,10.35762363163064,10.165346418019613,16.787035040821543,24.137507705087508,25.0,25.0,25.0,7.1833333333333345,0.0,0.0,0.0,0.0,3.3,24.7,30.6,24.7,2.9,0.0,0.0,0.0,151.6,0.5158,151.6,338.6,125.0,0.0,2547359.0,0x26de9f,48.0,15586303.0,14.594301699999999,59.7242274,14.594301699999999,59.7242274,14.6065,59.72432,14.6065,59.724316666666695,15540000,15586303,2.8,,,662130-142921,SE662130-142921,662113-142906,3017,Sör-älgen,04.08.2011,09:45,181.0,
11,4.5,4.342488996415772,0.0,0.0,0.0,0.0,1.0174870967741936,9.445060000000002,13.156674193548387,12.590645161290322,10.398763333333333,5.173106451612904,0.3249833333333333,0.003148387096774193,15.412507223406925,17.0,17.0,17.0,17.0,16.82258064516129,10.407550197669385,8.704601643847568,13.469813228158705,16.54554096604614,17.0,17.0,17.0,5.275,0.0,0.0,0.0,0.0,0.4,17.2,25.9,17.5,2.3,0.0,0.0,0.0,200.4,0.6788000000000001,200.4,309.9,145.1,0.0,2684521.0,0x28f669,10.5,3049332.0,15.9720198,62.266217700000006,15.9720198,62.266217700000006,15.971020000000001,62.2666,15.9710166666667,62.2666,3040000,3049332,2.5,,,690492-151080,SE690492-151080,690166-151399,3541,Stornaggen,01.08.2011,10:44,357.0,
12,4.5,6.52815670250896,0.0,0.0,0.0,0.23494666666666664,5.547206451612903,13.438133333333331,15.78118064516129,14.951416129032257,13.22706333333333,9.296887096774196,5.002149999999999,0.8588967741935486,23.685390908021816,29.0,29.0,29.0,29.0,23.90359498685896,9.080940997818566,9.065954450599682,14.330651531416748,24.843548929567852,29.0,29.0,29.0,8.983333333333334,0.0,0.0,0.0,0.0,7.2,27.8,31.0,29.6,12.2,0.0,0.0,0.0,139.0,0.4732,139.0,347.1,120.9,0.0,2726038.0,0x299896,33.0,18045823.0,14.514973999999999,59.2938993,14.514973999999999,59.2938993,14.53832,59.303869999999996,14.538316666666699,59.3038666666667,17990000,18045823,1.8,,,657087-142355,SE657087-142355,654513-140127,3019,Möckeln,03.08.2011,09:48,88.0,
13,4.5,5.824930474910394,0.0,0.0,0.0,0.0,3.3332387096774196,13.648416666666666,16.030674193548386,14.619387096774194,12.302993333333331,7.643090322580646,2.195526666666667,0.12583870967741936,15.785725188686655,19.0,19.0,19.0,19.0,16.852021659650266,6.035223580862348,7.0213869786219645,10.091645258163856,16.42842478694139,19.0,19.0,19.0,9.075,0.0,0.0,0.0,0.0,4.5,28.5,31.0,31.0,13.9,0.0,0.0,0.0,170.1,0.6018999999999999,171.7,327.2,133.7,0.2,3157480.0,0x302de8,12.0,4534255.0,13.2517573,60.1527098,13.2517573,60.1527098,13.271529999999998,60.146280000000004,13.271533333333302,60.1462833333333,4510000,4534255,2.2,,,667351-135645,SE667351-135645,667425-135475,2899,Jangen,03.08.2011,12:25,212.0,
14,4.5,4.234033521505376,0.0,0.0,0.0,0.0,0.37060645161290323,9.010390000000001,14.15869677419355,12.621329032258064,9.82583,4.676399999999999,0.14515,0.0,13.357149401763309,16.0,16.0,16.0,16.0,15.796774193548387,8.155989632754695,4.804414327768005,7.03756547223511,12.491049194853495,16.0,16.0,16.0,8.349999999999998,0.0,0.0,0.0,0.0,0.5,18.4,31.0,31.0,19.3,0.0,0.0,0.0,214.5,0.8854000000000001,214.5,305.2,154.5,0.0,3360272.0,0x334610,28.5,1230520.0,10.3703675,60.87622579999999,10.3703675,60.87622579999999,10.35465,60.8824,10.35465,60.8824,1220000,1230520,2.0,197.0,002.DD2C,,,,339,Ringsjøen,28.07.2011,10:55,378.0,
15,4.5,6.448139080261136,0.34493225806451616,0.26368928571428574,0.3872774193548387,2.385456666666667,7.5135387096774195,13.186356666666669,14.594048387096773,13.621570967741935,11.938699999999999,7.997196774193547,4.0248566666666665,1.1200451612903228,16.836930797692126,19.0,19.0,19.0,19.0,14.717379777539914,9.418315413340782,10.45572137012452,15.821753011300355,18.630000000000003,19.0,19.0,19.0,6.075,0.0,0.0,0.0,0.0,10.4,23.6,26.1,11.4,1.4,0.0,0.0,0.0,95.3,0.2857,113.4,346.5,94.7,1.1,3447463.0,0x349aa7,27.0,2194265.0,5.7126653,59.51504620000001,5.7126653,59.51504620000001,5.7041699999999995,59.526669999999996,5.70416666666667,59.5266666666667,2170000,2194265,1.1,2036.0,038.5B,,,,394,Vatsvatnet,21.07.2011,17:18,15.0,
16,4.5,3.5323388172043018,0.0,0.0,0.0,0.0,0.05116451612903226,4.072273333333333,11.332983870967741,11.517370967741936,9.939200000000001,5.2302064516129025,0.24486666666666665,0.0,17.664621381330143,19.0,19.0,19.0,19.0,19.0,16.84708760796085,9.471946982785763,15.045112644751674,18.6113093404634,19.0,19.0,19.0,4.133333333333334,0.0,0.0,0.0,0.0,0.0,4.5,25.2,18.6,1.3,0.0,0.0,0.0,222.1,1.0666,222.1,307.5,164.4,0.0,3677102.0,0x381bae,25.5,6972973.0,10.7645655,61.0810424,10.7645655,61.0810424,10.80002,61.0764,10.800016666666698,61.0764,6930000,6972973,2.0,198.0,002.DD5D,,,,242,Sør Mesna,28.07.2011,09:45,522.0,
17,4.5,4.002251765232975,0.0,0.0,0.0,0.0,0.29125483870967744,6.756366666666667,11.584248387096775,11.418841935483869,10.087359999999999,6.584896774193548,1.27503,0.029022580645161288,33.772932524582004,38.0,38.0,38.0,38.0,38.0,27.932475572426164,13.800035661256027,23.16966863097685,36.37301043032498,38.0,38.0,38.0,4.841666666666667,0.0,0.0,0.0,0.0,0.0,9.6,25.4,20.2,2.9,0.0,0.0,0.0,195.7,0.7575000000000001,195.7,320.9,151.4,0.0,3757797.0,0x3956e5,105.0,43869890.0,11.8492526,61.2253195,11.8492526,61.2253195,11.88767,61.175830000000005,11.887666666666698,61.1758333333333,43640000,43869890,2.0,162.0,002.JBB11,,,,233,Osensjøen,27.07.2011,16:50,438.0,
18,4.5,3.5667778136200723,0.0,0.0,0.0,0.0,0.09725483870967741,5.9056266666666675,11.382203225806451,10.929116129032261,9.254766666666669,5.038912903225807,0.19345333333333334,0.0,56.505062995293756,65.0,65.0,65.0,65.0,65.0,48.662591412924115,20.203531363442128,29.090311192309905,60.104321974848844,65.0,65.0,65.0,5.191666666666667,0.0,0.0,0.0,0.0,0.0,8.3,25.0,24.7,4.3,0.0,0.0,0.0,215.2,0.768,215.2,306.4,156.4,0.0,3786399.0,0x39c69f,27.6,13423908.0,9.171562800000002,60.98474100000001,9.171562800000002,60.98474100000001,9.215069999999999,61.01255,9.21506666666667,61.01255,1530000,13423908,5.05,576.0,012.LA3,,,,340,Sæbufjorden,16.08.2011,12:40,379.0,
19,4.5,5.657715448028673,0.0,0.0,0.0,0.0,4.05277741935484,12.94235,15.123632258064518,14.11421935483871,12.15179,7.279783870967741,2.091306666666667,0.1367258064516129,13.8861743532589,16.0,16.0,16.0,16.0,13.847690261539046,6.6652910163744625,7.627674904096,11.048445290224375,15.44499076687291,16.0,16.0,16.0,7.841666666666667,0.0,0.0,0.0,0.0,6.1,26.8,30.8,26.9,3.5,0.0,0.0,0.0,163.8,0.5328,165.4,329.6,129.8,0.1,3851794.0,0x3ac612,22.5,3464499.0,15.2320367,59.9686573,15.2320367,59.9686573,15.23042,59.98293,15.230416666666699,59.9829333333333,3450000,3464499,2.5,,,664775-146931,SE664775-146931,659438-151480,3220,Stora Korslängen,05.08.2011,18:40,262.0,
20,4.5,5.812507768817205,0.0,0.0,0.0,0.0,3.5590870967741934,12.515953333333334,15.18788064516129,14.33133870967742,12.551126666666667,8.134445161290325,3.26201,0.20825161290322583,18.828603988237226,22.0,22.0,22.0,22.0,20.440749254487766,8.528900516440011,8.584538209115099,13.69536833261419,20.69369154618967,22.0,22.0,22.0,7.883333333333333,0.0,0.0,0.0,0.0,3.0,25.8,30.8,28.0,7.0,0.0,0.0,0.0,158.9,0.5391,158.9,336.5,130.2,0.0,4089598.0,0x3e66fe,30.0,9626466.0,14.9476711,59.858299,14.9476711,59.858299,14.93423,59.8792,14.934233333333301,59.8792,9600000,9626466,2.0,,,663501-145470,SE663501-145470,663216-146069,3020,Ljusnaren,05.08.2011,17:45,163.0,
21,4.5,6.321962222222223,0.0,0.0,0.0,0.28006000000000003,5.568974193548388,13.328886666666666,15.605935483870969,14.614845161290324,12.982096666666667,8.823448387096773,4.233903333333333,0.4253967741935484,21.834980271361864,26.0,26.0,26.0,26.0,21.73514225678686,9.003133614669746,9.389996006107527,15.553056093747205,24.338435285031018,26.0,26.0,26.0,8.333333333333332,0.0,0.0,0.0,0.0,7.0,26.9,30.7,29.0,6.4,0.0,0.0,0.0,144.4,0.4882000000000001,144.4,341.3,120.5,0.0,4353283.0,0x426d03,30.0,16071779.0,11.609741,59.5600978,11.609741,59.5600978,11.62597,59.531980000000004,11.625966666666699,59.5319833333333,15950000,16071779,1.15,323.0,001.F11,,,,361,Rødenessjøen,29.07.2011,14:20,118.0,
22,4.5,5.257360645161289,0.0,0.0,0.0,0.0,2.4769516129032256,12.407506666666666,14.871293548387097,13.668890322580646,11.551506666666665,6.689203225806452,1.3703466666666668,0.05262903225806451,17.6549252112003,21.0,21.0,21.0,21.0,19.681299988738395,7.4441458478709395,7.564351056532923,11.568497631896395,18.600808009364933,21.0,21.0,21.0,8.425,0.0,0.0,0.0,0.0,2.5,26.0,31.0,29.5,12.1,0.0,0.0,0.0,180.5,0.5903,180.5,321.7,137.0,0.0,4538181.0,0x453f45,27.0,3295074.0,14.009812799999999,60.195466599999996,14.009812799999999,60.195466599999996,14.00855,60.194630000000004,14.00855,60.1946333333333,3290000,3295074,2.05,,,667277-140244,SE667277-140244,665916-141425,3201,Milsjön,03.08.2011,13:40,291.0,
23,4.5,6.425274677419355,0.0,0.0,0.0,0.14535333333333336,6.981493548387097,15.03304,16.656032258064517,15.33446129032258,12.541436666666666,7.638174193548387,2.56385,0.20945483870967743,12.753695548063003,16.0,16.0,16.0,16.0,10.505354829981599,4.8934341820309175,5.886812344850833,7.645034605355397,12.113710614537272,16.0,16.0,16.0,10.708333333333332,0.0,0.0,0.0,0.0,14.0,29.4,31.0,31.0,23.1,0.0,0.0,0.0,155.2,0.49289999999999995,158.1,330.5,123.4,0.3,4764043.0,0x48b18b,6.0,1675059.0,15.949832999999998,59.7692693,15.949832999999998,59.7692693,15.952129999999999,59.76797,15.952133333333302,59.7679666666667,1670000,1675059,2.0,,,662910-150724,SE662910-150724,663024-150403,3106,Långbjörken,02.08.2011,15:55,92.0,
24,4.5,5.8726163978494625,0.0,0.0,0.0,0.049023333333333335,4.131600000000001,12.880933333333335,15.277567741935481,14.375448387096776,12.552286666666665,7.937664516129031,3.0675566666666665,0.1993161290322581,20.569122386572353,24.0,24.0,24.0,24.0,21.559837638625062,9.17145157803068,9.65153725682862,15.58241504227989,22.86422712310401,24.0,24.0,24.0,7.666666666666667,0.0,0.0,0.0,0.0,4.2,25.5,30.8,26.3,5.2,0.0,0.0,0.0,156.4,0.5325,156.4,336.2,127.4,0.0,4834503.0,0x49c4c7,21.0,7046560.0,14.414092000000002,59.772484,14.414092000000002,59.772484,14.40965,59.77375,14.40965,59.77375,7020000,7046560,3.5,,,662551-142470,SE662551-142470,662449-142558,3031,Saxen,04.08.2011,11:50,178.0,
25,4.5,6.497244755504352,0.48540322580645157,0.3673285714285715,0.6749516129032258,2.3584533333333333,7.212167741935484,12.74581,14.556538709677417,13.464032258064517,11.811783333333334,8.195148387096774,4.463916666666667,1.6314032258064515,35.675047677551866,43.0,43.0,43.0,42.88666666666667,30.91883872880924,16.076370662573094,13.08556592232264,26.420445050167594,40.71268510008316,43.0,43.0,43.0,7.108333333333334,0.0,0.0,0.0,0.1,11.0,24.0,29.1,18.8,2.3,0.0,0.0,0.0,82.7,0.28940000000000005,96.3,348.875,83.2,1.0,4909072.0,0x4ae810,64.5,3410744.0,5.3986027000000005,60.27465479999999,5.3986027000000005,60.27465479999999,5.40217,60.270880000000005,5.40216666666667,60.2708833333333,3370000,3410744,3.2,2057.0,056.2B,,,,261,Kalandsvatnet,22.07.2011,14:30,53.0,
26,4.5,5.108908324372759,0.0,0.0,0.0,0.0,2.4292354838709675,13.07838,15.190577419354842,13.52391290322581,10.870526666666667,5.731490322580646,0.47289000000000014,0.009887096774193548,15.588411561108297,19.0,19.0,19.0,19.0,17.433348363265267,5.705713811274868,6.229699636177517,9.148682169040493,15.543494753541435,19.0,19.0,19.0,9.116666666666667,0.0,0.0,0.0,0.0,3.3,28.0,31.0,31.0,16.1,0.0,0.0,0.0,192.2,0.6168000000000001,192.2,311.7,138.7,0.0,5534548.0,0x547354,49.5,1702116.0,10.561506399999999,60.241843599999996,10.561506399999999,60.241843599999996,10.59108,60.24425,10.5910833333333,60.24425,1690000,1702116,3.9,117.0,002.CH,,,,2268,Mylla,10.08.2011,12:15,496.0,
27,4.5,6.003347553763442,0.0,0.0,0.0,0.16340666666666664,4.528693548387097,12.4435,14.983193548387097,14.315854838709678,12.700563333333333,8.570951612903226,3.9851199999999998,0.34888709677419355,26.10510645291648,31.0,31.0,31.0,31.0,27.88323022488762,11.618213671454148,10.387266932372205,17.779678558437183,28.59288804784656,31.0,31.0,31.0,7.85,0.0,0.0,0.0,0.0,4.1,24.7,30.8,26.8,7.8,0.0,0.0,0.0,151.3,0.513,151.3,338.8,124.9,0.0,6409213.0,0x61cbfd,39.0,16929597.0,14.604609900000002,59.5950176,14.604609900000002,59.5950176,14.596429999999998,59.631769999999996,14.596433333333302,59.6317666666667,16880000,16929597,2.5,,,660231-143376,SE660231-143376,654513-140127,3025,Halvarsnoren,04.08.2011,10:53,165.0,
28,4.5,5.532121173835126,0.0,0.0,0.0,0.0,3.494932258064516,13.369513333333336,15.298922580645163,14.028900000000002,11.892593333333332,6.806867741935482,1.43407,0.059654838709677416,13.735386796614335,16.0,16.0,16.0,16.0,14.326621340021111,5.868352656676231,6.996193120408783,10.512785025358903,15.120689416906998,16.0,16.0,16.0,8.325,0.0,0.0,0.0,0.0,4.4,27.9,30.8,29.2,7.6,0.0,0.0,0.0,176.7,0.5626,176.7,321.8,133.3,0.0,6476501.0,0x62d2d5,13.5,2743794.0,14.1312389,60.0292091,14.1312389,60.0292091,14.137379999999999,60.03386999999999,14.137383333333302,60.0338666666667,2730000,2743794,2.4,,,665698-140769,SE665698-140769,664435-141941,2875,Näsrämmen,03.08.2011,14:40,239.0,
29,4.5,5.3820763031234,0.08425806451612904,0.024457142857142858,0.019880645161290324,0.6608733333333334,4.838967741935484,11.161886666666668,13.77818064516129,13.115403225806451,11.01502,7.02491935483871,2.6218333333333335,0.23923548387096774,34.8928948358719,40.0,40.0,40.0,40.0,35.82611235883454,21.203422521933184,15.186094321162603,27.305775495199093,39.193333333333335,40.0,40.0,40.0,5.358333333333333,0.0,0.0,0.0,0.0,4.0,18.3,26.3,14.8,0.9,0.0,0.0,0.0,139.2,0.3785,143.7,338.2,116.7,0.6,6508730.0,0x6350ba,19.5,4416622.0,6.682366099999999,62.527419900000005,6.682366099999999,62.527419900000005,6.63278,62.53333000000001,6.632783333333331,62.5333333333333,4400000,4416622,6.0,1983.0,101.6B,,,,277,Engsetdalsvatnet,20.07.2011,11:49,43.0,
30,4.5,4.353610501792115,0.0,0.0,0.0,0.016540000000000003,1.817858064516129,9.267230000000001,13.119948387096775,12.076664516129032,9.773523333333333,5.287548387096775,0.7942133333333332,0.0898,22.770931318083363,26.0,26.0,26.0,26.0,24.063524892334094,15.738867927073965,9.406694905113428,16.70938933143007,25.33269876104886,26.0,26.0,26.0,5.716666666666667,0.0,0.0,0.0,0.0,2.8,15.2,28.5,20.2,1.9,0.0,0.0,0.0,190.2,0.5889000000000001,194.8,313.3,142.9,0.4,6883883.0,0x690a2b,34.5,1439289.0,6.113180000000001,62.14004129999999,6.113180000000001,62.14004129999999,6.118469999999999,62.140530000000005,6.11846666666667,62.1405333333333,1400000,1439289,5.0,1941.0,094.6B,,,,285,Rotevatnet,23.07.2011,13:40,47.0,
31,4.5,6.629282088453661,0.0035903225806451613,0.06516785714285714,0.09250645161290322,1.1679400000000002,6.001074193548388,12.367583333333332,14.904522580645159,14.352596774193552,13.046516666666665,9.795603225806452,5.984393333333333,1.769890322580645,40.510991054043586,50.0,50.0,50.0,50.0,43.251740372274284,14.1366951039743,11.500948736520915,25.496647610717872,41.74586082503559,50.0,50.0,50.0,7.9,0.0,0.0,0.0,0.0,5.1,25.9,29.7,22.7,11.4,0.0,0.0,0.0,116.5,0.39,119.3,352.77777777777777,108.1,0.2,7449222.0,0x71aa86,33.0,84527108.0,11.858242,59.14311070000001,11.858242,59.14311070000001,11.68437,59.147130000000004,11.684366666666698,59.1471333333333,6590000,84527108,1.9,318.0,001.C31,,,,353,Aspern,29.07.2011,11:53,106.0,
32,4.5,6.635941362007169,0.0,0.0,0.0,0.9055433333333331,6.915016129032258,13.971466666666668,15.945448387096775,14.968841935483871,13.271516666666667,8.784161290322581,4.241460000000001,0.6278419354838709,21.285026713055295,25.0,25.0,25.0,25.0,19.464488145729042,9.146342273601444,10.364833394555077,17.34486397619024,24.099792766587786,25.0,25.0,25.0,8.149999999999999,0.0,0.0,0.0,0.0,9.9,27.3,30.9,25.5,4.2,0.0,0.0,0.0,131.3,0.41390000000000005,131.3,345.7,111.8,0.0,7514322.0,0x72a8d2,33.0,7141816.0,11.702805099999999,59.1582753,11.702805099999999,59.1582753,11.68437,59.147130000000004,11.684366666666698,59.1471333333333,6590000,7141816,1.9,318.0,001.C31,,,,353,Aspern,29.07.2011,11:53,106.0,
33,4.5,6.373755976702508,0.0,0.0,0.0,0.2203933333333333,6.313416129032257,15.216289999999997,16.73476451612903,15.177019354838711,12.460706666666669,7.642061290322582,2.5243333333333338,0.1960870967741935,23.71603751747805,32.0,32.0,32.0,32.0,21.26537466235474,5.646725783151941,6.941963508743501,9.777688538099705,17.293161517314395,31.667536200072313,32.0,32.0,11.008333333333333,0.0,0.0,0.0,0.0,12.4,29.9,31.0,31.0,26.6,1.2,0.0,0.0,155.7,0.5235000000000001,157.4,330.9,123.1,0.2,7758579.0,0x7662f3,33.0,2661301.0,10.782546,59.784361700000005,10.782546,59.784361700000005,10.77485,59.7897,10.77485,59.7897,2640000,2661301,3.3,297.0,005.4B,,,,170,Gjersjøen,08.08.2011,14:00,40.0,
34,4.5,5.8283174820788535,0.0,0.0,0.0,0.0,5.055522580645161,14.310733333333335,15.885419354838707,14.431338709677423,11.999240000000002,6.8005903225806446,1.3971300000000002,0.05983548387096773,10.224935855073394,12.0,12.0,12.0,12.0,9.609199725805144,4.601230275645263,5.694201607621677,7.717023503742129,11.077575148066531,12.0,12.0,12.0,9.241666666666667,0.0,0.0,0.0,0.0,9.3,29.3,31.0,30.8,10.5,0.0,0.0,0.0,173.4,0.5368,173.8,320.8,129.4,0.1,8154555.0,0x7c6dbb,12.0,1401538.0,14.432280599999999,59.8723235,14.432280599999999,59.8723235,14.419979999999999,59.87902,14.4199833333333,59.8790166666667,1400000,1401538,2.0,,,663823-142444,SE663823-142444,663942-142417,3029,Örlingen,04.08.2011,12:50,190.0,
35,4.5,6.410461774193548,0.0,0.0,0.0,0.61537,6.927870967741936,15.638383333333334,16.81845806451613,15.224554838709675,12.328866666666666,7.083070967741935,2.07116,0.2178064516129033,19.193598757778773,26.0,26.0,26.0,25.78,15.923069605767427,4.94248336466365,6.082685197406627,8.22648523053044,13.777445110562567,25.591016584414547,26.0,26.0,11.308333333333334,0.0,0.0,0.0,0.3,14.3,29.9,31.0,31.0,27.2,2.0,0.0,0.0,156.1,0.5336000000000001,158.3,327.6,120.7,0.3,8515280.0,0x81eed0,15.0,1171606.0,10.4859377,59.581959,10.4859377,59.581959,10.48715,59.58175,10.48715,59.58175,1160000,1171606,2.1,309.0,010.3B,,,,191,Rødbyvatnet,09.08.2011,15:00,118.0,
36,4.5,6.45764853046595,0.0,0.0,0.0,0.09936,5.132429032258065,13.514813333333333,15.903954838709677,14.927387096774194,13.061646666666665,9.285603225806451,4.9280333333333335,0.6385548387096773,29.09433077517651,37.0,37.0,37.0,37.0,31.483529053636424,8.863693656613671,8.623246829431231,13.567259465225215,27.59424029721155,37.0,37.0,37.0,9.375,0.0,0.0,0.0,0.0,5.6,28.1,31.0,30.2,17.6,0.0,0.0,0.0,145.5,0.5231,145.5,343.7,124.0,0.0,8725679.0,0x8524af,15.0,32163146.0,13.3799087,59.673812100000006,13.3799087,59.673812100000006,13.396770000000002,59.62987,13.396766666666698,59.6298666666667,32030000,32163146,4.05,,,661264-136508,SE661264-136508,660509-136871,2870,Visten,03.08.2011,11:05,63.0,
37,4.5,4.792423951612903,0.0,0.0,0.0,0.0,0.7708709677419355,10.670466666666666,14.65991935483871,13.3899,11.165956666666665,6.256070967741936,0.5882866666666666,0.007616129032258065,15.560616385285794,18.0,18.0,18.0,18.0,17.771338112123438,8.676789874719622,6.940139984915973,10.738407285598807,16.60072136607169,18.0,18.0,18.0,7.666666666666667,0.0,0.0,0.0,0.0,0.6,21.4,31.0,30.3,8.7,0.0,0.0,0.0,200.8,0.7482,201.3,310.8,146.9,0.1,9189278.0,0x8c379e,21.0,4355549.0,12.320432499999999,60.8805608,12.320432499999999,60.8805608,12.3111,60.863969999999995,12.3111,60.8639666666667,5180000,4355549,1.0,159.0,002.GCB,,,,2888,Halsjøen,30.07.2011,17:23,299.0,
38,4.5,4.413658010752689,0.0,0.0,0.0,0.0,0.8227354838709677,8.522586666666665,12.397303225806453,12.032009677419355,10.760716666666667,6.808558064516129,1.5825766666666667,0.03740967741935484,22.549109544826756,25.0,25.0,25.0,25.0,25.0,16.602180072526902,10.441231732390438,19.134335131312397,24.411567601691353,25.0,25.0,25.0,4.841666666666667,0.0,0.0,0.0,0.0,0.0,13.6,27.2,16.2,1.1,0.0,0.0,0.0,184.8,0.6820999999999999,184.8,325.0,144.6,0.0,9420448.0,0x8fbea0,25.5,27164788.0,12.9926379,60.90929620000001,12.9926379,60.90929620000001,12.96573,60.918780000000005,12.9657333333333,60.9187833333333,27050000,27164788,2.15,,,676158-134299,SE676158-134299,674494-133263,2887,Tisjön,31.07.2011,10:59,431.0,
39,4.5,7.003260361623143,0.8134870967741936,0.8089392857142859,1.3653741935483874,3.6969866666666666,7.983309677419354,13.13777,14.594770967741937,13.884061290322583,12.225666666666667,8.426090322580645,4.938513333333333,2.164154838709677,32.67697690376819,37.0,37.0,37.0,37.0,30.121512777551963,16.2284585166634,19.10523279217142,30.795185425498204,36.873333333333335,37.0,37.0,37.0,4.7749999999999995,0.0,0.0,0.0,0.0,7.1,22.1,20.4,7.5,0.2,0.0,0.0,0.0,42.6,0.1728,65.2,349.3333333333333,55.7,1.3,9455305.0,0x9046c9,90.0,2692589.0,5.9800544,59.09765279999999,5.9800544,59.09765279999999,5.97535,59.09575,5.97535,59.09575,2660000,2692589,5.5,1679.0,033.1B,,,,395,Vostervatnet,21.07.2011,14:02,54.0,
40,4.5,6.421925643241167,0.2491161290322581,0.13419642857142858,0.34054193548387096,2.3093766666666666,7.550022580645162,13.273603333333332,14.499183870967745,13.54478387096774,11.889146666666667,8.03466129032258,4.138123333333333,1.1003516129032256,35.04046619474835,42.0,42.0,42.0,42.0,30.750073361162606,12.897549210085472,15.057490087423124,26.764110689236382,41.016370989072584,42.0,42.0,42.0,7.024999999999999,0.0,0.0,0.0,0.0,10.1,26.2,28.5,18.2,1.3,0.0,0.0,0.0,99.8,0.27179999999999993,110.1,347.9,92.8,0.9,9491003.0,0x90d23b,12.0,2135154.0,5.8730225,58.7606204,5.8730225,58.7606204,5.8705,58.76263,5.8705,58.762633333333305,2110000,2135154,3.0,1546.0,028.C1,,,,374,Edlandsvatnet,21.07.2011,11:08,104.0,
41,4.5,5.007376612903226,0.0,0.0,0.0,0.0,1.4147258064516128,11.704310000000001,15.023696774193548,13.670774193548386,11.337306666666667,6.2355451612903225,0.6933833333333335,0.008777419354838709,13.851926074066167,16.0,16.0,16.0,16.0,15.392885491510828,7.046855596257555,6.73186891978431,10.074599861733954,14.976903019507352,16.0,16.0,16.0,7.8583333333333325,0.0,0.0,0.0,0.0,1.7,24.3,31.0,29.6,7.7,0.0,0.0,0.0,195.8,0.6899,195.8,313.0,143.6,0.0,9561357.0,0x91e50d,18.0,3393881.0,12.3858709,60.694374100000005,12.3858709,60.694374100000005,12.38702,60.695069999999994,12.387016666666698,60.6950666666667,3340000,3393881,1.3,182.0,002.GAB0,,,,252,Vermundsjøen,30.07.2011,15:32,215.0,
42,4.5,5.435310125448028,0.0,0.0,0.0,0.0,2.3699322580645164,12.948336666666668,15.506796774193546,14.110290322580644,11.795190000000002,7.0171161290322575,1.4188399999999999,0.05721935483870969,14.397161601731545,17.0,17.0,17.0,17.0,15.960166353678549,6.33139120888356,6.667361743280894,9.580580535767542,15.22643937916801,17.0,17.0,17.0,8.483333333333333,0.0,0.0,0.0,0.0,2.5,26.3,31.0,31.0,11.0,0.0,0.0,0.0,182.5,0.658,185.7,317.6,138.1,0.1,9879973.0,0x96c1a5,5.25,4147256.0,11.983063099999999,60.6817838,11.983063099999999,60.6817838,11.99235,60.68167,11.99235,60.6816666666667,3980000,4147256,1.15,239.0,002.H1AB,,,,214,Gjesåssjøen,30.07.2011,11:26,176.0,
43,4.5,7.0132839516129035,0.0,0.0,0.033280645161290326,1.0524466666666668,7.345419354838709,13.995356666666666,16.198167741935485,15.671358064516127,13.877926666666667,9.629167741935484,5.213299999999999,1.142983870967742,19.216195861485126,23.0,23.0,23.0,23.0,16.426325974246346,8.676195873283005,9.36163308193825,13.675361220793786,21.454834187560092,23.0,23.0,23.0,9.149999999999999,0.0,0.0,0.0,0.0,12.6,28.8,30.8,30.2,7.4,0.0,0.0,0.0,124.9,0.3842,124.9,349.6,109.3,0.0,10563534.0,0xa12fce,52.5,10039417.0,17.2545319,59.1218787,17.2545319,59.1218787,17.29833,59.092,17.2983333333333,59.092,9990000,10039417,2.5,,,655187-158633,SE655187-158633,653110-160070,2374,Klämmingen,02.08.2011,11:33,9.0,
44,4.5,5.23786950716846,0.0,0.0,0.0,0.0,3.071029032258064,13.696036666666668,15.324800000000002,13.656090322580647,10.93952666666667,5.695409677419355,0.45869333333333334,0.012848387096774194,11.650939637344745,14.0,14.0,14.0,14.0,12.301721560334348,4.436171593749753,5.378726073978943,7.547841420925444,12.14681499914845,14.0,14.0,14.0,9.325,0.0,0.0,0.0,0.0,5.0,29.3,31.0,31.0,15.6,0.0,0.0,0.0,191.5,0.6466999999999999,191.9,310.2,136.9,0.1,11524147.0,0xafd833,39.0,1091209.0,12.3437707,60.50138689999999,12.3437707,60.50138689999999,12.3412,60.4969,12.3412,60.4969,1090000,1091209,1.95,3866.0,312.2C,,,,2252,Rotnessjøen,30.07.2011,09:59,260.0,
45,4.5,2.781218360215054,0.0,0.0,0.0,0.0,0.0,3.3437833333333336,9.786038709677419,9.686474193548388,7.793323333333333,2.7490774193548386,0.015923333333333334,0.0,27.12905321629139,29.0,29.0,29.0,29.0,29.0,24.44953935289893,16.105258800536003,24.050507108728418,28.943333333333335,29.0,29.0,29.0,2.833333333333333,0.0,0.0,0.0,0.0,0.0,5.4,19.3,9.2,0.1,0.0,0.0,0.0,235.5,1.0427,235.5,297.9,168.2,0.0,11638293.0,0xb19615,40.5,1635030.0,7.750401200000001,59.7107084,7.750401200000001,59.7107084,7.75917,59.70705,7.75916666666667,59.70705,1620000,1635030,5.8,53.0,016.BEC3,,,,436,Grungevatnet,27.07.2011,12:49,540.0,
46,4.5,7.117177005248335,0.30435483870967744,0.30439642857142857,0.38025806451612904,2.2070399999999997,8.019422580645161,14.89358333333333,16.54180967741936,15.344793548387097,13.376253333333333,8.695809677419355,4.345180000000001,0.9932225806451612,29.780136487661274,37.0,37.0,37.0,36.88666666666667,24.446037278529545,9.468850081483964,10.71354455082508,20.280298331061225,33.56624094336878,37.0,37.0,37.0,8.825,0.0,0.0,0.0,0.1,13.2,28.1,31.0,26.6,6.9,0.0,0.0,0.0,98.7,0.3741,112.5,345.8,93.1,0.8,12413109.0,0xbd68b5,67.5,3684179.0,9.9046034,59.043997399999995,9.9046034,59.043997399999995,9.90917,59.02526999999999,9.90916666666667,59.025266666666695,3660000,3684179,4.3,433.0,015.5B,,,,487,Hallevatnet,26.07.2011,10:47,48.0,
47,4.5,6.881121227598567,0.0,0.0,0.0,1.3662066666666668,7.297609677419355,14.169453333333333,16.147632258064515,15.220480645161288,13.537823333333336,9.237380645161291,4.768713333333333,0.8281548387096773,23.445900579405837,28.0,28.0,28.0,28.0,21.416924539300446,9.398375164511252,10.36817302197343,17.815396023549006,26.351938203535923,28.0,28.0,28.0,8.500000000000002,0.0,0.0,0.0,0.0,10.2,27.5,31.0,26.7,6.6,0.0,0.0,0.0,127.0,0.3981,127.0,346.0,107.8,0.0,12521190.0,0xbf0ee6,27.75,10684443.0,11.4949301,59.1499757,11.4949301,59.1499757,11.4707,59.13316999999999,11.4707,59.133166666666696,10660000,10684443,2.1,316.0,001.A7,,,,2312,Femsjøen,29.07.2011,10:55,79.0,
48,4.5,5.427770241935484,0.0,0.0,0.0,0.0,2.1885612903225806,12.842866666666666,15.742574193548387,14.277793548387095,11.927796666666666,7.032383870967742,1.1062666666666667,0.015,12.029982726666761,14.0,14.0,14.0,14.0,13.181078200781561,5.667064914764681,6.029368078046241,8.630419230956779,12.851862295451841,14.0,14.0,14.0,8.383333333333333,0.0,0.0,0.0,0.0,2.5,26.6,31.0,31.0,9.5,0.0,0.0,0.0,188.2,0.6645999999999999,189.9,315.4,140.1,0.1,12742681.0,0xc27019,13.5,3793870.0,11.4487418,60.787628000000005,11.4487418,60.787628000000005,11.44073,60.786930000000005,11.440733333333302,60.7869333333333,3770000,3793870,1.8,253.0,002.DC3CB,,,,236,Rokossjøen,30.07.2011,13:10,215.0,
49,4.5,6.818600223374295,0.03966129032258065,0.03593214285714286,0.05880322580645161,1.8421333333333336,8.379970967741935,14.242349999999998,16.112490322580648,15.636080645161291,13.265063333333334,8.095112903225807,3.55824,0.5573645161290324,14.617684932069812,17.0,17.0,17.0,17.0,11.488653682976208,7.272403432829502,8.946477355654142,12.40581940315479,16.298865310223132,17.0,17.0,17.0,8.433333333333334,0.0,0.0,0.0,0.0,14.7,27.9,29.9,25.0,3.7,0.0,0.0,0.0,123.9,0.33020000000000005,129.1,339.2,103.1,0.3,13946620.0,0xd4cefc,21.0,1386234.0,18.5216024,59.5910863,18.5216024,59.5910863,18.52145,59.59112,18.52145,59.5911166666667,1380000,1386234,6.0,,,661084-165433,SE661084-165433,660882-165553,519,Langen,02.08.2011,13:05,28.0,
50,4.5,5.06902229390681,0.0,0.0,0.0,0.0,1.4681580645161287,10.381733333333333,14.115954838709678,13.566809677419354,11.609123333333333,7.521412903225807,2.112636666666666,0.05243870967741935,25.152882309859017,30.0,30.0,30.0,30.0,29.748387096774195,13.525239125709891,8.77938981249287,13.54064988017473,26.240921803156528,30.0,30.0,30.0,7.641666666666666,0.0,0.0,0.0,0.0,0.3,21.1,30.9,29.3,10.1,0.0,0.0,0.0,179.0,0.6333999999999999,179.0,326.9,140.7,0.0,13978509.0,0xd54b8d,26.25,19548044.0,15.022283199999999,61.193000100000006,15.022283199999999,61.193000100000006,14.94515,61.19408000000001,14.94515,61.1940833333333,19500000,19548044,2.0,,,678651-145260,SE678651-145260,676720-143363,3160,Skattungen,31.07.2011,15:39,200.0,
51,4.5,5.532958808243728,0.0,0.0,0.0,0.0,2.7443548387096777,11.575463333333333,14.570677419354837,14.102041935483873,12.361853333333332,7.927399999999999,2.90636,0.20735483870967744,17.458333007026503,20.0,20.0,20.0,20.0,19.36057562800629,9.29305995069395,8.691508091514612,13.009552368720492,19.145300045382722,20.0,20.0,20.0,7.05,0.0,0.0,0.0,0.0,1.5,23.8,30.3,25.9,3.1,0.0,0.0,0.0,161.7,0.5530999999999999,161.7,336.2,132.7,0.0,14188433.0,0xd87f91,13.5,11944109.0,16.0907178,60.6618672,16.0907178,60.6618672,16.074279999999998,60.68212,16.0742833333333,60.6821166666667,11900000,11944109,3.5,,,672474-151813,SE672474-151813,671602-154437,3384,Hinsen,01.08.2011,16:10,191.0,
52,4.5,6.196937840501792,0.0,0.0,0.0,0.22473333333333337,5.168135483870967,13.282106666666667,15.575622580645163,14.60537419354839,12.951919999999998,8.532545161290324,3.726116666666667,0.2967000000000001,18.240858076533904,21.0,21.0,21.0,21.0,18.73846216118387,8.450885843016518,9.201973614769623,15.197884351251341,20.30109094818551,21.0,21.0,21.0,7.383333333333333,0.0,0.0,0.0,0.0,5.2,26.0,30.8,23.9,2.7,0.0,0.0,0.0,149.9,0.5096999999999999,149.9,338.0,122.7,0.0,14517017.0,0xdd8319,14.25,12734192.0,11.448828,59.6823068,11.448828,59.6823068,11.413030000000001,59.71388,11.413033333333301,59.7138833333333,12660000,12734192,1.1,327.0,001.GC,,,,180,Øgderen,29.07.2011,16:38,133.0,
53,4.5,6.918366109831029,0.37729032258064515,0.2639642857142857,0.8867645161290323,3.35648,8.171870967741935,13.59699666666667,14.948896774193548,14.156583870967745,12.462546666666666,8.531925806451614,4.692776666666667,1.5742967741935483,19.566320353957863,22.0,22.0,22.0,21.916666666666664,17.27252697629236,10.798259118657295,12.172808009304257,18.712250143240453,21.923333333333332,22.0,22.0,22.0,5.575,0.0,0.0,0.0,0.2,9.7,24.7,22.8,9.2,0.3,0.0,0.0,0.0,74.4,0.2323,89.7,348.6666666666667,74.8,1.1,14847492.0,0xe28e04,48.0,2858212.0,5.8421731,58.8746395,5.8421731,58.8746395,5.84783,58.86005,5.84783333333333,58.86005,2830000,2858212,3.15,65803.0,029.2B,,,,380,Lutsivatn,21.07.2011,12:45,25.0,
54,4.5,6.2032750985663085,0.0,0.0,0.0,0.08539333333333332,6.364306451612903,14.71363333333333,16.37436129032258,15.097590322580647,12.289626666666667,7.270441935483872,2.0804833333333335,0.16346451612903226,14.23234936663107,18.0,18.0,18.0,18.0,12.443043183401986,5.06762351800429,6.087224565845544,8.053455548622146,13.136845583698882,18.0,18.0,18.0,10.583333333333334,0.0,0.0,0.0,0.0,12.1,29.3,31.0,31.0,23.6,0.0,0.0,0.0,160.5,0.4937,163.9,326.2,124.9,0.3,14908440.0,0xe37c18,8.25,1675013.0,15.7017449,59.90598539999999,15.7017449,59.90598539999999,15.702879999999999,59.90368,15.702883333333302,59.903683333333305,1670000,1675013,3.1,,,664197-149337,SE664197-149337,664338-149373,498,Dagarn,05.08.2011,19:30,130.0,
55,4.5,6.987255952380953,0.0,0.06247142857142859,0.18711935483870965,1.5843466666666668,8.65931612903226,16.21745333333333,17.356490322580648,15.721841935483871,12.842406666666665,7.745832258064516,3.0607933333333337,0.409,18.40800711767052,25.0,25.0,25.0,24.71015168113729,13.43116625013115,4.850631492281552,6.04925495927935,8.295805476122585,13.849528503146127,24.709547049948192,25.0,25.0,11.491666666666667,0.0,0.0,0.0,0.4,17.2,30.0,31.0,31.0,26.6,1.7,0.0,0.0,133.0,0.4389,136.6,336.9,108.3,0.3,15314839.0,0xe9af97,30.0,1150273.0,10.0574274,59.1633361,10.0574274,59.1633361,10.05777,59.16333,10.0577666666667,59.1633333333333,1140000,1150273,1.5,377.0,015.AA,,,,481,Åsrumvatnet,26.07.2011,12:30,7.0,
56,4.5,3.625613709677419,0.0,0.0,0.0,0.0,0.12701612903225806,7.45323,12.611409677419354,11.251329032258067,8.77467,3.289709677419355,0.0,0.0,25.21551474150118,30.0,30.0,30.0,30.0,30.0,17.827264234696422,6.961931068083315,12.238642241628458,25.55833935360602,30.0,30.0,30.0,7.075,0.0,0.0,0.0,0.0,0.0,14.4,30.7,29.7,10.1,0.0,0.0,0.0,223.9,0.7955,223.9,297.7,156.4,0.0,15417701.0,0xeb4165,27.6,1517279.0,9.207011,61.016119499999995,9.207011,61.016119499999995,9.215069999999999,61.01255,9.21506666666667,61.01255,1530000,1517279,5.05,576.0,012.LA3,,,,340,Sæbufjorden,16.08.2011,12:40,379.0,
57,4.5,4.708084964157706,0.0,0.0,0.0,0.0,1.0653258064516131,9.609016666666667,13.521493548387095,12.742948387096774,11.152783333333335,6.9407225806451605,1.4361066666666666,0.028622580645161287,20.129890814574054,23.0,23.0,23.0,23.0,22.83382636561911,12.225951984679394,8.489301589144004,15.166653550491734,21.842956284954425,23.0,23.0,23.0,6.6083333333333325,0.0,0.0,0.0,0.0,0.3,19.3,30.7,25.3,3.7,0.0,0.0,0.0,186.1,0.6666,186.1,322.8,143.7,0.0,15443601.0,0xeba691,36.0,13811705.0,10.627168,60.57422929999999,10.627168,60.57422929999999,10.652999999999999,60.53813,10.652999999999999,60.5381333333333,13740000,13811705,3.55,143.0,002.DCD11,,,,326,Einavatnet,10.08.2011,10:00,398.0,
58,4.5,4.340694372759856,0.0,0.0,0.0,0.009266666666666668,1.7128935483870968,8.917973333333332,12.952245161290321,12.061790322580645,9.879333333333332,5.52096129032258,0.9280333333333333,0.10583548387096775,32.36099063958495,37.0,37.0,37.0,37.0,34.608558485066986,23.283049389491477,12.371521764727042,22.812279432702915,36.256478603030935,37.0,37.0,37.0,5.3583333333333325,0.0,0.0,0.0,0.0,2.4,13.5,27.9,19.1,1.4,0.0,0.0,0.0,187.9,0.5898,192.5,315.8,143.1,0.4,15760151.0,0xf07b17,37.5,2071403.0,6.233078099999999,62.1461618,6.233078099999999,62.1461618,6.228619999999999,62.15305,6.22861666666667,62.15305,2050000,2071403,7.0,1945.0,095.D,,,,288,Vatnevatnet,20.07.2011,16:56,90.0,
59,4.5,5.82072211469534,0.0,0.0,0.0,0.0,4.57183870967742,13.804113333333333,15.684209677419355,14.418829032258065,12.169986666666667,7.221216129032259,1.8889266666666669,0.08954516129032257,15.906377105584713,19.0,19.0,19.0,19.0,15.860097906836803,6.39979644219057,7.53520926047654,11.039667267212643,17.041754390299975,19.0,19.0,19.0,9.016666666666667,0.0,0.0,0.0,0.0,7.1,28.2,31.0,29.7,12.2,0.0,0.0,0.0,168.1,0.533,168.7,325.8,129.3,0.1,16548800.0,0xfc83c0,30.0,2931249.0,14.4807063,59.8882583,14.4807063,59.8882583,14.480879999999999,59.8913,14.480883333333301,59.8913,2920000,2931249,3.6,,,664175-142498,SE664175-142498,663942-142417,3027,Nätsjön,03.08.2011,15:40,206.0,
