"","Id","vannlnr","vannlnr2","var1.pred","var1.var"
"0",0,3562,3562,789.765425002,6782.00443951585
"1",0,3608,3608,798.565742594683,6396.12708381402
"2",0,316,316,707.066884665616,6300.74810208228
"3",0,133,133,755.937835808703,6169.19756078631
"4",0,3494,3494,784.817294764998,5332.1128882778
"5",0,3454,3454,787.809104995573,3518.62931487762
"6",0,3344,3344,703.706802476228,6535.78085325309
"7",0,3438,3438,790.063482015521,1381.09548214118
"8",0,323,323,649.682330640915,6411.87407069158
"9",0,3415,3415,749.357174218704,4859.80649122969
"10",0,295,295,718.077925554036,6666.64645029846
"11",0,297,297,657.106974077491,5536.54453617652
"12",0,5509,5509,671.15728552574,5380.63914056866
"13",0,3208,3208,651.676693686855,6403.37055245163
"14",0,3446,3446,759.926973029642,5908.90890848176
"15",0,3268,3268,662.521411587748,6707.21559481474
"16",0,3184,3184,642.482815176529,6021.34328885431
"17",0,315,315,607.287565910771,3867.80967118347
"18",0,3107,3107,624.53262741984,6489.94396907712
"19",0,3067,3067,619.832026441747,6904.88814423936
"20",0,3067,4141,583.105724474765,3869.97979363282
"21",0,4404,4404,606.735547737785,4042.6702216625
"22",0,4298,4298,592.092829385806,3703.18710139611
"23",0,4725,4725,558.681124743621,4653.1198792596
"24",0,3981,3981,559.227753157014,4458.92901146102
"25",0,3943,3943,554.589606722019,5304.60417094526
"26",0,141,141,560.444604452421,4593.87227993723
"27",0,5505,5505,648.04955604866,5752.37985885811
"28",0,5168,5168,630.859653335121,5193.71976353668
"29",0,300,300,624.213178824371,5615.3291680156
"30",0,4313,4313,571.455017475818,6025.47348364158
"31",0,4332,4332,593.451416730647,6846.85193884325
"32",0,371,371,580.719006252323,6532.83394170658
"33",0,194,194,476.790648393814,3346.53130124563
"34",0,4448,4448,492.237569140352,5130.75917014669
"35",0,3723,33723,478.726093734711,2713.23078005333
"36",0,257,257,429.37964156915,5871.11472620856
"37",0,118,118,534.46650663114,6895.11361612501
"38",0,3954,3954,553.596808783767,5959.63513102989
"39",0,3934,3934,549.657979471021,6154.71912246261
"40",0,4041,4041,547.304603720583,5974.18072284719
"41",0,4119,4119,565.051915654929,6821.24697818307
"42",0,4083,4083,567.79938013506,6867.2820271287
"43",0,4055,4055,560.442871813797,6773.72249845172
"44",0,4091,4091,570.09804625927,6782.68406465146
"45",0,368,4267,588.777400299836,4971.16023602974
"46",0,3921,3921,521.311765771474,5238.91497343236
"47",0,3866,3866,518.110455973865,6164.46129977208
"48",0,3834,3834,512.275437956316,6514.21952943913
"49",0,3794,3794,501.252514374151,6553.71994273999
"50",0,3661,3661,495.964439782874,5480.23896515925
"51",0,3803,3803,519.074313636329,6508.65911037216
"52",0,205,235,349.576293145576,6050.32173764783
"53",0,237,237,530.800377306549,2061.66106685552
"54",0,3640,3640,495.507221952531,6418.48759000908
"55",0,3421,33421,345.979001138404,3140.21362686266
"56",0,3453,33453,354.579505200836,6601.51367793561
"57",0,282,282,458.459825862441,5256.79794103432
"58",0,2316,32316,262.421044708631,5182.04828925226
"59",0,2251,32251,245.984902778018,5529.24382675272
"60",0,3733,33733,347.849128373384,5651.38221477988
"61",0,3494,33494,365.904144963458,6257.02511629816
"62",0,3424,33424,327.354588058089,5237.51936735658
"63",0,3329,33329,260.144778927595,6335.99601164308
"64",0,2262,32262,260.151945331116,6442.98377538122
"65",0,1363,1363,216.974784670853,3748.32397641176
"66",0,1354,1354,204.173160285082,6075.72070814296
"67",0,125,125,256.577759003688,6299.85249612298
"68",0,5719,35719,197.552972890286,3713.48095737277
"69",0,3252,33252,240.5268670964,6333.05537616599
"70",0,3273,33273,254.978351756611,6788.60798199612
"71",0,1344,1344,220.971650249077,6128.56231226469
"72",0,1348,1348,195.807681472575,5621.04229294778
"73",0,5667,35667,179.0662189998,6061.71148167138
"74",0,5827,35827,185.951347508604,4232.29145300403
"75",0,4269,34269,178.718067867571,1339.90938857649
"76",0,2131,32131,221.609169716941,6647.01131384531
"77",0,2121,32121,222.945816494657,3540.31097770439
"78",0,5401,35401,169.617448804056,6846.8158647792
"79",0,286,286,423.006019547068,5496.87782143955
"80",0,169,169,257.072015528475,5016.03244741537
"81",0,4656,34656,306.619854028994,5583.79320672171
"82",0,4676,34676,295.587734138882,6590.0424064105
"83",0,4528,34528,261.378896705007,6112.31679550407
"84",0,4591,34591,264.305531058266,6249.3864167919
"85",0,4704,34704,262.65884316141,6150.16741571467
"86",0,4811,34811,312.338040264008,6097.23355911858
"87",0,234,234,257.462990969507,6126.60571364857
"88",0,2062,32062,322.811804596227,6596.31922725488
"89",0,9267,29267,331.815647755322,5305.435293219
"90",0,239,30239,327.088404847876,6341.72807776712
"91",0,9185,29185,324.800458482163,2627.02886824599
"92",0,9273,29273,332.304373575053,4505.91515451242
"93",0,224,224,327.342241161559,1945.28466985386
"94",0,360,30360,348.251420654776,2741.89716457146
"95",0,398,30398,349.322816531245,4451.28153100917
"96",0,9439,29439,342.742456731261,5146.14557275499
"97",0,9477,29477,345.288336161193,5526.89350630715
"98",0,357,30357,349.428307164726,692.642816893467
"99",0,2290,32290,299.88907857629,3560.88245543096
"100",0,2455,32455,331.965320523189,6924.22050898946
"101",0,2476,32476,335.767031454639,6983.1818111617
"102",0,2560,32560,349.806431419201,6754.87185670408
"103",0,270,270,347.46660911574,6769.50030116751
"104",0,2215,32215,258.726372537836,6885.4398725892
"105",0,2593,32593,345.013303910027,5092.37242437655
"106",0,2264,32264,256.790111994884,5414.3444249118
"107",0,2557,32557,336.447708731859,4852.06388478471
"108",0,2409,32409,290.658077210628,6456.21142761733
"109",0,2569,32569,355.290807355414,6157.46146816208
"110",0,2648,32648,374.207778961668,5423.88196724715
"111",0,240,240,381.804052906373,6313.60608934701
"112",0,2975,32975,391.78078246778,6694.74465843368
"113",0,637,637,397.598586444156,6700.54008649297
"114",0,267,267,353.412604169322,5790.85581901905
"115",0,4574,4574,538.198870973105,6822.34120448657
"116",0,4658,4658,544.020345940655,6491.52626016632
"117",0,254,254,523.493475135561,3320.89191032847
"118",0,4984,4984,598.361417880489,6308.47928536081
"119",0,117,117,590.8995229274,6576.26283810199
"120",0,4483,4483,483.522760300388,5939.33984340884
"121",0,4559,4559,486.321737805626,5766.01532794775
"122",0,4449,4449,465.81947008003,6621.03354776491
"123",0,3180,33180,422.487259510627,5301.78233985391
"124",0,4456,4456,454.004335071009,5365.09418785607
"125",0,6990,6990,458.489531288643,6260.09915657824
"126",0,6957,6957,445.270229340361,5755.03344205007
"127",0,526,526,396.083382328543,5244.80757670586
"128",0,528,528,393.393831778622,5426.28801317224
"129",0,3196,33196,419.123117141058,4534.00686038144
"130",0,3098,33098,398.256613634783,6115.9381161128
"131",0,3160,33160,401.861342586771,6035.32502168917
"132",0,613,613,384.601485182615,6318.52008800517
"133",0,614,614,380.299589324555,6128.28449505495
"134",0,568,568,363.558455149431,5694.30466890123
"135",0,3063,33063,392.346037510604,4821.57073277254
"136",0,2848,32848,377.082696697931,4198.23850779068
"137",0,499,30499,363.333638718853,6017.44428375432
"138",0,2999,32999,390.658835998744,2151.01615142668
"139",0,714,30714,368.335427266961,6852.61882160099
"140",0,538,30538,362.655561441032,6168.74161582075
"141",0,566,30566,363.586375653404,6401.46473890256
"142",0,688,30688,367.105649954857,6550.42570733654
"143",0,831,30831,364.841968345197,6413.00657147918
"144",0,584,30584,372.094906641332,5447.0955923828
"145",0,570,570,367.2815716702,5963.57916982864
"146",0,582,582,366.645296112491,6587.03082396627
"147",0,146,146,369.058106153269,5361.89848409697
"148",0,517,517,362.254574037412,6057.30815996047
"149",0,1573,1573,363.49790790802,6330.32263143695
"150",0,6340,6340,734.719075297546,5839.98737866794
"151",0,6269,6269,719.885065843991,5742.72066865175
"152",0,6384,6384,740.608568619229,6082.15604929576
"153",0,398,398,693.19715499089,6505.63757149026
"154",0,7210,7210,483.566529788737,5686.03648890704
"155",0,7277,7277,513.952563297796,4441.92088337978
"156",0,522,522,623.292394437066,5980.02652777905
"157",0,7275,7275,442.0718142034,6018.65180462726
"158",0,6778,16778,327.498963125136,4773.17416569997
"159",0,7033,17033,351.4406948219,4066.30674299775
"160",0,7048,17048,313.093627168096,6221.32674472504
"161",0,6752,16752,322.570329411488,5508.67489180757
"162",0,6699,16699,329.696996585859,4501.83919538684
"163",0,6848,16848,317.970206790116,5939.78997450354
"164",0,6340,16340,335.242722646219,5927.85153319084
"165",0,6098,16098,369.599029707073,6092.03820138328
"166",0,6183,16183,351.234616562682,6080.73721570673
"167",0,5789,15789,352.179867046873,4967.93745444996
"168",0,533,533,348.806564302782,5963.28239829303
"169",0,571,571,349.701807609255,5121.8656772939
"170",0,532,532,351.798784140011,5614.70676145232
"171",0,6831,16831,312.777164875212,6421.21350641508
"172",0,6803,16803,306.242955805297,6875.02154637978
"173",0,5896,15896,373.104434109351,6947.97229351205
"174",0,6403,16403,322.927372843273,6081.03557794414
"175",0,413,413,295.382041093028,6773.95782478175
"176",0,6670,16670,346.290408712207,3344.66758593695
"177",0,6561,16561,347.58948401131,3883.42590368045
"178",0,6358,16358,357.448075825036,5637.54449307059
"179",0,6602,16602,352.135585513001,4097.88578853515
"180",0,389,389,290.509057579387,6287.70991383513
"181",0,392,392,339.992699921256,3947.61461001874
"182",0,553,553,350.162340069254,3385.97977906155
"183",0,8142,18142,447.695433972442,6689.56116270932
"184",0,546,546,482.476315654012,6347.22172960814
"185",0,7387,7387,531.866286257385,3684.5297053892
"186",0,521,521,487.586625168185,3871.12240660742
"187",0,5310,5310,646.773859240145,6287.60970889756
"188",0,6127,6127,695.302428841339,3768.86688653193
"189",0,6212,6212,720.166838227589,1475.68332959887
"190",0,6002,6002,670.359392367601,5811.51000458773
"191",0,542,542,721.112792229535,2545.29290168312
"192",0,6112,6112,671.753364605277,6189.5436390904
"193",0,402,402,635.427860015758,5628.06637416316
"194",0,5966,5966,637.155045967555,6374.19351581854
"195",0,5923,5923,570.242534897686,4144.5320790072
"196",0,7848,17848,304.183474052192,5719.49646537746
"197",0,7989,17989,349.897677257693,6852.58623622368
"198",0,7694,17694,302.864282986152,3697.56023857783
"199",0,7543,17543,285.285671787243,5150.79512559577
"200",0,7554,17554,389.610218184745,6588.53220977328
"201",0,7451,17451,290.797083772232,4701.58628463017
"202",0,7527,17527,375.758341672003,6531.04623508444
"203",0,8187,18187,318.510947468118,5217.92490680979
"204",0,8162,18162,315.452887417778,4160.18419086691
"205",0,7354,17354,345.776549918294,5956.92375342925
"206",0,7929,17929,285.721059249392,1035.61859064856
"207",0,8445,18445,356.195727377701,6657.40346128509
"208",0,7681,17681,398.162545368789,6885.00925627213
"209",0,417,417,323.718935463375,6762.03912961692
"210",0,395,395,350.162038542197,6814.18864325393
"211",0,6735,6735,793.065984682143,1727.7225565447
"212",0,6417,6417,745.135760121824,6050.15828719392
"213",0,6253,6253,704.607883022747,6741.78288723167
"214",0,2683,12683,638.791360713311,6060.48651944578
"215",0,2658,12658,637.92890602325,5929.679224114
"216",0,33,33,653.175629136942,6443.64504481628
"217",0,5834,5834,753.207009594463,6642.21624989251
"218",0,1,1,728.079803095594,5991.48220693416
"219",0,7954,7954,780.159350629905,6603.59862741564
"220",0,8356,8356,778.604513110175,6169.7587465059
"221",0,8466,8466,777.644584091435,6011.55024683034
"222",0,1260,1260,797.918414418362,4349.45919426944
"223",0,5159,15159,720.448613256096,4961.06435591625
"224",0,5417,15417,749.391838218843,6575.43294288232
"225",0,5053,15053,747.276593295491,6463.30812729249
"226",0,7669,7669,758.369974401516,6782.44189973622
"227",0,4803,14803,744.891950190833,5987.21814679315
"228",0,6690,6690,758.836305374128,6774.4503565197
"229",0,5182,15182,702.757308549374,3718.16267390926
"230",0,5096,15096,709.550112192683,4399.66937422645
"231",0,1245,1245,709.817202761039,6214.58622349652
"232",0,4733,14733,748.725877233942,5495.36449980075
"233",0,6630,6630,748.864530134421,5674.78233284603
"234",0,6622,6622,754.034582606087,6277.17043949277
"235",0,6447,6447,745.844686533338,4168.80104165598
"236",0,1837,11837,454.300572541235,6883.13764189486
"237",0,2242,12242,553.257825122542,5974.18225679776
"238",0,1900,11900,455.401292498873,6877.62937871618
"239",0,1876,11876,465.878083255038,6894.33591899985
"240",0,8378,18378,340.07479262402,6509.68355583689
"241",0,2580,12580,549.272546771571,6145.31245784926
"242",0,2181,12181,497.174401138296,6880.42412257995
"243",0,9132,19132,406.970318494697,6486.30689764918
"244",0,2026,12026,471.072749628499,6903.68467021613
"245",0,8642,18642,348.860390392728,6169.38288118778
"246",0,2246,12246,544.541059358774,6412.11014220441
"247",0,34,34,590.687584073084,4103.26879140598
"248",0,2602,12602,567.018963377085,5990.36049389056
"249",0,2515,12515,550.286514094557,6257.37375324339
"250",0,3028,13028,670.809864458334,4723.24088963434
"251",0,2472,12472,550.594940261533,6416.25483329112
"252",0,35,35,590.813546513879,6136.67474244544
"253",0,2670,12670,573.301096319538,5885.72612220042
"254",0,3970,13970,717.849261218489,6513.34432506622
"255",0,2814,12814,584.140628800117,5737.43695688121
"256",0,4260,14260,697.42846511931,4899.36923195484
"257",0,4048,14048,696.829818716301,5767.92890175642
"258",0,4280,14280,697.482016517465,4862.60864687258
"259",0,8,8,677.367575390912,6012.66371704928
"260",0,5436,15436,697.113633083252,1835.87738803239
"261",0,1254,1254,710.208290913364,6486.42978867901
"262",0,4851,14851,695.296484429373,5923.52978388666
"263",0,7755,7755,702.642011078642,6747.26336884124
"264",0,1296,1296,694.540530094193,4246.21536991525
"265",0,1311,1311,695.056997893179,5541.95374041851
"266",0,5485,15485,701.476868477222,6796.24558078371
"267",0,4277,14277,688.836894855673,5742.28185733441
"268",0,1312,1312,687.875816667662,2505.11469949687
"269",0,1293,1293,697.861671839681,4862.56023331627
"270",0,3424,13424,663.292876490816,5978.18750109184
"271",0,4071,14071,682.516412042664,5587.86559968465
"272",0,4019,14019,684.568093352345,6223.95164825822
"273",0,2881,12881,584.774044323448,5749.57072181913
"274",0,1765,11765,470.362315461901,6472.06623096743
"275",0,3254,13254,645.909292897016,4411.84264609868
"276",0,2028,12028,410.708474503317,1420.82827491304
"277",0,3204,13204,619.745325285602,5630.00179179954
"278",0,3206,13206,491.183524658151,5049.12851346139
"279",0,4146,14146,686.477804703471,6153.51535467103
"280",0,3206,13206,607.057892799514,6785.10190519215
"281",0,2831,12831,556.269858964066,6053.00935664076
"282",0,9044,19044,377.624849108571,4971.24219002246
"283",0,2062,12062,428.427903052127,4066.08272318765
"284",0,3262,13262,628.378653175229,6365.38001024356
"285",0,1847,11847,411.714010816871,3895.98563961302
"286",0,78,78,370.936450522874,5967.25442688401
"287",0,93,93,364.627798822475,5838.73784082557
"288",0,89,89,570.283673605237,6296.32711202818
"289",0,9,9,502.029335404414,5996.77418308477
"290",0,1875,1875,626.457264380372,5568.62249086968
"291",0,1274,1274,693.907177482156,3853.83337081975
"292",0,6733,16733,320.051305932822,5862.95878609164
"293",0,3451,3451,739.561566745725,6718.36237547587
"294",0,9042,9042,793.15609902925,5000.56143549664
"295",0,1065,10651,816.689199892183,6020.68549545085
"296",0,9096,9096,781.599887986791,6260.67335147643
"297",0,9588,9588,783.11194940855,6891.30572140339
"298",0,9198,9198,780.762508414005,6455.64498189341
"299",0,9183,9183,776.93770891016,6439.81354502994
"300",0,9304,9304,786.894903919582,6356.4243167604
"301",0,1002,10028,811.995798443754,6726.57332267025
"302",0,9864,9864,804.508687974289,6825.70030933123
"303",0,1002,10026,831.377799465149,6228.37431150341
"304",0,9666,9666,753.98395949726,4539.22264000989
"305",0,1072,10729,802.458159583764,6259.7451916307
"306",0,1083,10836,809.292364776096,6516.72621315883
"307",0,1334,1334,772.493091667605,4325.33716845822
"308",0,8975,8975,731.61107937451,5992.41099553922
"309",0,8545,8545,725.631694401326,5213.71758404013
"310",0,9234,9234,745.30427331204,6208.74795980334
"311",0,8351,8351,710.554961099565,6626.06783019479
"312",0,8970,8970,744.773947780284,6229.10973597284
"313",0,8103,8103,708.195005537081,3852.19837719147
"314",0,8904,8904,724.299178714471,5713.18837052844
"315",0,1281,1281,711.434626506613,6153.10969713507
"316",0,1083,10834,804.205374310751,6214.64794609033
"317",0,9665,9665,758.675857488408,6590.72463983242
"318",0,1067,10674,810.079625831733,5629.88034294861
"319",0,1326,1326,746.374993601945,4543.28981974788
"320",0,9128,9128,727.91865589038,5358.98615976477
"321",0,8044,8044,720.506081460867,5249.91807867178
"322",0,9052,9052,727.19717997701,5903.5687622654
"323",0,1529,15297,698.707201492809,5659.57495768325
"324",0,9257,9257,732.226879781943,5296.78070312678
"325",0,8364,8364,711.327012227381,6571.27448478656
"326",0,7905,7905,713.684667140465,4142.57111697613
"327",0,1177,1177,730.11187084808,5081.6296659442
"328",0,1319,1319,721.283028790118,5994.78519714908
"329",0,1523,15238,703.370438418499,5185.75634119553
"330",0,1451,14514,698.418258476084,6419.59401003241
"331",0,1490,14900,699.740856025462,6147.00893765475
"332",0,1446,14468,698.399088434442,6205.26475129612
"333",0,1457,14576,700.535447554249,5678.50827052827
"334",0,1461,14617,700.714131468652,5810.41286364621
"335",0,1493,14939,698.403238401451,6198.11394811568
"336",0,1519,15199,698.283195651692,5846.25660266801
"337",0,1457,14577,697.099170376003,6811.81468045371
"338",0,1466,14662,694.983533973202,6441.51624470699
"339",0,1319,13190,653.121868106512,4794.03983530753
"340",0,1355,13550,676.099187627285,6163.33164306137
"341",0,1427,14270,695.823533690446,4871.12442117157
"342",0,2507,25076,700.111278037864,2809.67036653128
"343",0,2508,25083,700.249595246663,2275.94106026307
"344",0,1376,13768,673.956840152381,5726.9882059901
"345",0,1391,13918,690.174450934857,5841.4984700574
"346",0,1412,14120,693.015868281981,5629.87392478499
"347",0,2448,24487,691.894337783315,4859.72591457907
"348",0,1307,13079,639.725885334,4545.93717146295
"349",0,1096,1096,689.32140735005,5637.92324238944
"350",0,1071,1071,674.676414774089,5584.24743348092
"351",0,1093,1093,664.301060911318,5796.81135780299
"352",0,1091,1091,686.21347639581,5731.21887465992
"353",0,1135,11359,823.296418283714,5623.50937239078
"354",0,1152,11527,813.611785818848,5382.66036035838
"355",0,1164,11649,818.215400655825,6195.90735482763
"356",0,2188,21887,811.413350596049,6207.958149745
"357",0,2195,21957,802.599998887878,5638.04474956331
"358",0,2195,21953,808.093212819447,5968.89244186686
"359",0,2188,21881,812.222931686137,5347.63579028947
"360",0,2102,21027,796.740946990985,5752.28755570349
"361",0,2078,20785,787.213600398997,5509.68613380234
"362",0,2175,21759,811.874183373936,4680.48485390553
"363",0,2116,21165,804.965630087608,5284.03213700528
"364",0,1128,11283,828.465761490453,4888.68751844214
"365",0,1115,11156,836.434926307243,3205.97330322689
"366",0,1108,11088,846.50160105814,897.720245926032
"367",0,1159,11592,825.202926628598,6001.02428364761
"368",0,1126,11266,840.173830136878,2953.6584670702
"369",0,1142,11429,830.271884745608,4981.76292207755
"370",0,9659,9659,783.852692118628,5360.41643120406
"371",0,9138,9138,736.540282966691,5975.45571657707
"372",0,9074,9074,744.628953925448,5835.52583321448
"373",0,1028,10284,800.792553641985,6261.37390105486
"374",0,8578,8578,732.436153329369,4967.72078231319
"375",0,8972,8972,753.210882380596,6023.20365247545
"376",0,1164,1164,720.955980055929,3952.85111597948
"377",0,1184,1184,761.684086049949,6024.68571059251
"378",0,1162,1162,729.793677389504,4682.4122472645
"379",0,1166,11667,817.158047908563,6171.20536614816
"380",0,1116,11168,820.383454704261,6722.29011690161
"381",0,1146,11467,813.039623031196,6250.40884674984
"382",0,1138,11388,814.648117888455,6616.58956705694
"383",0,1013,10136,801.137539984203,4193.96759159131
"384",0,1000,10008,795.754018488833,5420.60035538781
"385",0,1020,10205,799.343167614069,5800.5579185434
"386",0,1109,11099,821.122837429991,6696.87366215335
"387",0,9288,9288,770.498262968672,5332.90070866985
"388",0,1075,10751,817.200430250953,5556.21978891109
"389",0,9287,9287,769.962766576013,5413.04223982753
"390",0,1395,1395,815.97018483545,6064.84035239173
"391",0,2064,20641,789.462560606836,3697.32173592934
"392",0,2004,20040,750.738424591175,6277.91451087631
"393",0,1993,19932,743.365314583502,6169.45411617846
"394",0,1950,19504,721.047759569753,6285.07225656482
"395",0,2057,20576,767.01859981223,6263.49464710157
"396",0,2572,25727,715.4759510742,6375.51914545621
"397",0,1939,19393,718.817855331888,6441.76232349061
"398",0,2015,20159,762.468343308564,5856.16933937395
"399",0,2000,20008,742.397875690936,5807.9736337639
"400",0,1974,19748,731.624987136115,5852.24845664684
"401",0,2002,20020,749.784682009935,6209.83194833543
"402",0,1989,19891,747.250311250485,6614.26586518366
"403",0,1432,1432,795.517460154179,3009.8935665965
"404",0,7914,7914,722.831856189011,6474.30188011652
"405",0,1930,19305,717.53713229452,6526.09973595749
"406",0,2086,20861,801.314469488131,3097.14969848755
"407",0,2069,20691,789.109794160782,4018.66201826897
"408",0,1406,1406,746.824214952479,6594.76140294427
"409",0,1407,1407,742.250746350737,6660.48576231386
"410",0,1411,1411,719.737529248356,6506.66402731459
"411",0,1423,1423,771.223825846842,6043.26052336164
"412",0,1983,19834,740.021116817167,6274.93215192643
"413",0,1535,1535,784.84000609011,6228.48941964479
"414",0,1970,19707,718.338559649878,4451.36652666122
"415",0,2508,2508,725.615063156474,5879.8893566808
"416",0,2143,21432,800.115556010447,6007.47329367117
"417",0,2152,21529,803.168785991511,5429.30952910442
"418",0,2109,21092,783.864501666442,6842.31966140428
"419",0,2098,20986,784.195155203072,6832.48166039797
"420",0,2068,20686,760.398846242173,6429.61387469663
"421",0,2024,20242,750.023084499492,5777.55580816171
"422",0,2025,20251,741.206015663784,5415.03086152189
"423",0,2048,20487,762.736832648865,6277.97932643921
"424",0,2042,20425,757.97645661022,6149.22058033853
"425",0,2045,20451,748.469659423953,6066.71382588269
"426",0,2029,20292,759.792228341547,6026.16349062717
"427",0,2069,20694,757.309285867002,5327.82353779825
"428",0,2054,20545,752.71335872999,5680.45004604402
"429",0,1526,1526,740.435049984215,5043.07237642181
"430",0,2007,20070,733.887981561549,4526.60610870476
"431",0,2104,21042,773.304687967088,3081.25716436807
"432",0,2009,20096,738.496702577829,6639.66581890118
"433",0,2035,20353,745.892567326207,5962.99890663754
"434",0,1977,19772,732.555657034825,5617.64572796043
"435",0,1991,19912,725.300107503617,3218.37239601611
"436",0,1988,19882,724.969606704736,3200.74341393698
"437",0,2018,20180,737.706774598374,5342.91931947878
"438",0,1956,19566,720.823072820008,5494.40484474101
"439",0,2026,20262,742.976399667532,6085.66990609084
"440",0,1993,19930,725.896887337718,3607.23720364898
"441",0,1961,19615,722.385593812268,5522.35891035165
"442",0,1988,19887,728.944322690306,5856.87973112455
"443",0,2561,25619,704.129754209568,5855.93829590797
"444",0,2539,25392,705.308227109868,4028.64101180464
"445",0,2540,25406,705.279618881936,4222.00938180154
"446",0,2527,25271,702.35172222444,3629.68693045158
"447",0,1956,19569,708.628278114104,2345.93863460594
"448",0,2523,25237,702.200452355655,2231.23064728456
"449",0,1950,19501,711.06649636454,4590.29289084956
"450",0,2526,25267,702.506132135256,3269.24879582381
"451",0,2311,23119,705.465144809713,5305.70806855595
"452",0,2529,25296,702.713817256345,3460.3245480987
"453",0,2552,25524,703.448118280066,6204.22350572451
"454",0,2555,25559,703.657235425747,6151.00361338384
"455",0,1934,19345,709.887116580204,4978.21346338836
"456",0,1668,1668,708.363700902572,3033.91941287785
"457",0,1679,1679,704.585145927171,6321.0794937378
"458",0,2520,25208,698.896246635567,5423.20919473675
"459",0,2488,24888,691.454256151897,6516.8160373058
"460",0,2460,24607,692.197202829551,4127.17968638174
"461",0,2443,24435,686.812205947239,5801.10812420181
"462",0,2490,24907,695.109994355266,3492.61236653315
"463",0,2504,25040,699.766112807582,1584.36263337613
"464",0,2551,25518,702.438957256661,6319.6575971126
"465",0,2381,23811,679.835661996735,6174.14849154871
"466",0,2393,23931,674.900485487991,4623.04647179516
"467",0,1853,1853,675.86320673798,6836.67008800147
"468",0,2354,23544,645.671394374957,4723.6233464516
"469",0,2349,23497,646.764164698513,5744.64414110791
"470",0,2338,23382,634.739097434262,2015.602283764
"471",0,2022,2022,637.692880701296,3163.47477499691
"472",0,2270,22704,683.249397915561,6797.36839022576
"473",0,2282,22827,686.189180656902,6241.565415365
"474",0,2279,22797,688.031793668942,6529.39367017124
"475",0,2288,22880,693.726408070637,5953.59701654772
"476",0,2289,22892,693.999431563422,6031.81852383792
"477",0,2291,22913,696.019695531976,6039.69538938135
"478",0,2035,2035,670.222978545733,5862.47571285963
"479",0,2034,2034,661.38926239523,3648.6468294108
"480",0,2678,26786,661.687108762475,3462.97675331989
"481",0,2677,26777,659.574729961899,5994.13256018164
"482",0,2693,26930,652.771897714219,5980.37145159571
"483",0,2662,26625,671.540563490025,4522.5127787005
"484",0,2339,23395,642.134014407198,6112.76341914042
"485",0,2337,23377,638.281872655787,4141.77322754777
"486",0,2251,22519,670.255287802824,6637.61365410484
"487",0,2251,22511,669.666589023359,6522.91063377175
"488",0,1476,1476,673.291281440478,6751.36590940108
"489",0,2237,22378,664.590615516894,5899.24280855336
"490",0,2224,22242,649.717711066924,4340.88329859863
"491",0,2231,22310,657.425914774823,5223.48170767496
"492",0,2232,22327,658.775058080438,5593.76072078643
"493",0,2198,21989,642.657495919164,6231.8148601169
"494",0,2199,21990,641.822403099289,6168.88933209276
"495",0,2701,27014,618.091755756252,4877.66394242186
"496",0,2203,22030,630.624358102931,6249.15914837202
"497",0,2204,22049,638.658695289797,6454.66726121511
"498",0,1482,1482,639.082287592614,6705.25747156197
"499",0,2765,27659,602.52714767053,6514.20617831363
"500",0,2704,27045,618.80495688512,5409.89793330111
"501",0,1494,1494,626.774627232101,5022.28702169943
"502",0,2778,27782,558.658132961203,6020.08820944833
"503",0,1178,11780,526.051750437214,6321.3314746278
"504",0,1258,12589,606.179824878716,6077.92327953125
"505",0,2329,23293,596.699590798483,4050.04313712481
"506",0,2780,27807,607.594902661775,5820.5467511449
"507",0,1888,18887,511.379046162651,5726.92265923804
"508",0,1871,1871,601.9772921976,6016.46015409679
"509",0,1702,1702,579.917978100504,5224.69750866238
"510",0,1705,1705,630.748918222924,2425.00593369035
"511",0,1870,18704,416.961055613423,5481.03239410552
"512",0,1890,18902,452.627543852077,5496.41594642232
"513",0,2755,27555,493.164359823325,5272.99603942152
"514",0,2751,27511,594.138598757235,6294.43204675013
"515",0,2783,27830,521.996018233947,6086.95352337796
"516",0,1811,18118,446.965616155979,1689.88527985185
"517",0,2747,27475,503.722443913288,5999.99406204078
"518",0,43,43,487.155172201777,4870.16037767541
"519",0,1720,17206,349.098135828514,4808.69607522472
"520",0,1853,18537,428.364106739354,4121.98440221569
"521",0,1713,17138,373.446055977217,5583.53096031461
"522",0,1730,17305,348.924922111754,5170.12691039923
"523",0,1789,17898,405.101109484304,3697.54461143339
"524",0,1666,16663,430.111615235648,6582.2791270294
"525",0,1651,16510,411.405277978367,6131.03690939353
"526",0,1648,16481,501.067355391664,5962.91984880142
"527",0,1648,16482,404.076824582097,6046.69217765587
"528",0,2010,2010,581.118832996919,4959.00708046951
"529",0,2732,27329,639.180999160203,5132.0456653084
"530",0,2734,27344,634.953796943995,4406.42358708819
"531",0,2724,27241,645.606765682525,6432.3602134417
"532",0,2725,27258,627.326188204117,6765.27728416468
"533",0,2736,27369,634.029753910503,3790.15898802234
"534",0,2733,27337,604.999306121471,3205.27036340518
"535",0,2013,2013,631.193929080791,3123.99030802655
"536",0,2691,26917,629.819825426325,5707.75373218969
"537",0,2738,27383,634.607710897631,3761.67391017779
"538",0,2016,2016,647.318039315901,6567.8325449292
"539",0,2700,27008,637.642723156113,4024.60906986653
"540",0,2692,26928,647.058668670087,5787.04834768528
"541",0,2666,26661,661.661487253044,6936.63234425254
"542",0,2661,26614,660.993982520175,4799.04969430512
"543",0,2650,26509,664.04881586875,6655.17093611347
"544",0,2903,29038,657.77855537247,6031.42938065717
"545",0,2588,25885,654.999875845046,6081.95438852584
"546",0,2059,2059,673.623935813158,5867.48349650411
"547",0,2628,26283,672.686902958057,6679.71413515686
"548",0,2630,26307,670.78922168674,6604.64645217202
"549",0,2632,26327,684.413964558526,6843.15038179188
"550",0,2637,26376,683.133612934135,6309.5931121343
"551",0,2634,26346,686.593884385025,5858.84034329091
"552",0,2597,25974,683.556142840147,5502.80443318419
"553",0,2607,26079,700.119559500028,6230.33322271215
"554",0,2595,25953,680.428500247431,5956.00662638095
"555",0,2596,25960,688.197654255783,5962.11131535172
"556",0,2581,25813,680.539745703651,6491.77759818102
"557",0,2595,25958,679.875861803318,5790.48010202683
"558",0,2624,26240,693.402310894917,5715.60585349136
"559",0,2823,28238,534.722753644228,3621.22618705784
"560",0,2823,28232,548.893995451904,6391.41242743713
"561",0,2822,28225,545.294696589168,5738.23326321785
"562",0,2590,25900,701.104370464524,4591.25987000248
"563",0,2581,25811,701.742397478179,5907.98201846672
"564",0,2577,25776,701.73552787392,5847.68816363515
"565",0,2892,28922,649.556099607785,5978.87674277491
"566",0,2888,28883,658.310755164762,5202.77115339631
"567",0,2880,28804,669.670313708048,4579.46822734573
"568",0,2881,28816,678.035016600346,5922.98673842176
"569",0,2879,28791,651.64115408731,6407.66614925204
"570",0,2901,29015,664.633577508614,6374.56448263519
"571",0,2888,28881,658.537020435481,6471.53647812419
"572",0,2899,28999,680.580812156454,6796.74883623232
"573",0,2577,25774,678.088321174188,6555.83091837126
"574",0,2576,25767,688.40547284125,6702.55343421518
"575",0,2714,27148,593.437411954537,6186.60085713042
"576",0,2986,29862,464.114917380812,6422.20679528568
"577",0,2984,29843,461.19310435537,6316.46183388131
"578",0,1605,1605,448.362715643768,5035.7912262862
"579",0,2718,27187,527.861259640523,4204.2723464521
"580",0,1568,15683,414.029680179152,6434.01022529516
"581",0,1565,15657,434.379060772805,5897.50811676561
"582",0,1591,15918,394.094831862751,6829.18823593132
"583",0,1589,15895,399.33496107797,6746.19029694787
"584",0,1590,15906,399.221138282953,6720.20156901994
"585",0,1512,1512,393.67795615831,6854.14348211134
"586",0,1558,15587,426.280706937781,6151.6803854208
"587",0,1623,16235,424.606974748089,5854.1930176075
"588",0,1556,15565,382.904233101642,6477.77752012747
"589",0,1554,15543,420.877210963867,6222.73543027359
"590",0,2999,29997,376.490767641228,4124.49758421387
"591",0,3012,30121,373.822742646464,5886.1129025196
"592",0,1567,1567,365.167047097645,6123.08676297956
"593",0,3000,30003,396.134592383539,2705.14793522018
"594",0,3002,30027,381.717171927452,3602.03386231634
"595",0,2966,29669,369.740328277654,6611.31426077335
"596",0,2962,29629,369.331356883682,6725.46753962779
"597",0,2960,29606,365.014247649537,6855.01787943407
"598",0,2933,29333,344.324061795046,5064.54084988212
"599",0,2944,29447,372.641964524336,5621.18462510026
"600",0,3045,30450,356.729845077654,3926.55893530875
"601",0,3042,30429,356.496921838143,3875.13854929194
"602",0,2950,29509,348.033163987672,5873.51594938195
"603",0,1600,1600,355.197452939633,6740.69755146987
"604",0,2840,28406,621.134265751178,3646.04830298862
"605",0,2851,28517,611.301874828534,6988.07074253139
"606",0,1743,1743,604.515888476776,7001.09960277653
"607",0,2856,28562,648.300621584351,5837.38335693441
"608",0,1643,1643,649.276931207125,6428.18712011152
"609",0,2861,28618,625.832768116163,5871.90637587583
"610",0,2851,28512,616.112487050451,4858.1566041729
"611",0,2956,29566,538.438950252273,6930.99299382273
"612",0,2951,29516,444.360083148404,5567.72978339414
"613",0,2944,29446,460.708385588327,6184.43304755847
"614",0,1735,1735,453.99746618431,5219.43002627026
"615",0,1734,1734,500.211222524874,6623.66720902973
"616",0,2832,28322,526.478120325781,6045.8685065919
"617",0,2959,29599,532.363324127797,6994.75923746241
"618",0,1655,1655,529.469157694118,6984.85132444444
"619",0,2835,28354,601.288610598176,4066.50934851493
"620",0,2832,28325,574.626012657638,5707.10084404876
"621",0,1751,1751,553.472271146722,6169.78282712487
"622",0,2818,28187,543.646537324205,6423.24914097786
"623",0,1165,11658,525.123775903525,6817.30308983197
"624",0,2813,28139,527.540684479169,3728.00876203743
"625",0,1774,1774,544.478600541016,6305.57902328972
"626",0,1813,1813,456.895737370428,5611.69404672709
"627",0,3109,31098,427.76444459365,6819.97083227972
"628",0,2928,29286,473.148849453314,2361.51578909345
"629",0,2807,28070,500.607766399453,5493.83983279716
"630",0,0,29373,478.582917185407,4587.37070892067
"631",0,2812,28120,496.676896841758,3578.0302314997
"632",0,1806,1806,366.777991214982,6832.79791066998
"633",0,3124,31244,241.206295791621,6661.79753399537
"634",0,3144,31447,322.923516577004,6674.22676111412
"635",0,3107,31072,479.44579125774,4442.11386347255
"636",0,1930,1930,442.504519693594,6144.25529504151
"637",0,1941,1941,408.14673776772,6828.21952026741
"638",0,3184,31843,343.142633331617,2185.5898197669
"639",0,3161,31611,295.944103030191,5172.27876212126
"640",0,3187,31876,332.106566126124,2611.63923659268
"641",0,1959,1959,351.586145290288,4777.79176324597
"642",0,3149,31494,280.69794689422,2423.98571220388
"643",0,1983,1983,299.087880541406,6518.64434447115
"644",0,3130,31309,311.932988052141,6051.64822026349
"645",0,3132,31323,285.534408723627,6093.21255142224
"646",0,3139,31391,267.386369015904,6904.50130074097
"647",0,3159,31591,297.789819501584,6291.29408338333
"648",0,3139,31398,275.715652928906,4173.84175758277
"649",0,3148,31485,279.605314281335,5783.86783793418
"650",0,1987,1987,306.237089046767,6142.07932520319
"651",0,3121,31213,211.639465463557,612.002390685829
"652",0,3451,34515,301.002776035731,6015.38186248609
"653",0,3131,31312,252.231964483833,6477.20371752927
"654",0,3411,34111,222.635175348469,5797.41878859607
"655",0,3435,34355,278.874715254947,3287.25349744802
"656",0,3427,34273,270.178172341337,915.921257268949
"657",0,3664,36642,156.968390733974,6022.58278776547
"658",0,3666,36668,158.133189387175,5351.68553748712
"659",0,3385,33854,163.726635308845,3829.72019136959
"660",0,3662,36625,156.544389369089,5663.01060131509
"661",0,3402,34029,201.354415025868,6313.01320144946
"662",0,3644,36440,162.353804589726,5330.20065141429
"663",0,3639,36395,168.582092299835,6264.01546747284
"664",0,3643,36430,163.003193331573,5426.38958768711
"665",0,3652,36526,181.041867169177,6957.36625393456
"666",0,972,972,186.718142063601,5751.91139428779
"667",0,3734,37343,199.969358463922,3491.33986367693
"668",0,3736,37360,197.107322199779,3992.68067212261
"669",0,3729,37299,195.47210711909,5841.16030603564
"670",0,3721,37217,209.574232734399,4802.21470654592
"671",0,2524,2524,187.077188958065,6106.28446512346
"672",0,3726,37262,210.686351209488,2840.6923162598
"673",0,3715,37153,209.133589895189,6420.87315795123
"674",0,3697,36971,213.29794097176,5651.44776915374
"675",0,3673,36735,225.044881995925,5462.51073603534
"676",0,4175,41755,231.215733846367,6253.17970882008
"677",0,4154,41542,235.299221468614,5451.47258248775
"678",0,4147,41470,242.456726238657,2393.53209585726
"679",0,3445,34454,243.492665109182,6207.38477472665
"680",0,3405,34052,177.876975962326,5030.97185894775
"681",0,954,954,191.257586809267,5673.71763199159
"682",0,2104,2104,211.678693994614,6094.87915187546
"683",0,3793,37939,155.769319708968,6459.43199877639
"684",0,3375,33757,153.999397561275,5352.45741119826
"685",0,3756,37568,173.274880840962,6661.8804060351
"686",0,3744,37448,180.207163858031,6094.3959738622
"687",0,3557,35571,186.053657755491,6244.91827218433
"688",0,3527,35273,171.305194426274,5044.15921320697
"689",0,3561,35619,192.687227951322,5583.89191133058
"690",0,3521,35218,169.74308620728,6045.05424856592
"691",0,3555,35551,197.138443559206,5366.80896058567
"692",0,3530,35303,173.110897261946,3471.65555384185
"693",0,174,174,174.973844476557,521.833595808412
"694",0,3562,35629,196.994623256703,4401.95566608617
"695",0,1360,1360,196.808107586867,6043.24463521448
"696",0,114,114,185.298941502646,5794.40587812532
"697",0,3800,38004,152.11690473101,5826.09269571236
"698",0,3377,33772,152.542981948033,6509.42802934372
"699",0,3380,33809,153.802456681134,6779.42987048065
"700",0,3801,38016,151.876969053478,6039.67761347951
"701",0,877,877,152.926152065724,2314.51166072627
"702",0,888,888,159.809903286306,3398.55867014001
"703",0,9055,9055,786.171127553244,5823.41177350602
"704",0,1073,1073,666.63049779593,3985.05723201209
"705",0,0,36046,198.266243559717,6160.4469446579
"706",0,0,36132,185.6476838775,6882.84692354041
"707",0,0,21849,811.121622973652,6119.40287086298
"708",0,0,51330,91.3734282140963,4944.63443285423
"709",0,0,22763,686.257414168195,6545.38491053396
"710",0,0,46838,156.463733128118,5903.84400144636
"711",0,0,46606,185.137485311197,5852.5091776178
"712",0,0,7891,719.937131987967,6144.94136790855
"713",0,0,9453,797.907065385588,6179.62955810613
"714",0,0,2385,105.33486063786,6005.04793093035
"715",0,0,45398,146.448570483337,6083.75074431686
"716",0,0,817,205.193696083101,6529.79235890547
"717",0,0,44574,243.004872687177,6197.48134540088
"718",0,0,44519,230.684708894087,6839.78562715476
"719",0,0,44786,241.349277159808,6272.41286390315
"720",0,0,42494,235.269475988397,5887.21933954455
"721",0,0,42927,261.46243647504,5937.57421149914
"722",0,0,42178,245.389289564852,7072.68153968599
"723",0,0,42711,262.899223691784,1877.43874167456
"724",0,0,59101,67.4402463241559,3829.88697729842
"725",0,0,59291,68.894927607965,2673.06571772501
"726",0,0,59351,75.7105453469467,6688.94766622535
"727",0,0,56324,99.5294299838635,6128.67844698772
"728",0,0,56905,87.6468433724031,6879.70041102481
"729",0,0,56466,83.2938038164516,5212.19708200786
"730",0,0,53540,89.8461810730165,5185.5790215335
"731",0,0,56427,98.9015644968955,4811.5589160503
"732",0,0,53020,100.023969236275,6391.71126603551
"733",0,0,1708,109.194275843054,6257.09367010515
"734",0,0,49711,116.0344542337,5033.89454704456
"735",0,0,50724,109.682267122295,6163.88580371508
"736",0,0,62563,83.6974601955982,5036.17171516295
"737",0,0,62816,83.1812707453697,6558.00714187416
"738",0,0,60294,88.6148781047624,5520.77608401837
"739",0,0,61139,68.0862881171425,6596.12721718629
"740",0,0,2275,86.6907350312254,2399.85857153482
"741",0,0,62402,85.3011034241364,6208.13883486066
"742",0,0,47724,169.894176781686,3187.48554561116
"743",0,0,12403,490.659400193674,5033.81746023056
"744",0,0,2229,84.0960036450151,5669.18674959342
"745",0,0,2231,91.3099594820269,3815.26349572153
"746",0,0,53743,89.4878538558006,4956.71413958469
"747",0,0,40167,243.471836700691,6927.19516905106
"748",0,0,39511,268.527960716112,3691.747595489
"749",0,0,39776,265.5816435381,3321.24906177232
"750",0,0,38610,249.235182609228,5149.14767361886
"751",0,0,1137,229.788203314803,4890.46964465326
"752",0,0,40079,251.160557690322,6551.83887506342
"753",0,0,40484,239.545551560768,5008.70936812112
"754",0,0,38057,227.7378251527,6631.58295203798
"755",0,0,924,257.927166030389,6017.10434460357
"756",0,0,37159,218.756765289361,3334.5691672604
"757",0,0,40373,253.615524653893,5082.31476693364
"758",0,0,41272,251.379704776095,6989.88329573804
"759",0,0,41964,253.12732008288,7007.75667495257
"760",0,0,41814,255.440108349637,6161.81107324205
"761",0,0,65209,85.8326248600265,3847.73863800096
"762",0,0,65100,98.565524000646,3618.00000240247
"763",0,0,63606,85.3361602788675,2707.43514939045
"764",0,0,63457,90.5003012276006,7045.85864063616
"765",0,0,58317,118.055935035316,4978.41378210774
"766",0,0,54716,83.4059836419018,5445.45876234808
"767",0,0,52936,118.210594289183,4822.70631649699
"768",0,0,55049,85.6152595035551,4430.80395294494
"769",0,0,35983,104.848829068005,7018.0322499871
"770",0,0,501,243.455830954705,5526.85616307891
"771",0,0,35983,191.656399077417,3777.61053936598
"772",0,0,930,257.852873839637,1736.43443857747
"773",0,0,1039,118.093725756889,7082.49631471582
"774",0,0,1683,696.262336809925,5381.96824901008
"775",0,0,45689,157.5472429823,7078.54594969429
"776",0,0,804,166.748737942491,2646.02709175081
"777",0,0,43929,196.649416940278,6257.60132253987
"778",0,0,48637,110.580084344195,5962.04165828744
"779",0,0,8672,740.85379993265,5821.03407789761
"780",0,0,1193,110.869587533132,4588.95283644396
"781",0,0,1003,166.089397695658,1813.07544483225
"782",0,0,46146,187.524161335583,6334.67917021752
"783",0,0,45963,185.126724964577,6378.11234250355
"784",0,0,46678,203.798763609569,6578.32332544093
"785",0,0,2491,229.516577550762,6268.30652764156
"786",0,0,44358,220.017807265737,5689.40931271153
"787",0,0,44849,256.53521930905,5808.1750787413
"788",0,0,42053,243.342618048476,6312.87379431006
"789",0,0,42969,267.280894909565,6300.25893739257
"790",0,0,58831,69.4152120834287,6339.50963248319
"791",0,0,58969,67.7426404537624,5371.61146377229
"792",0,0,56023,87.6721070799176,5781.20441427952
"793",0,0,56269,99.6382412096802,5331.96929053947
"794",0,0,59680,78.0384315409154,6882.39243925617
"795",0,0,53249,94.4722518687234,4608.41276523193
"796",0,0,52999,99.541334001131,6056.74730596761
"797",0,0,52329,111.504247696997,6581.66803706726
"798",0,0,52307,112.27641438108,6474.92893591212
"799",0,0,49688,115.258517963117,6099.32910289003
"800",0,0,2304,80.2314329778749,7000.33458797764
"801",0,0,62355,84.4434135485618,5623.01627421306
"802",0,0,60265,92.6779356929992,6544.10116641675
"803",0,0,61009,71.6574657645403,5215.09141165801
"804",0,0,60196,91.2977371010649,4196.26805285816
"805",0,0,61612,71.9051401115157,3257.73111863207
"806",0,0,49160,104.251320827014,5426.7548153186
"807",0,0,47367,157.819640741298,6558.48729317118
"808",0,0,59885,77.4811412639724,5987.39228593292
"809",0,0,23763,668.493558473029,6510.0152037836
"810",0,0,35326,185.605620311254,5313.15094506227
"811",0,0,60044,79.5418719775298,6692.41830119358
"812",0,0,57217,85.7604804264869,6697.39630381269
"813",0,0,57172,86.3475365413314,4013.66326844339
"814",0,0,57661,83.6775621730385,2166.02856829585
"815",0,0,54591,83.3903587546761,6007.73350697626
"816",0,0,54351,86.1631955897482,6062.76472899396
"817",0,0,57825,85.1495853311724,5576.69454413433
"818",0,0,38667,261.865461149665,6147.09463840139
"819",0,0,39356,256.867922768273,6471.13718787499
"820",0,0,39071,263.03540646941,4944.37045255808
"821",0,0,38926,265.23994341364,3516.3750181144
"822",0,0,39773,245.349135402796,6546.47109828866
"823",0,0,40469,260.224258134483,5693.18168923301
"824",0,0,39394,267.339432967724,5517.9267573919
"825",0,0,38623,245.826129215131,5561.28798959004
"826",0,0,38975,253.249956380785,779.327388123359
"827",0,0,43667,244.586594206685,6286.06827835829
"828",0,0,1142,236.573521212574,4703.9569900317
"829",0,0,41852,259.705868101443,6295.58459767604
"830",0,0,41056,253.672258709581,6733.33179884387
"831",0,0,36864,233.567787087695,7021.47072071937
"832",0,0,37072,224.433423900247,6171.73774854908
"833",0,0,37109,215.648964216944,6100.36608035507
"834",0,0,64288,89.5454003834814,6825.9705914106
"835",0,0,2447,92.0515489708264,6504.53454042799
"836",0,0,63380,87.8342336505061,6124.38780348166
"837",0,0,58521,143.215111539535,7184.02715987058
"838",0,0,58410,120.761633236294,6558.23366396475
"839",0,0,58250,100.46477056997,6051.05928537752
"840",0,0,58233,98.9990583897163,6079.67044062345
"841",0,0,34098,216.699247760699,6172.69366821013
"842",0,0,16336,421.42085763782,6010.41829379044
"843",0,0,49514,103.501603928013,5757.15795495054
"844",0,0,35977,193.315380510632,4204.94744833957
"845",0,0,36088,202.872625294099,5410.17837009213
"846",0,0,523,457.270524768194,5636.66968811743
"847",0,0,696,261.213235104699,6164.91519105176
"848",0,0,10069,755.479150154174,3107.01563969342
"849",0,0,23363,632.543774983512,1352.51150312335
"850",0,0,48635,113.296004430545,6862.05807833182
"851",0,0,1222,120.133945589935,5854.46226724157
"852",0,0,1064,693.332276019634,6771.53920569027
"853",0,0,1529,735.108437720311,5492.22998827035
"854",0,0,48034,142.892799436536,2860.12809189709
"855",0,0,45761,166.357128870333,2547.39812056157
"856",0,0,46677,215.304508749648,2673.1022835987
"857",0,0,44049,197.199380347827,3480.31047825862
"858",0,0,469,224.12644527743,6599.18954584128
"859",0,0,43277,252.695590702515,7049.96529053738
"860",0,0,482,265.562660693876,5470.28107542301
"861",0,0,43061,267.419530122693,4902.65094642534
"862",0,0,43245,267.571336655704,4458.44443664969
"863",0,0,45182,237.395412431807,6122.36406614163
"864",0,0,454,268.991676232633,6425.51529574707
"865",0,0,806,222.209631499484,3505.88587892818
"866",0,0,51996,96.1782629865331,6117.94909307392
"867",0,0,59345,68.1433728611282,1486.94776721761
"868",0,0,58757,71.7366409637197,6065.8854240941
"869",0,0,59613,80.9698301753933,3124.77654527386
"870",0,0,56638,86.9910908200162,6007.73138485083
"871",0,0,53277,98.4559410061972,7154.25898758511
"872",0,0,56697,89.329037527505,6163.37631585793
"873",0,0,52838,115.81800423146,6569.25103562465
"874",0,0,2416,104.678663794588,6357.66318277873
"875",0,0,2380,107.457099277387,5322.53785136396
"876",0,0,48184,108.538690826932,6666.78016016179
"877",0,0,50807,109.023777830345,4724.73951180092
"878",0,0,48664,114.680485313423,2178.06321105224
"879",0,0,12371,546.252574334857,6601.30138038871
"880",0,0,47762,163.650977580027,4749.45199389517
"881",0,0,64014,87.0876069288627,5546.24858327384
"882",0,0,60492,81.4985443470587,6320.06244477762
"883",0,0,61785,75.8399310645025,6892.33068201226
"884",0,0,61081,67.2225718826303,7023.13602563294
"885",0,0,61330,69.9068357342246,6366.38157855423
"886",0,0,59626,70.6078890825372,5339.47143047699
"887",0,0,47133,125.890823001328,5399.69161614433
"888",0,0,14198,687.199495242361,6129.65316490139
"889",0,0,60619,79.4242277962452,4554.7727236177
"890",0,0,62019,79.4263422944363,7155.65053484023
"891",0,0,2423,85.7604467880842,5259.95486245437
"892",0,0,739,233.785678375689,6690.58688012849
"893",0,0,2286,86.0144054031276,6011.542965473
"894",0,0,57598,86.0003639211377,6183.00864298338
"895",0,0,2227,85.65882378932,7187.45821886998
"896",0,0,50619,102.12877558146,7001.86994621901
"897",0,0,54046,86.7556072163603,7053.71414061493
"898",0,0,49720,91.9814286198286,6523.99672906621
"899",0,0,38909,266.298349785687,2726.97822920672
"900",0,0,731,255.9902172808,6551.57698578799
"901",0,0,719,258.137074497504,6504.31374313149
"902",0,0,39029,257.387878080846,3679.80046739219
"903",0,0,40687,231.853411810781,5228.33307255925
"904",0,0,40993,255.297692666942,6912.98702275042
"905",0,0,40663,248.993110969548,6155.75366470075
"906",0,0,38259,258.111860886594,6056.82194421567
"907",0,0,37058,224.801377051047,6314.74787658824
"908",0,0,37123,214.29656485362,6173.11968952985
"909",0,0,37047,226.213972187973,6331.54717052791
"910",0,0,39647,257.224129622582,5326.28058143772
"911",0,0,1149,243.555172938674,5573.33251033741
"912",0,0,63141,90.6125550354215,6743.79175855397
"913",0,0,50163,90.3263976208181,6136.55254809205
"914",0,0,58209,102.521650697856,6542.70337841155
"915",0,0,58168,104.588305128798,5530.96544395139
"916",0,0,58283,106.964851351535,6308.35919045659
"917",0,0,50355,96.1472352061916,5919.36528426068
"918",0,0,47746,139.071840582749,6992.49626707246
"919",0,0,36049,191.381899275737,6128.16952812604
"920",0,0,36086,200.905838655318,5605.63355726376
"921",0,0,36199,192.536958019744,6153.83524540107
"922",0,0,1399,750.724616087815,6405.16628557869
"923",0,0,45598,160.538977008991,6411.53993156068
"924",0,0,45794,172.118817002152,4491.2540734633
"925",0,0,837,169.152874218872,7087.82847139253
"926",0,0,14005,680.168892306374,4688.08049066811
"927",0,0,5855,759.433518954038,6800.77966487613
"928",0,0,45435,146.527158371554,6578.08339226783
"929",0,0,807,212.71741114657,3451.7477341338
"930",0,0,46687,199.508079502734,6950.92176479482
"931",0,0,756,238.116309619357,6249.92861601069
"932",0,0,42871,240.230214972472,6535.17241305017
"933",0,0,42432,251.68472598111,5356.83579772857
"934",0,0,45164,237.309281705478,5831.60728930792
"935",0,0,43591,270.862483668458,4861.96622883874
"936",0,0,51091,87.6872354601809,6783.29777950069
"937",0,0,58785,68.4157629146682,6895.06883081414
"938",0,0,58941,73.2360750869303,6705.92407220537
"939",0,0,59260,69.8184749059976,4144.901449257
"940",0,0,55473,97.819202712597,6299.79165434348
"941",0,0,55447,93.1582065125651,4658.37124995974
"942",0,0,2348,83.4848310958274,6211.65953367791
"943",0,0,56436,90.6120910981354,6984.14892558073
"944",0,0,53296,92.098310408008,4547.74416611534
"945",0,0,53054,89.996930712599,6435.591359665
"946",0,0,53405,97.8111157894887,7218.05419069031
"947",0,0,53599,97.0841168117906,6937.8364903332
"948",0,0,53099,100.695503728331,6306.26311506891
"949",0,0,52496,100.70949039583,5589.08688392412
"950",0,0,1729,114.410215784117,6487.99463195617
"951",0,0,52879,117.776345360088,5894.50946894418
"952",0,0,52684,112.233927215894,6137.12172654273
"953",0,0,51025,102.719343898431,6837.31571711949
"954",0,0,51701,105.239643326483,6323.85722204164
"955",0,0,62349,85.9829964442546,6260.25042627429
"956",0,0,61690,83.9952780609937,6523.48222521095
"957",0,0,61403,79.3890393816307,6984.6413744424
"958",0,0,61608,80.8886427540384,6634.23060816153
"959",0,0,60202,95.7726116463405,6828.43538459675
"960",0,0,56723,84.0077515691547,6457.69578046153
"961",0,0,59677,72.2371446757368,5092.46774822904
"962",0,0,49237,106.481444758666,6244.76965500748
"963",0,0,47364,135.515173596281,4251.59468123667
"964",0,0,62753,83.2690700173771,6256.71268080415
"965",0,0,60801,72.3116174483325,6785.21493218305
"966",0,0,54461,83.0010594667453,6373.50584417013
"967",0,0,54273,83.967216175394,6927.82436027458
"968",0,0,737,241.128164838564,4863.75403735969
"969",0,0,57300,86.8176551306407,3753.05750944082
"970",0,0,57114,85.9784637507705,7067.38766864667
"971",0,0,54864,84.3603060480416,4987.57801129488
"972",0,0,39687,266.31183686678,6606.91089537961
"973",0,0,39842,269.549335800711,863.359852296595
"974",0,0,43616,269.994180421854,5057.6394550662
"975",0,0,38924,262.59811666034,6010.93684320232
"976",0,0,40387,242.078579282833,5022.94520790594
"977",0,0,40117,253.946146971393,6282.34314940696
"978",0,0,41684,259.213259397359,5679.85793610267
"979",0,0,40764,248.041045328084,5796.17619068071
"980",0,0,40844,247.204256622693,5124.13989091149
"981",0,0,49659,91.897728301738,3926.89878427341
"982",0,0,39069,263.283201082495,4697.54863422476
"983",0,0,37029,221.584125542363,6315.99973903091
"984",0,0,65285,89.0257683612143,6364.43995684243
"985",0,0,2436,91.7772088882537,5742.42816102294
"986",0,0,64967,93.4688210275898,6294.80549138738
"987",0,0,63520,88.2193781059088,6097.83710141632
"988",0,0,63075,89.7971377125207,6415.2514785667
"989",0,0,2425,91.3700922884447,6822.57835787509
"990",0,0,58124,98.8395962305086,6750.4422236992
"991",0,0,53786,89.2799517842551,5237.24084291294
"992",0,0,50544,101.958525057831,6033.14794819306
"993",0,0,48256,102.657201820116,6497.73111369004
"994",0,0,48188,100.562235220007,5692.21892771679
"995",0,0,31916,319.849147260796,6716.78637043954
"996",0,0,537,370.966507616439,6355.04922342528
"997",0,0,4112,561.910937650528,4466.45665797661
"998",0,0,5879,767.246490106218,5883.21196402931
"999",0,0,573,373.819027925141,6206.27529261215
"1000",0,0,4099,553.442778187385,3542.65192382817
"1001",0,0,519,733.934560327762,5881.7834117724
