"","Id","vannlnr","vannlnr2","x","y","var1.pred","var1.var"
"0",0,3562,3562,309214.332276627,6554981.8925822,789.769552462766,6496.52013994878
"1",0,3608,3608,303434.539457896,6544832.79636351,798.563453486678,6078.98936259609
"2",0,316,316,307167.149921201,6610542.25409258,698.488207035657,1452.22084762601
"3",0,133,133,290413.957933475,6573965.6658198,755.804953372575,4560.32171367041
"4",0,3494,3494,311326.667525845,6572062.70388157,784.816123128972,5231.05777775736
"5",0,3454,3454,314467.369543801,6578853.66858654,787.799558785448,3409.30835941367
"6",0,3344,3344,311389.783871719,6612950.95160762,703.709979672476,6446.60371033833
"7",0,3438,3438,316405.468721229,6584571.59720618,790.00321548461,1186.21508036205
"8",0,323,323,306727.831378318,6632776.53740002,654.475847487362,2601.13306806522
"9",0,3415,3415,303978.230662263,6594664.66118202,749.295901187228,4544.9478883001
"10",0,295,295,274721.004345021,6595604.97916519,718.03621305117,5441.75110418764
"11",0,297,297,266051.682615601,6632271.10026323,657.244817538901,4342.11665853043
"12",0,5509,5509,242512.496116428,6644349.74637731,671.155151922988,4433.20102781043
"13",0,3208,3208,323256.393901034,6634253.99549367,651.676406072493,6264.83599135296
"14",0,3446,3446,296854.230484313,6580773.7697522,759.853775199335,5417.23648516894
"15",0,3268,3268,309781.677439725,6627739.09108939,662.529571592607,6519.22437620884
"16",0,3184,3184,321830.247298795,6638198.64351991,642.489391389654,5664.73221203308
"17",0,315,315,307805.923673031,6658154.49571941,607.4215612495,2999.53418130693
"18",0,3107,3107,289368.797884384,6648846.37470674,624.535288801628,5837.02987470009
"19",0,3067,3067,284223.162052303,6656702.83764614,619.826481488169,6766.1106816231
"20",0,3067,4141,288313.985395063,6686271.15943935,583.114916662229,3652.1042694125
"21",0,4404,4404,307218.809652351,6658738.13520764,606.7392847918,3932.3191507421
"22",0,4298,4298,317541.291401836,6667404.80663709,592.120168026477,3132.00992816709
"23",0,4725,4725,280920.001823188,6707095.63360002,558.687622703754,4338.71723250267
"24",0,3981,3981,285894.561318827,6706148.56241132,559.228397153342,4329.80754711113
"25",0,3943,3943,285872.65119358,6709990.30869794,554.583094806133,5114.67940458019
"26",0,141,141,277696.685049554,6705901.56136514,559.900526167411,2052.34378093303
"27",0,5505,5505,268840.805703014,6638675.5621655,648.055891769701,5601.59136771487
"28",0,5168,5168,261116.145865114,6664788.88840799,630.822231566271,4876.01178011806
"29",0,300,300,262656.573293735,6667984.81586861,624.109284277168,5030.7015953627
"30",0,4313,4313,356992.352990746,6672571.29511294,571.655975068632,3577.5674071976
"31",0,4332,4332,357592.751338286,6659991.72822027,593.472906827415,6460.0143026107
"32",0,371,371,354549.648559277,6667763.5897444,580.693469137615,6125.99273366155
"33",0,194,194,290658.504222887,6771337.41645962,476.75683085585,2876.78412840409
"34",0,4448,4448,272324.319020479,6757312.48972531,492.23818462819,4965.23191064896
"35",0,3723,33723,289316.784299804,6770079.78523691,478.734307102783,2516.78765635673
"36",0,257,257,267262.72641699,6792237.29314344,429.36038306311,4566.56542880542
"37",0,118,118,287093.402523427,6726912.83580939,534.314975848589,5366.18793168314
"38",0,3954,3954,299815.038701663,6708355.73049694,553.595011721009,5775.75424214159
"39",0,3934,3934,310848.969414118,6708675.64501064,549.66047817224,5912.29100569538
"40",0,4041,4041,304730.006269408,6712909.71513697,547.343270629655,3691.07822312902
"41",0,4119,4119,323074.007846978,6689175.24691703,565.071078090016,5894.44205418738
"42",0,4083,4083,317708.179161328,6688807.34805936,567.797406477104,6743.7588629258
"43",0,4055,4055,325628.23983143,6692281.90109122,560.444636387888,6615.89679546516
"44",0,4091,4091,317613.616151741,6686747.80919741,570.096158594609,6487.96279618518
"45",0,368,4267,327915.558792236,6668093.1307634,588.802192803702,4217.60422316676
"46",0,3921,3921,357943.567713993,6707512.76710662,521.350124298082,4693.28398884704
"47",0,3866,3866,353788.691649112,6713710.39951536,518.116476198606,4973.5056235061
"48",0,3834,3834,356255.222189266,6717029.15839915,512.261121663471,5906.92448248101
"49",0,3794,3794,363843.368844405,6719884.6586625,501.256850796836,6365.65497618507
"50",0,3661,3661,349076.676448866,6748350.32870436,495.915119780728,4929.92628314111
"51",0,3803,3803,344896.562240483,6720609.83845016,519.063674792936,6040.25822343891
"52",0,205,235,231829.655485684,6822609.14321359,349.619726202433,5311.82941397385
"53",0,237,237,319314.196865498,6724539.56555439,530.748559078736,1244.3103323473
"54",0,3640,3640,332152.506540229,6757058.77950251,495.233876344344,5023.25808569684
"55",0,3421,33421,351293.681368466,6832084.95331777,345.990038515608,2748.5134678481
"56",0,3453,33453,331034.629418219,6827915.24184126,354.562375089551,6239.09396005288
"57",0,282,282,318234.068198281,6785190.11774241,458.442171326621,4950.17624860114
"58",0,2316,32316,243664.848078997,6860727.78075556,263.16951902238,3669.44399746525
"59",0,2251,32251,267377.777179331,6866311.43553109,245.985439703106,5435.93048965834
"60",0,3733,33733,302496.602496243,6828145.34513227,347.85752652676,5499.00043977906
"61",0,3494,33494,310379.852144414,6822642.68058088,365.903588609058,6083.71625770839
"62",0,3424,33424,301944.77220569,6835261.79702413,327.348765154708,5084.57757724259
"63",0,3329,33329,299117.844514681,6860295.03666908,260.148364952917,6251.34962799992
"64",0,2262,32262,287369.952911389,6860295.73371189,260.152482144083,6229.14066970803
"65",0,1363,1363,321605.598463693,6880822.03973114,217.075980389836,2916.83307268605
"66",0,1354,1354,310211.517500666,6890192.41958069,206.400337037591,1691.76864670095
"67",0,125,125,300844.395620013,6861763.67294671,265.532227107251,1672.79661703539
"68",0,5719,35719,352274.9169262,6910946.37661895,197.55667667495,3569.67483723451
"69",0,3252,33252,345920.300079695,6874635.66880139,240.667665455381,5010.50288152387
"70",0,3273,33273,351501.144874321,6869115.14945619,255.011877307106,6252.85518772507
"71",0,1344,1344,348309.564457555,6887102.30156226,221.046250838118,5338.94096432668
"72",0,1348,1348,343113.70813582,6907648.51958984,200.678980837927,1767.5752827401
"73",0,5667,35667,307891.57400547,6917891.97790134,179.07069313418,5805.8877250715
"74",0,5827,35827,299565.232087475,6906732.26531492,185.953061361713,4117.40689692668
"75",0,4269,34269,253497.443368689,6942312.00363079,178.717786218437,1225.25461639699
"76",0,2131,32131,279189.482336953,6879776.97506691,221.611920733903,6506.24432203343
"77",0,2121,32121,250753.832926423,6882176.36087728,222.956918021189,3335.66807650881
"78",0,5401,35401,295318.011767689,6939381.23209669,169.620065554738,6667.30350988656
"79",0,286,286,265505.193741993,6795105.99932838,422.996577100173,4640.61384738739
"80",0,169,169,204290.242869669,6903407.40872772,257.089012427728,3661.61073961046
"81",0,4656,34656,156901.236459832,6925158.8561775,306.603295149632,5168.32004208962
"82",0,4676,34676,172572.705070522,6920188.28958356,295.590220872584,6416.50113604963
"83",0,4528,34528,194683.105762147,6927727.97365349,261.377906853927,6015.12862283092
"84",0,4591,34591,193606.934838764,6925068.45114948,264.301926018663,6071.32889546759
"85",0,4704,34704,196668.840227315,6916866.97878624,262.688544916309,5539.62522857183
"86",0,4811,34811,164470.4074407,6893313.99964299,312.339002345604,5677.30805923795
"87",0,234,234,198087.204640852,6923770.51327405,257.456161665908,5638.23046708008
"88",0,2062,32062,105603.521279904,6901999.86248412,322.814448944489,6444.90211347914
"89",0,9267,29267,121824.426736449,6867865.58688429,331.824054418677,5023.09417687365
"90",0,239,30239,140622.032059278,6889576.48375993,327.086065590625,6161.56440440108
"91",0,9185,29185,113820.382217855,6879890.23060161,324.849041307191,2074.42575941082
"92",0,9273,29273,116628.827033212,6867608.05287053,332.320027997818,4174.90078690978
"93",0,224,224,111905.040452998,6874013.88704645,328.984890394629,1089.10693433811
"94",0,360,30360,150066.792359395,6840605.78662646,348.246672697293,2517.38399601023
"95",0,398,30398,155280.55905874,6837582.35921483,349.352272291009,3380.30790985151
"96",0,9439,29439,133311.078906942,6851275.90993948,342.744129458706,4860.1831946022
"97",0,9477,29477,128851.980879037,6848932.79498882,345.289358392551,5254.00547290341
"98",0,357,30357,144856.387153159,6841165.70025895,349.399354763144,476.318955352107
"99",0,2290,32290,185762.230710689,6868400.75863519,299.892039621281,3401.41956341158
"100",0,2455,32455,183240.389781315,6842339.26494294,331.972254836708,6532.63973486718
"101",0,2476,32476,180975.265376113,6840578.00041965,335.763385343725,6587.40391796518
"102",0,2560,32560,179313.648860118,6831255.09865462,349.81512405383,6061.52086184015
"103",0,270,270,182677.054402602,6831871.07657035,347.409145241404,5633.45747416842
"104",0,2215,32215,222015.90005316,6874605.75939869,258.738493203515,6689.15868103534
"105",0,2593,32593,209335.989257165,6825235.29862967,345.021359352753,4812.13642680633
"106",0,2264,32264,237241.95488526,6865986.00106284,256.812737629957,5063.17361185408
"107",0,2557,32557,223538.675044941,6827824.54768708,336.445444381554,4618.5278805176
"108",0,2409,32409,240725.827764323,6848015.15951551,290.669492859567,6164.20122849766
"109",0,2569,32569,265451.991468436,6822720.22106147,355.296274060795,5979.88291831211
"110",0,2648,32648,260413.63391125,6815311.07674827,374.203774374616,5070.39265657756
"111",0,240,240,273749.058931714,6813151.39493304,381.803858271353,5942.06836060176
"112",0,2975,32975,205763.454733334,6798980.29375524,391.794383165288,6445.21676126407
"113",0,637,637,208881.542674574,6795182.6286859,397.588897053759,6224.48975760601
"114",0,267,267,207767.783806733,6821443.47473422,353.511805329246,4375.81888544381
"115",0,4574,4574,284195.609487296,6723753.56857215,538.199120851337,6618.26100675747
"116",0,4658,4658,280682.889175963,6718891.44302986,543.99231229349,5920.08646609985
"117",0,254,254,256269.356426634,6729569.11590677,523.357825444003,2617.8488727785
"118",0,4984,4984,249705.878429932,6682301.09272166,598.362693418129,6100.3785968783
"119",0,117,117,254131.270640427,6686295.99005879,590.892777294486,6015.77530146914
"120",0,4483,4483,244485.288989918,6750177.96373678,483.519502262258,5837.44215520404
"121",0,4559,4559,230151.623337873,6732254.12739384,486.319483573,5661.51856026674
"122",0,4449,4449,240228.33337482,6760397.48439213,465.817831787803,6505.19864698471
"123",0,3180,33180,220439.808107327,6781665.38149699,422.485320693303,5113.68402823218
"124",0,4456,4456,227771.924931851,6759460.41266319,454.005916062744,5264.37966028066
"125",0,6990,6990,222504.181139348,6745295.48249023,458.482483420931,5857.26137726727
"126",0,6957,6957,216811.535959493,6749392.98482417,445.268233716228,5652.4655478146
"127",0,526,526,192438.071308579,6731216.8960614,397.136409743064,3592.99414654289
"128",0,528,528,192723.973582356,6738038.77546732,393.406866523722,5072.99193622553
"129",0,3196,33196,213195.549135619,6779590.31530746,419.125037481667,4419.04930986227
"130",0,3098,33098,197867.026682464,6789505.5689808,398.276126893976,5544.1386107332
"131",0,3160,33160,199308.346024529,6785075.34175862,401.857116204954,5919.21003171839
"132",0,613,613,187811.582114937,6755326.50131567,384.628047666721,6015.28903041444
"133",0,614,614,186318.730448177,6752636.66836366,380.325868924503,5518.83979670132
"134",0,568,568,158291.497504685,6778119.1406021,364.264668098845,3315.53027079154
"135",0,3063,33063,186733.651261675,6792937.51552116,392.34513812985,4745.22363888402
"136",0,2848,32848,170533.98915282,6811189.22619385,377.082653372355,4124.15558629054
"137",0,499,30499,168520.73961957,6822534.43496977,363.323606975857,5674.127665717
"138",0,2999,32999,178722.680089003,6799043.86389252,390.649867753575,1989.03575770848
"139",0,714,30714,148878.994265994,6802255.31703072,368.335882274139,6716.44630546129
"140",0,538,30538,142442.78755324,6819337.09766366,362.657956160236,5939.03185605983
"141",0,566,30566,143306.835193005,6817256.60627947,363.588390775883,6198.35149813215
"142",0,688,30688,132067.884185805,6807622.69881994,367.111072813607,6327.48260354711
"143",0,831,30831,138461.18228042,6792309.83709892,364.852557575881,6060.31326426478
"144",0,584,30584,164631.193141773,6812971.95447051,372.080626263865,5050.9139194092
"145",0,570,570,156794.53558029,6784871.41115284,367.274346162935,4795.11727004429
"146",0,582,582,132793.365990626,6809343.1578233,366.662799372284,6158.34362378317
"147",0,146,146,171109.07264805,6818172.30552386,367.269102362074,1949.07034231714
"148",0,517,517,142120.328075335,6820209.36926598,362.254525164978,6045.87040398802
"149",0,1573,1573,136439.747620412,6818037.66438268,363.326559089703,4560.23495341132
"150",0,6340,6340,196720.69245155,6610267.58113794,734.716514513616,5741.84485719929
"151",0,6269,6269,193051.001363853,6618151.53572536,719.873802635066,5435.37779808699
"152",0,6384,6384,196129.530145598,6606067.83896651,740.602338717098,5910.34209872998
"153",0,398,398,185784.26259024,6627988.14101729,693.161161640715,5852.57503552962
"154",0,7210,7210,215838.845776224,6713741.7519878,483.564843931881,5581.4403113496
"155",0,7277,7277,221041.072105814,6704053.06439023,513.940768654704,3732.18625881804
"156",0,522,522,227298.612605848,6665386.13804673,623.166947727558,4194.93296022257
"157",0,7275,7275,192837.051733614,6704667.07744934,442.069621407823,5896.30366632748
"158",0,6778,16778,163960.803396125,6732568.88653428,327.610013270691,4101.28859007992
"159",0,7033,17033,173839.408103549,6722680.86699015,351.433287419169,3879.69847203662
"160",0,7048,17048,155576.599038144,6724208.37002167,313.10677659057,5994.15365362688
"161",0,6752,16752,160426.5852821,6732964.96799581,322.572363902222,5403.76502295289
"162",0,6699,16699,165165.346712959,6734204.21217652,329.702014886734,4369.67827469366
"163",0,6848,16848,157795.079086896,6730544.06731497,317.975420449247,5657.19425677811
"164",0,6340,16340,161831.174560366,6747244.79788535,335.243325299926,5845.417555266
"165",0,6098,16098,180868.152335134,6752914.33300189,369.694791595143,5548.27258461975
"166",0,6183,16183,170017.464975748,6752632.59056971,351.258483415015,5629.18387178561
"167",0,5789,15789,128299.86322266,6770416.67939352,352.174330703178,4705.26582346322
"168",0,533,533,160802.283604166,6760739.81469927,348.865662757824,5378.2704264347
"169",0,571,571,156474.91945477,6764847.74416075,349.763077422183,4412.73515218275
"170",0,532,532,159184.243536835,6764849.3287737,351.937324936998,4397.54583104378
"171",0,6831,16831,153691.743830202,6731152.2847866,312.777132103841,6347.8177114114
"172",0,6803,16803,146625.331816443,6732451.36917097,306.261218910609,6641.15057561753
"173",0,5896,15896,109410.649196877,6768993.75418419,373.148632421782,6600.03519745259
"174",0,6403,16403,131284.421648782,6749779.50300183,323.692592936431,4317.81051977806
"175",0,413,413,137883.104808718,6726629.64868228,295.762477583737,5747.05056076527
"176",0,6670,16670,101285.482933016,6740753.02393095,346.296421337823,3212.32858504144
"177",0,6561,16561,102515.152417956,6743324.86378577,347.622283619942,3588.43411659751
"178",0,6358,16358,104647.995931549,6751491.80499755,357.446252827967,5542.7320428185
"179",0,6602,16602,101062.426924415,6743519.39667026,352.137708574559,4042.09433788442
"180",0,389,389,130065.883066771,6720938.40586728,292.24970088367,4479.30424494598
"181",0,392,392,98829.399649802,6726884.70563201,340.614153583861,2984.50917422909
"182",0,553,553,97941.0825301055,6736153.58256637,354.753755771229,1517.52080924508
"183",0,8142,18142,178137.416820225,6688532.68524648,447.668504315466,6408.45463240384
"184",0,546,546,187744.665021076,6686446.32254102,483.667050404677,3500.33653553684
"185",0,7387,7387,209659.972665501,6687407.13367738,531.893321395218,3403.66915977931
"186",0,521,521,202163.510993253,6696944.18629504,487.592074007449,2555.6220130274
"187",0,5310,5310,224240.882470099,6654805.31502719,646.761511503901,5991.82270531704
"188",0,6127,6127,203223.170588022,6631723.62712606,695.294824687542,3586.98507053429
"189",0,6212,6212,209514.228195205,6622363.50549537,720.157074758753,1292.19764570892
"190",0,6002,6002,216440.899902183,6643354.62871063,670.355372743947,5629.55042100204
"191",0,542,542,214366.192307559,6621212.52040978,715.617226735213,1242.41474753411
"192",0,6112,6112,189304.503651352,6636201.97785623,671.749185292449,6103.59215649741
"193",0,402,402,180565.218938478,6644624.9160005,635.468844013386,5129.77449421042
"194",0,5966,5966,200629.004024158,6650250.2239262,637.13756315641,6227.04346298762
"195",0,5923,5923,186262.322782701,6663276.62661027,570.250492874138,4029.60861491045
"196",0,7848,17848,122931.9382142,6699803.425534,304.2035148369,5433.56247876528
"197",0,7989,17989,99732.954625781,6697900.26604318,349.912973510923,6442.70163985419
"198",0,7694,17694,148319.236105551,6703253.75688666,302.898273152875,3527.55476144925
"199",0,7543,17543,133023.585742393,6710832.02822042,285.293802438447,4996.87006100637
"200",0,7554,17554,177555.245520391,6707221.66620398,389.640445892418,6284.56177497419
"201",0,7451,17451,143875.705911444,6710393.42601905,291.623712986931,3663.60597869132
"202",0,7527,17527,173591.704351306,6707919.88330696,375.750659476883,6315.5286691186
"203",0,8187,18187,126615.120904088,6691831.7835853,318.603952643671,4726.52230482163
"204",0,8162,18162,132017.982255643,6691477.76339188,315.482498899889,3951.06944198202
"205",0,7354,17354,167432.995024891,6714462.0117954,345.827590839911,5635.46782528163
"206",0,7929,17929,138660.221539526,6698053.28316749,287.2648891849,604.533827033729
"207",0,8445,18445,103014.793948121,6689511.5893488,356.257943139468,6317.43652923961
"208",0,7681,17681,175787.788479388,6701607.6867234,398.153799403825,6650.02913528042
"209",0,417,417,112737.533593517,6697770.62597995,323.827480422443,6206.83289251894
"210",0,395,395,98819.9974153451,6699433.46243345,350.789968812582,5355.66122734598
"211",0,6735,6735,204981.665003539,6554662.23832101,793.05036045693,1525.11609433549
"212",0,6417,6417,193569.778047092,6602304.85451994,745.130739941909,5919.04879938021
"213",0,6253,6253,181729.101985516,6622800.71127242,704.602395234684,6234.09857611594
"214",0,2683,12683,171189.739602498,6641508.05774512,638.798656476587,5766.48083150604
"215",0,2658,12658,173810.994994325,6642285.79254701,637.894958627729,5516.8606602016
"216",0,33,33,170524.354386826,6637721.66385672,653.154491720835,5590.43272855876
"217",0,5834,5834,217936.287501484,6594316.33532486,753.201514003543,6322.62274640219
"218",0,1,1,175454.41251557,6610665.13761337,727.484020164724,4417.26557860074
"219",0,7954,7954,182078.127993655,6550916.37168142,780.262281329635,5563.29986849775
"220",0,8356,8356,170133.031139837,6541625.42646031,778.613976637116,5957.52702557961
"221",0,8466,8466,167367.815840277,6540141.93930626,777.639707181384,5700.97670131189
"222",0,1260,1260,171429.597866055,6531746.84257019,798.057688006198,3771.51721193062
"223",0,5159,15159,149582.551654704,6564687.36555078,720.448656690828,4884.54924828072
"224",0,5417,15417,163821.642843149,6558134.93548833,749.387417668774,6359.80567572643
"225",0,5053,15053,164902.063352281,6565128.97138787,747.294380464983,6099.67315430323
"226",0,7669,7669,167354.841388045,6554249.89549513,758.366278866911,6659.23018906334
"227",0,4803,14803,164409.002708012,6572105.62829039,744.889439570251,5785.38252583715
"228",0,6690,6690,171688.976285175,6561711.48077151,758.856426112239,6438.98784526004
"229",0,5182,15182,138203.949218996,6565542.29771449,702.758592861617,3600.18624940306
"230",0,5096,15096,142842.018065358,6566991.19569135,709.571352689305,4121.09247096745
"231",0,1245,1245,137261.591794271,6577926.84982627,709.961261295114,5495.89392542247
"232",0,4733,14733,167499.164466166,6575151.88889492,748.732832865815,4931.8720233656
"233",0,6630,6630,167489.944268079,6573944.5151377,748.873923020464,4969.7150511811
"234",0,6622,6622,170518.119393627,6568643.4466225,753.982157233834,5226.98916977345
"235",0,6447,6447,180500.878855684,6599699.49856204,745.83160190012,3808.97386336154
"236",0,1837,11837,139711.801279234,6666638.34353673,454.251003458847,6641.56425255815
"237",0,2242,12242,156315.924249173,6655378.67406478,553.250246968174,5882.83627662171
"238",0,1900,11900,136842.416058511,6665542.73367199,455.42095347199,6776.92460126183
"239",0,1876,11876,142364.906402673,6665580.91139927,465.880499071609,6813.31267292222
"240",0,8378,18378,113668.757986857,6689009.81111073,340.075978005753,6400.04497198831
"241",0,2580,12580,127835.51533552,6647746.33430562,549.266009610417,5980.99644606762
"242",0,2181,12181,137428.208072433,6658898.08221722,497.178285384488,6746.56326770755
"243",0,9132,19132,132416.699552021,6672674.93805154,406.982180240221,6360.35178656248
"244",0,2026,12026,136668.686431695,6662891.65732583,471.063712261126,6811.60622436005
"245",0,8642,18642,118548.244638309,6684292.11562025,348.872306339567,5968.47304977509
"246",0,2246,12246,151653.021654434,6655489.48086648,544.55240490978,6284.31882457511
"247",0,34,34,170190.085937396,6652466.26782191,590.201263556847,2662.25957678834
"248",0,2602,12602,130943.686395109,6646008.35974409,566.946145704132,5441.8994062511
"249",0,2515,12515,132270.593406519,6649005.30328596,550.304142121163,6048.58629050329
"250",0,3028,13028,151224.506605047,6632632.05466716,670.794785755238,4416.7441099966
"251",0,2472,12472,137343.063010504,6650484.53214724,550.468117576365,5449.5075494
"252",0,35,35,154257.390589809,6648116.71426267,590.489049605498,5239.67276871116
"253",0,2670,12670,128857.087560656,6644342.65946664,573.29084492691,5657.47333580024
"254",0,3970,13970,139433.638184734,6602243.01587867,717.818448999457,6135.92602300217
"255",0,2814,12814,128001.193373728,6642338.30309936,584.119253813522,5384.1328155407
"256",0,4260,14260,117001.038165364,6594003.20082496,697.427436905136,4774.10304681778
"257",0,4048,14048,120282.807263688,6601131.9889694,696.828684431809,5611.92957565868
"258",0,4280,14280,116879.041422003,6593586.8261779,697.482583481487,4680.37896842375
"259",0,8,8,120385.327715583,6616567.15699569,672.211604951282,3625.5259186037
"260",0,5436,15436,135787.098573955,6559569.61182729,697.12022099824,1707.84947599312
"261",0,1254,1254,136253.523641601,6580726.81933723,710.211901840418,6206.79182718173
"262",0,4851,14851,86787.3713624617,6578464.70681361,695.298153128897,5726.8338543935
"263",0,7755,7755,95971.1102671833,6559140.1247825,702.641388329799,6525.44016093739
"264",0,1296,1296,98205.7723234352,6582280.0594554,694.546845118132,3858.65166012405
"265",0,1311,1311,91449.5774531822,6579043.26307049,695.059306335914,5216.89890071719
"266",0,5485,15485,98040.8569229834,6560844.66404669,701.48686098176,6495.74307640558
"267",0,4277,14277,85448.0401874364,6596289.63400604,688.834424798996,5468.12703295787
"268",0,1312,1312,101423.9437928,6597632.08021856,687.839884333621,2082.11249802961
"269",0,1293,1293,114658.010333771,6584374.26809106,697.877827041464,4409.78306560192
"270",0,3424,13424,119907.414696278,6621793.78290411,663.289257875412,5880.75873118101
"271",0,4071,14071,89129.4859754123,6603279.14449127,682.516381462524,5339.91560427943
"272",0,4019,14019,79086.3740178643,6606039.24050173,684.560123196911,6000.88322857168
"273",0,2881,12881,80133.7666629847,6643545.81054346,584.768183050542,5636.86031537951
"274",0,1765,11765,75823.0587433871,6674487.38408091,470.374069615979,6382.05916515634
"275",0,3254,13254,80232.2810326489,6628574.42416926,645.825028955752,3854.64987282641
"276",0,2028,12028,106990.058000524,6664925.10873212,410.76925317389,1209.67938111489
"277",0,3204,13204,85555.5995138748,6632836.50670564,619.844553689352,5006.66984052621
"278",0,3206,13206,91693.3327414885,6656151.27990528,491.211418409873,4850.64548994586
"279",0,4146,14146,82667.6781940719,6601188.47353425,686.486711999288,5628.0161056154
"280",0,3206,13206,98516.4591013596,6631902.87578839,607.072664493573,6611.23141815267
"281",0,2831,12831,89904.6760270386,6644710.83670536,556.282560390049,5846.32179980307
"282",0,9044,19044,109417.163169906,6676352.14125787,377.636775323491,4797.13909827615
"283",0,2062,12062,115056.620475673,6663649.35954039,428.434956978746,3939.57861710358
"284",0,3262,13262,116446.61197993,6629537.55872761,628.306001164214,5501.91891811568
"285",0,1847,11847,97802.4531830894,6670277.4653902,411.717043652223,3779.96241614572
"286",0,78,78,102719.718933105,6682626.78278563,371.318157545916,5106.10369876066
"287",0,93,93,108762.269127825,6681476.29798138,366.246949347465,4394.19725807038
"288",0,89,89,113643.866668652,6640133.00048308,569.730730302902,4871.12277961545
"289",0,9,9,84961.3452180562,6658162.42404459,513.245241632585,2883.0822746732
"290",0,1875,1875,59759.0970190789,6643583.88244628,626.501931160663,4650.23200734278
"291",0,1274,1274,97502.4244276429,6584356.6352038,693.733649625383,1654.63632962072
"292",0,6733,16733,158310.650750589,6733673.5180218,320.077824123702,5603.55148539395
"293",0,3451,3451,277934.666771417,6581075.06868837,739.546182484745,6348.44933419671
"294",0,9042,9042,161439.831076375,6529450.48861133,793.235486142025,4412.66816671411
"295",0,1065,10651,118491.886544088,6501921.61632222,816.676610080055,5524.43274484462
"296",0,9096,9096,150485.917576149,6528946.29889577,781.638370605971,5801.55757884026
"297",0,9588,9588,136210.791660126,6522276.52693081,783.117451081716,6496.72209098362
"298",0,9198,9198,147732.66878999,6528014.98978171,780.806541137651,5936.89413467117
"299",0,9183,9183,147439.660194909,6529232.80551274,776.941276460294,6336.9005602574
"300",0,9304,9304,149467.716560175,6526629.55625727,786.895640612378,6193.43928302396
"301",0,1002,10028,137935.652163844,6513932.14105346,811.975476102121,6520.62634472326
"302",0,9864,9864,138381.855710355,6516398.01856271,804.506700432026,6645.95872936677
"303",0,1002,10026,150567.361847593,6512909.4325265,831.376395424375,6071.21475985827
"304",0,9666,9666,114334.847342519,6522452.00585864,754.001259070493,4206.02539344605
"305",0,1072,10729,103746.656885851,6499393.70753082,802.478909693557,6001.8383767263
"306",0,1083,10836,104715.883268318,6496445.10866995,809.297982931454,6377.62785320331
"307",0,1334,1334,97649.4293402094,6511025.63573328,772.605891338391,3776.6959075247
"308",0,8975,8975,120077.003740318,6535605.99047865,731.615422799421,5902.11164589375
"309",0,8545,8545,132092.642613583,6541988.07473903,725.631765874051,5119.622105313
"310",0,9234,9234,124046.094076281,6530822.80713731,745.297111984249,6081.19359047373
"311",0,8351,8351,104314.228803743,6547978.91984537,710.555737159299,6539.84216747345
"312",0,8970,8970,132793.591584941,6534495.3874175,744.783249321283,5889.2059539059
"313",0,8103,8103,130648.791453419,6549832.73289569,708.196335091119,3754.71012338806
"314",0,8904,8904,112501.035800738,6537429.81793569,724.308848978326,5418.60771655318
"315",0,1281,1281,116925.70524319,6547241.61756636,711.455402910019,5769.18865766209
"316",0,1083,10834,88987.8899115832,6498049.93129925,804.200004943318,5916.68536543675
"317",0,9665,9665,75884.4423733615,6525973.83465581,758.681160888174,6419.99090619694
"318",0,1067,10674,71908.4907856903,6503887.14356575,810.062349928544,5360.27658631438
"319",0,1326,1326,90165.7732306554,6524776.41062082,746.576361876587,3724.85167243328
"320",0,9128,9128,92784.3904873427,6535228.08112433,727.923459689577,5232.18472715411
"321",0,8044,8044,51910.2133208209,6558460.74593427,720.519667756352,4885.53979625849
"322",0,9052,9052,88053.7495027664,6537727.78528462,727.204076003487,5712.73036972752
"323",0,1529,15297,82818.6048222395,6567657.98158663,698.707389328599,5461.73905603022
"324",0,9257,9257,90707.2398912003,6533106.5381314,732.231186964377,5214.7303821761
"325",0,8364,8364,96318.0144832695,6548331.92478326,711.325495486201,6413.29247833565
"326",0,7905,7905,56881.3610696296,6560148.14204188,713.680941758236,3950.51200589656
"327",0,1177,1177,54075.5446391463,6550860.66256016,730.11531442045,4735.71608603186
"328",0,1319,1319,91945.169432263,6540612.05556087,721.361978370632,5355.96830202765
"329",0,1523,15238,60630.4919374677,6571308.93069343,703.372204378551,5078.29598918813
"330",0,1451,14514,56093.4486530919,6590995.75664453,698.414994887481,6232.58813614133
"331",0,1490,14900,63757.7987923583,6578561.88958055,699.741636486028,6050.87997925876
"332",0,1446,14468,54028.2465806744,6592234.08855662,698.398964813053,6133.38203144668
"333",0,1457,14576,49820.3803754831,6588668.46584346,700.534334578404,5571.8539794278
"334",0,1461,14617,50577.4920228955,6587867.45694258,700.726724331003,5436.03619361637
"335",0,1493,14939,67398.9004135423,6579022.04661285,698.405191183005,5784.52479398207
"336",0,1519,15199,84187.0406215659,6568678.13407721,698.285912084837,5558.58639800399
"337",0,1457,14577,65049.550084447,6587710.52618708,697.097793400832,6591.67768351259
"338",0,1466,14662,77655.0091921959,6583699.21429601,694.985914738624,6224.11955576812
"339",0,1319,13190,57478.618480721,6635974.37069469,653.121574939506,4680.51688736442
"340",0,1355,13550,47324.0145031917,6624919.55749005,676.096307093061,5984.76951271425
"341",0,1427,14270,44561.1742206594,6600056.90620859,695.820626932869,4746.4678341482
"342",0,2507,25076,38898.3223627512,6592110.20261324,700.11045326404,2728.35860923094
"343",0,2508,25083,37385.4157490446,6591949.06706738,700.250712817967,2112.56874824521
"344",0,1376,13768,81662.3736605035,6614232.18246133,673.954691373192,5489.51796634757
"345",0,1391,13918,57970.7860918208,6611338.41068854,690.171715393009,5694.41774778458
"346",0,1412,14120,46424.4386512073,6605373.55066743,693.014987722524,5402.6825727751
"347",0,2448,24487,38104.3311071083,6605891.04972263,691.896417367336,4723.22933395155
"348",0,1307,13079,62314.7620065477,6638950.76329609,639.732832619231,4394.56473659584
"349",0,1096,1096,58689.0120757406,6612866.78715906,689.270643023195,5122.20372938088
"350",0,1071,1071,51338.3305306997,6626292.5266728,674.4127667011,4279.11506433208
"351",0,1093,1093,50255.1081369547,6632143.30571141,664.347605011952,5365.78837191381
"352",0,1091,1091,53180.653150782,6616684.09051404,686.103977509134,4857.4869899306
"353",0,1135,11359,80896.7734345257,6475926.96034749,823.297422894686,5483.09934063781
"354",0,1152,11527,96122.5296005066,6466897.01814606,813.661975280085,5007.92187930446
"355",0,1164,11649,53002.8559294139,6463530.74590344,818.216302122501,6086.42331177195
"356",0,2188,21887,17299.8236632412,6482409.65251279,811.416700395652,6047.59841349041
"357",0,2195,21957,21449.5420630554,6468307.01861772,802.598548015945,5569.79826956335
"358",0,2195,21953,9309.40790080526,6470222.7581176,808.09457815372,5662.17970833547
"359",0,2188,21881,11227.2898151754,6483917.70271088,812.222063985546,5268.45379902827
"360",0,2102,21027,13369.8851398877,6518885.48753193,796.743601232735,5622.89585719746
"361",0,2078,20785,14871.9656622988,6526195.53738993,787.21339447906,5431.20960623143
"362",0,2175,21759,6977.37863647949,6494393.49871209,811.874849035978,4581.76999195774
"363",0,2116,21165,17682.0663708795,6514638.12624281,804.961899953809,5163.15390196098
"364",0,1128,11283,77172.1687600841,6478330.16378261,828.464168604724,4774.26852704455
"365",0,1115,11156,73419.2913850506,6484258.71364434,836.434367885016,3144.65926948794
"366",0,1108,11088,67649.4394499148,6488198.06490173,846.478270158793,746.908599955375
"367",0,1159,11592,68868.2763199346,6466958.93855785,825.20987786606,5410.92521563016
"368",0,1126,11266,66313.3105899963,6480035.08505824,840.165136583388,2846.82933214116
"369",0,1142,11429,69840.8511629764,6473213.27716795,830.271178162457,4863.23091069153
"370",0,9659,9659,46666.4124331189,6528464.23724837,783.860080177614,5101.88669656058
"371",0,9138,9138,73981.121606128,6538118.61724021,736.543060254562,5433.92122235551
"372",0,9074,9074,63105.9060112859,6538963.14061167,744.638602266077,5671.60957365088
"373",0,1028,10284,53591.3658787448,6515809.11504595,800.762393792992,5923.70309100872
"374",0,8578,8578,56293.7109460325,6548343.52624194,732.431524986655,4402.56712627623
"375",0,8972,8972,49023.385610776,6541594.38018763,753.192046573221,5703.73014397266
"376",0,1164,1164,57901.6128654896,6553834.0869696,721.860452704706,2576.35092413622
"377",0,1184,1184,50082.5550344828,6537184.86757268,761.70188707008,5632.45402483949
"378",0,1162,1162,57377.2445654431,6549131.37655257,731.147218036492,2740.70691461557
"379",0,1166,11667,52201.4791515856,6462682.94933824,817.157217754141,5986.72414240428
"380",0,1116,11168,38027.1503366617,6487393.55908935,820.380645519501,6390.41845929026
"381",0,1146,11467,38374.4165303433,6474504.41917523,813.039685790417,6032.44183789161
"382",0,1138,11388,35359.5748669169,6479318.49899568,814.63337807514,6292.03893978343
"383",0,1013,10136,42342.789079858,6521589.69465649,801.12620687702,3985.8026524726
"384",0,1000,10008,47773.3081206484,6521675.68505334,795.753279262313,4988.53798518974
"385",0,1020,10205,49759.9205555415,6518505.09843341,799.339566615523,5625.30766659203
"386",0,1109,11099,38317.3146974003,6489832.23622917,821.120349920429,6596.43591149498
"387",0,9288,9288,37696.1540586442,6537602.49777573,770.490599842073,4986.03235519064
"388",0,1075,10751,32481.8952223665,6505663.01152431,817.197066025241,5420.88411716578
"389",0,9287,9287,39360.1098761544,6537439.4674317,769.977251491413,5183.34128495632
"390",0,1395,1395,26619.381333183,6502472.49720592,815.952931675706,5697.19085626219
"391",0,2064,20641,25437.5334414601,6529827.41540868,789.457084412315,3567.31210191061
"392",0,2004,20040,21165.3375235826,6546072.57595571,750.72989576613,6000.35784792715
"393",0,1993,19932,17564.9197691898,6548829.2769908,743.361323142531,6082.49064968304
"394",0,1950,19504,18983.4188079906,6563266.69556902,721.045658286146,6216.25991203942
"395",0,2057,20576,8403.92132187239,6534163.15967639,767.029568502752,5921.22897636452
"396",0,2572,25727,35818.0942949453,6570094.08679517,715.474277053031,6290.26692747074
"397",0,1939,19393,21533.4263207475,6565954.70180919,718.818190507867,6364.40291127663
"398",0,2015,20159,33285.9527932635,6541672.44106415,762.462705055113,5745.58276689918
"399",0,2000,20008,13154.6528104051,6547881.08090054,742.371942488376,5340.68244701609
"400",0,1974,19748,15243.4647551271,6554538.80716914,731.627801079265,5729.74958705682
"401",0,2002,20020,19043.929908706,6546016.08390713,749.781229082088,5944.39598782699
"402",0,1989,19891,32135.0152198075,6548864.19891322,747.248397382119,6335.39278565846
"403",0,1432,1432,25960.7717478996,6527336.95806014,795.230765675094,2501.41835926002
"404",0,7914,7914,42941.1022170901,6561557.33634943,722.842477178499,6126.98018425711
"405",0,1930,19305,28286.1797740966,6568339.83030961,717.523511898247,6199.45108716773
"406",0,2086,20861,24083.002652982,6523294.09633783,801.302072766338,2933.30324275784
"407",0,2069,20691,23357.8295752818,6529269.96740341,789.045144915268,3516.80992340686
"408",0,1406,1406,35203.6416651572,6548814.23984139,746.823107873991,5753.7983878661
"409",0,1407,1407,37511.2749661969,6550820.70268697,742.280585601073,6226.00662223034
"410",0,1411,1411,22459.6197649376,6565403.7285818,719.654778475071,5414.79817796652
"411",0,1423,1423,12171.2474520336,6533487.23365186,771.225957052847,5479.19183196688
"412",0,1983,19834,18826.8130558784,6550962.03020177,740.028634246169,5809.65880416704
"413",0,1535,1535,-17420.1739535767,6515495.55437526,784.809010151757,5742.16839906938
"414",0,1970,19707,-15340.8839004015,6559031.53233804,718.338343928088,4326.44700058548
"415",0,2508,2508,-22497.8646452617,6556510.92036686,725.594950887605,5052.83059032631
"416",0,2143,21432,-858.905705910974,6507939.85065825,800.11517662974,5910.13841918388
"417",0,2152,21529,-2286.9360199627,6504321.65815507,803.170173160006,5320.91874609102
"418",0,2109,21092,-5585.93400286862,6519225.0684941,783.866766821881,6575.53169833993
"419",0,2098,20986,350.975284276646,6521113.41248309,784.211153185272,6386.91773459848
"420",0,2068,20686,-13787.2985927903,6532194.65960828,760.404820730503,6243.8057481293
"421",0,2024,20242,6453.55986211874,6541847.52397301,750.027613845443,5678.23939082436
"422",0,2025,20251,-9497.21304668575,6543175.94230769,741.206778478478,5296.52880786624
"423",0,2048,20487,6176.97026980842,6535528.78757236,762.741384406284,6185.27497292283
"424",0,2042,20425,5208.38594369282,6537578.85611452,757.977558868373,6011.15937933227
"425",0,2045,20451,-15717.2218118377,6539154.07981794,748.459931343131,5764.26319987701
"426",0,2029,20292,13673.9437067868,6539582.37959814,759.793687712631,5895.86434059908
"427",0,2069,20694,-26270.9225648898,6533611.97495381,757.306408957781,5028.16036038196
"428",0,2054,20545,-25599.7165388916,6536803.87750847,752.72425503827,4860.6483947196
"429",0,1526,1526,-2608.98700326058,6544135.94500418,742.082711028881,3017.59717112536
"430",0,2007,20070,-7283.34862599542,6546925.85865569,733.942352011658,3852.71769555352
"431",0,2104,21042,-32120.2661892237,6521862.78896813,773.306471028379,2925.24772444036
"432",0,2009,20096,-37550.5784490561,6550172.59404947,738.38345823713,5328.94174565476
"433",0,2035,20353,-29150.903118765,6542137.98319892,745.899027933494,5707.19140346205
"434",0,1977,19772,13437.3667470325,6553282.29256134,732.557055161946,5516.96365497758
"435",0,1991,19912,527.034439909327,6551902.31169429,725.3129946813,2994.28905325479
"436",0,1988,19882,826.461484420249,6552151.8345961,724.981665569476,3033.52672501962
"437",0,2018,20180,-12871.2124271807,6545208.13663597,737.707400110449,5179.95249156015
"438",0,1956,19566,13191.2327888554,6560954.22876263,720.824645338355,5362.88167740529
"439",0,2026,20262,-24963.7453031275,6543600.96427327,742.974590853534,5839.15209609074
"440",0,1993,19930,-8286.09416760803,6551029.46158705,725.898514615775,3498.61003549405
"441",0,1961,19615,13435.3950995655,6559878.03098416,722.391830773327,5364.06671978081
"442",0,1988,19887,-22028.8467361209,6553377.69366605,728.941497481141,5739.47879237537
"443",0,2561,25619,2092.34532655566,6577002.79139456,704.12906139502,5782.71595828948
"444",0,2539,25392,34343.1413667889,6583215.85570361,705.307563616045,3944.40190564661
"445",0,2540,25406,28732.4720568581,6582982.30387136,705.278660693633,4096.01084255448
"446",0,2527,25271,25989.1012446542,6587109.71883396,702.346423496982,3330.22276621436
"447",0,1956,19569,-6089.52906238958,6563158.02726972,708.666310370735,2095.2119427705
"448",0,2523,25237,33092.6474079008,6588436.42629036,702.19852340071,2107.1986947172
"449",0,1950,19501,-13083.5251610499,6566647.52988126,711.079654363104,4363.9459424091
"450",0,2526,25267,27601.7159591458,6587186.10189381,702.506212286765,3141.50363390323
"451",0,2311,23119,-5976.60636951268,6574113.20284634,705.474443205914,5077.85040000673
"452",0,2529,25296,27176.8293133263,6586767.6636556,702.714094699021,3377.21522648468
"453",0,2552,25524,8234.87908893068,6580245.49784232,703.44872089946,6116.33730147602
"454",0,2555,25559,6261.75339391725,6579210.84672619,703.656656371926,6005.89433085732
"455",0,1934,19345,7049.09035226494,6568421.6539323,709.89717145645,4768.56783069247
"456",0,1668,1668,-6821.44845664168,6564914.36644183,708.531065907342,2529.64721408539
"457",0,1679,1679,-15444.1466118726,6585452.45503765,704.58808371678,5901.93534573534
"458",0,2520,25208,16357.8339880574,6590310.21945469,698.896113868159,5270.65700600095
"459",0,2488,24888,6889.76571760558,6600735.17595301,691.453971703588,6404.32446679188
"460",0,2460,24607,30304.2611658054,6603893.99742369,692.196982690334,4066.68469044177
"461",0,2443,24435,20175.1974498364,6608989.51720392,686.814734690513,5480.65777273961
"462",0,2490,24907,25576.8113343721,6598532.95430834,695.112575493841,3360.48462249501
"463",0,2504,25040,35852.00706664,6592870.85753871,699.753623818355,1187.63097026008
"464",0,2551,25518,-1495.93475225245,6581138.02218199,702.439569020606,6190.94160595746
"465",0,2381,23811,47299.3439329914,6621926.64337383,679.731887793434,5370.9969611555
"466",0,2393,23931,7220.15074359571,6621112.98767597,674.902181881234,4241.84727811166
"467",0,1853,1853,36179.566377255,6624241.76240439,675.779426534939,6125.94316269184
"468",0,2354,23544,27873.6385636264,6652461.6117831,645.6120064773,4203.70683706826
"469",0,2349,23497,16585.3811169313,6656137.74206483,646.757839024621,5420.94003898027
"470",0,2338,23382,29781.3052060346,6661845.17328935,634.722849211008,1841.08493012958
"471",0,2022,2022,32180.781828528,6656816.46023806,637.361188218572,1747.01531828268
"472",0,2270,22704,-42152.1756898621,6624518.23993703,683.235472002173,6262.45157990049
"473",0,2282,22827,-26161.2194355303,6616978.90527603,686.186205441484,6131.00244331495
"474",0,2279,22797,-42264.9081727825,6619436.85111736,688.034582535356,6379.3377591449
"475",0,2288,22880,-43186.4534499176,6613674.55751384,693.722423766213,5752.14439124969
"476",0,2289,22892,-47750.7380485956,6613701.3525512,694.000143539409,5962.7200030366
"477",0,2291,22913,-55691.9447347785,6611191.49817233,696.020476380952,5936.62532188219
"478",0,2035,2035,-21148.3044438403,6633369.41000743,670.253813800425,5300.96740734235
"479",0,2034,2034,-1263.10889867664,6638309.7572202,661.532765790022,2675.77884958304
"480",0,2678,26786,-36493.5804249776,6727912.87520142,661.687625880709,3387.15950097975
"481",0,2677,26777,-18186.4415462036,6726514.77839099,659.573185165736,5901.08426215152
"482",0,2693,26930,-35798.8733504443,6716721.17672008,652.768451308347,5863.64051249366
"483",0,2662,26625,-24798.0331836954,6739086.28220568,671.537309271528,4388.35033431952
"484",0,2339,23395,12825.8016752538,6662521.56847726,642.131433129945,5992.33495541955
"485",0,2337,23377,22996.4636933613,6662129.22713528,638.264179793301,3791.04221026798
"486",0,2251,22519,-40067.1991680076,6639026.76323779,670.259062974061,6449.09994681345
"487",0,2251,22511,-43122.6058985459,6640245.72638569,669.670501466205,6401.23844400412
"488",0,1476,1476,-42985.7511613588,6635891.39588273,673.359425217282,5331.46226993181
"489",0,2237,22378,-43016.6633231248,6646558.65061315,664.615967892486,5367.94912500659
"490",0,2224,22242,-48648.0399139154,6668291.14910811,649.71989752899,4167.44975624761
"491",0,2231,22310,-50552.0527419051,6656653.34443819,657.426665638313,5157.00613901924
"492",0,2232,22327,-52204.6479618789,6654877.85436883,658.77430446531,5387.50638060468
"493",0,2198,21989,-25498.813161453,6687143.50780916,642.664027040351,5921.91923084877
"494",0,2199,21990,-22618.9229907799,6688113.75813036,641.820898935048,5591.89056224203
"495",0,2701,27014,11965.7074565196,6698114.7256078,618.092641269739,4813.23195149664
"496",0,2203,22030,8173.3297891638,6678245.16015635,630.622826046606,6141.72275414538
"497",0,2204,22049,-4487.60621941143,6676480.93895427,638.670407998893,6042.54677676315
"498",0,1482,1482,5629.12276300446,6669374.37465671,639.086370665428,6363.63991595182
"499",0,2765,27659,22926.2514712817,6699026.32731118,602.521759268921,6315.9773812336
"500",0,2704,27045,12457.2697868296,6691303.78385093,618.814172293276,5149.36523116728
"501",0,1494,1494,5213.26089487613,6687495.65841172,626.804330513492,4419.86618570686
"502",0,2778,27782,45129.171234819,6682668.41588327,558.658483192948,5927.09104484761
"503",0,1178,11780,58824.7552889958,6675959.96967429,526.047473021193,6033.09964535431
"504",0,1258,12589,53023.1245832401,6653881.9903649,606.190828696178,5950.98047806494
"505",0,2329,23293,43507.3317468353,6667332.13859522,596.696910389569,3762.13665560533
"506",0,2780,27807,26015.9065885491,6681953.818546,607.593335573012,5741.03545694917
"507",0,1888,18887,56841.5561897286,6685022.08791047,511.416813416896,5462.05555398008
"508",0,1871,1871,52664.2576916578,6655666.73020808,601.914725199261,5500.8410026222
"509",0,1702,1702,41328.2692648102,6677688.61630964,579.657207894332,3834.55387799949
"510",0,1705,1705,28172.3103125632,6665526.89041342,630.718310814447,2171.86497704155
"511",0,1870,18704,81621.8462639441,6686776.24375251,416.974521664527,5390.66800682168
"512",0,1890,18902,73770.6474252689,6682865.87129341,452.610824003653,5385.9225765719
"513",0,2755,27555,56373.8000167033,6707726.47380589,493.158185601298,5176.63173763163
"514",0,2751,27511,30071.5219319629,6713238.44794629,594.155079599479,6037.88215284624
"515",0,2783,27830,49654.0780886623,6705754.84786232,522.033042355847,5457.50425543863
"516",0,1811,18118,66100.6606622475,6698321.69714351,446.98214248018,1583.51174133519
"517",0,2747,27475,55546.7213944676,6716364.545242,503.755085722701,5598.94819294715
"518",0,43,43,61077.0334706823,6688376.72257532,487.319763246986,3897.51749863827
"519",0,1720,17206,95887.1188036742,6725008.59032806,349.113912078333,4592.62316707801
"520",0,1853,18537,75467.4072453826,6690165.03417781,428.368265798956,3953.85304928786
"521",0,1713,17138,89543.8070951002,6728007.49963612,373.443872345671,5494.40769821889
"522",0,1730,17305,95733.3479701911,6722639.49123186,348.963480393221,4733.37941013721
"523",0,1789,17898,77431.8481151492,6704197.72356928,405.791447221291,2872.26989594949
"524",0,1666,16663,79353.1296918176,6742114.1600414,430.107938028623,6271.91916948613
"525",0,1651,16510,86157.9528006996,6748233.14498385,411.40170154039,5503.42802456295
"526",0,1648,16481,64957.0655831388,6751326.53535916,501.08091369001,5432.22828767444
"527",0,1648,16482,88330.8200566774,6748815.24650495,404.076180446759,5750.510371494
"528",0,2010,2010,44593.914440605,6745478.57058755,580.714909012666,3504.38025422271
"529",0,2732,27329,24290.7733474507,6746317.58676495,639.178960026727,5041.23412135584
"530",0,2734,27344,26487.7966568792,6743859.32304043,634.951894563586,4252.35040147365
"531",0,2724,27241,22916.13484443,6768226.9018772,645.605363698259,6371.13449966597
"532",0,2725,27258,30399.6872934485,6764196.35722141,627.334248599206,6538.68690319899
"533",0,2736,27369,26682.2099714853,6740604.55797373,633.973642418088,3485.84455630364
"534",0,2733,27337,38302.1118742916,6742094.07925314,604.911699828952,2749.58713190366
"535",0,2013,2013,28236.1803981638,6739146.81833301,631.039137173712,2707.45958524731
"536",0,2691,26917,9993.24788597932,6715169.824946,629.851266349318,5404.09394732362
"537",0,2738,27383,25798.7981150635,6738634.40275614,634.574913521502,3481.21567134555
"538",0,2016,2016,9257.22507989978,6731439.53690578,647.310890018145,6130.22271196974
"539",0,2700,27008,-11702.2846183836,6701983.60563121,637.641717767797,3953.03735667753
"540",0,2692,26928,-8433.52974586996,6717848.6559874,647.0593044084,4840.92136442288
"541",0,2666,26661,-4230.63994870187,6735771.13501086,661.653727201859,6398.26881798369
"542",0,2661,26614,-48887.8882108736,6741818.25444238,660.990193108816,4729.74244336595
"543",0,2650,26509,3374.27245343736,6744866.88478357,664.046257605157,6499.5913902214
"544",0,2903,29038,16664.0576855944,6797577.72328964,657.754891868865,5770.7727395496
"545",0,2588,25885,19219.8511046731,6788956.36066655,654.977845170744,5680.63465222963
"546",0,2059,2059,-39608.8078050715,6755102.00311364,673.523194699064,5195.35912741604
"547",0,2628,26283,-45508.8709032699,6770528.51815997,672.679634612777,6420.76702905192
"548",0,2630,26307,-46430.9348383514,6768947.50859609,670.77214614137,6222.66639031732
"549",0,2632,26327,-32642.2004825364,6766467.96143406,684.403411524907,6544.40728614949
"550",0,2637,26376,-26942.9539783311,6758735.33399665,683.129576958942,6112.87389664033
"551",0,2634,26346,-17771.0933906127,6761874.14476744,686.580550723981,5449.88022310736
"552",0,2597,25974,1923.62953636394,6788005.90057355,683.549353520979,5189.9317687385
"553",0,2607,26079,-24424.7181825906,6786057.96414012,700.119044944035,6174.39593403777
"554",0,2595,25953,3976.01620453605,6790620.64867073,680.397490351081,5629.32103715415
"555",0,2596,25960,-2236.32148770276,6790932.35519615,688.191319829566,5738.06875001969
"556",0,2581,25813,2953.71752472945,6795502.01773095,680.534532381057,6275.21907309058
"557",0,2595,25958,4531.37754060899,6789362.57210872,679.866944299512,5633.59838713092
"558",0,2624,26240,-18325.1627797058,6773117.21157258,693.400975006245,5577.15122485559
"559",0,2823,28238,-26116.2596113636,6876905.13463566,534.748950395751,3195.74711474348
"560",0,2823,28232,-11970.5075751962,6875058.15352789,548.908233194166,6241.79970204736
"561",0,2822,28225,-17069.3186029086,6875663.52267768,545.302006908928,5607.4675957341
"562",0,2590,25900,-35356.520944607,6795289.15941008,701.100851840591,4431.18105085385
"563",0,2581,25811,-18329.7501827447,6797587.14080477,701.740277892814,5813.24875335908
"564",0,2577,25776,-18484.8590879425,6798709.72520378,701.727507247169,5653.27240384647
"565",0,2892,28922,-55228.2636352857,6809773.10214443,649.552085072051,5868.23139408465
"566",0,2888,28883,-49951.2726087464,6813158.70514594,658.309747377905,5093.33534410466
"567",0,2880,28804,-38244.7819212671,6819822.385187,669.660148761223,4090.59567548922
"568",0,2881,28816,-19351.2883500032,6820489.05875055,678.031235685627,5819.05926677941
"569",0,2879,28791,8979.82494381729,6819086.93175085,651.636198022329,6324.61986950794
"570",0,2901,29015,12471.5755182509,6798642.30012735,664.632618621115,6294.66113299812
"571",0,2888,28881,12038.8671652531,6808343.23631731,658.528879853451,6287.59355398675
"572",0,2899,28999,1595.65883214008,6799786.62206454,680.571945412159,6626.47247982479
"573",0,2577,25774,4465.11704025855,6796421.55094432,678.062559179291,6307.56418066512
"574",0,2576,25767,-4235.48353171666,6798686.78958874,688.403316788347,6601.13851714725
"575",0,2714,27148,42572.7749744488,6785625.87004774,593.436002265641,5987.95745868981
"576",0,2986,29862,68990.6293759085,6818493.48481301,464.113012560201,6219.02011572385
"577",0,2984,29843,69275.6307436062,6819530.20222326,461.196818160406,6196.09394434287
"578",0,1605,1605,67763.0462655561,6828012.27615603,448.691259703646,3715.23752050261
"579",0,2718,27187,61789.8456166015,6776514.07460023,527.845668725886,3978.68032644862
"580",0,1568,15683,95135.9658024067,6777945.65166719,414.032261319896,6317.59488377715
"581",0,1565,15657,88503.1703432632,6780075.9041509,434.368358379737,5739.92677493323
"582",0,1591,15918,100001.974793507,6768927.40984057,394.093464670739,6696.87244057585
"583",0,1589,15895,98386.8440525384,6769912.43872709,399.351256340362,6592.75876183776
"584",0,1590,15906,97981.3885562177,6768673.53546061,399.212523208315,6289.54439230004
"585",0,1512,1512,100544.413007057,6769896.26036379,393.695244302892,6415.79720123146
"586",0,1558,15587,91317.9207143311,6781931.05418607,426.274045971335,5804.52747910494
"587",0,1623,16235,85714.4561059824,6756537.93674412,424.728924318312,5204.08928402326
"588",0,1556,15565,109703.069416988,6781323.59766922,382.91026881108,6393.49933977503
"589",0,1554,15543,93292.2770587223,6783106.00232464,420.886788887353,5914.65936350825
"590",0,2999,29997,117016.093288087,6800974.0463939,376.484832971112,3850.71195435261
"591",0,3012,30121,118442.51362167,6788429.95478833,373.825449195774,5737.58512549797
"592",0,1567,1567,122606.436800714,6780010.72792161,365.167292443442,5673.57284236921
"593",0,3000,30003,102852.430577612,6800877.79655896,396.129554438519,2485.43132476479
"594",0,3002,30027,112579.300546095,6798168.6569117,381.723954822455,3433.09008984007
"595",0,2966,29669,108221.039617524,6830643.38780268,369.74189228443,6412.99901269711
"596",0,2962,29629,107039.420648319,6832267.91128658,369.342295380906,6509.84208689747
"597",0,2960,29606,109615.24275388,6834762.06138851,365.015589223426,6772.92004430372
"598",0,2933,29333,100596.714665633,6864545.64777644,344.327375213878,4983.32770694354
"599",0,2944,29447,84224.1235709931,6855126.10782567,372.649509550558,5363.10906189124
"600",0,3045,30450,142367.947922203,6830429.04620543,356.728192521353,3699.81017585166
"601",0,3042,30429,140121.864283914,6831180.79514985,356.498570695681,3495.35982018464
"602",0,2950,29509,125511.402358183,6846339.42199576,348.03443349068,5773.97378034206
"603",0,1600,1600,104492.074868906,6849301.59482317,355.255501063261,6015.6017142741
"604",0,2840,28406,-7512.90348052835,6847008.44273507,621.134404859623,3539.36402672553
"605",0,2851,28517,-35538.5724342971,6841368.994583,611.271673792124,6687.26398745878
"606",0,1743,1743,-36027.9703029192,6843561.96098564,604.447677046994,6565.07663111654
"607",0,2856,28562,-16779.0982632894,6834280.28352978,648.319647549171,5647.49972764314
"608",0,1643,1643,-25854.2661251642,6831854.6351092,649.285002523674,6046.77212442285
"609",0,2861,28618,14913.007552081,6828530.21663234,625.835125116377,5751.54661395576
"610",0,2851,28512,12825.8663446338,6836998.29148642,616.106927609803,4769.79551169382
"611",0,2956,29566,33577.8024042569,6846078.89504741,538.425548267542,6665.31274004757
"612",0,2951,29516,57732.4434837073,6851704.94864275,444.358881043017,5427.11089343396
"613",0,2944,29446,51760.6760076485,6855356.26071067,460.595392003374,5385.30010262339
"614",0,1735,1735,57362.6051134885,6845302.85067074,454.026410086126,4716.14709650445
"615",0,1734,1734,41725.9058091017,6852045.61595386,499.432027354817,4002.04401613527
"616",0,2832,28322,29386.0632443903,6858819.28819043,526.474857322531,5862.08025343995
"617",0,2959,29599,37560.5541414727,6842394.67200838,532.368090934872,6831.93254680269
"618",0,1655,1655,37346.7924300457,6844249.3448151,529.43185442168,6594.43000168583
"619",0,2835,28354,-562.413484349732,6853295.82862725,601.292774998313,3832.48297244569
"620",0,2832,28325,7156.7440252943,6859776.8972812,574.608819019124,5594.94002865305
"621",0,1751,1751,21173.4605553543,6856450.76198646,553.474738877226,5843.71465502434
"622",0,2818,28187,-11643.9489695071,6877680.1456474,543.651508807437,6334.52791907851
"623",0,1165,11658,2944.8463159367,6886118.07683595,525.123692194355,6618.50069115975
"624",0,2813,28139,-25618.465334884,6880907.3931258,527.549168032397,3480.05071433587
"625",0,1774,1774,-12758.6667506193,6877090.75496427,544.439154449624,5874.36023441131
"626",0,1813,1813,-8780.76828851089,6928989.47494875,456.866309568836,4921.47521563409
"627",0,3109,31098,39754.4957586517,6906515.26670121,427.770929452848,6649.26748412331
"628",0,2928,29286,39480.5386723155,6873404.18846652,473.163185702875,2201.61498220251
"629",0,2807,28070,21397.4174541843,6884416.80248667,500.625012955372,4959.15387792758
"630",0,0,29373,41240.4514984029,6866430.29088584,478.61131172054,4371.04178014295
"631",0,2812,28120,28172.3861443315,6877325.16719206,496.677942613264,2960.70285243567
"632",0,1806,1806,79907.3694672107,6876218.49341121,367.041130602511,4928.48613096677
"633",0,3124,31244,118805.162028403,6976114.73343688,241.217550839912,6295.4950854464
"634",0,3144,31447,64428.0620830741,6953306.92135645,322.924511924505,6557.02122145033
"635",0,3107,31072,13184.0032189869,6911924.75034393,479.445212097594,4359.15699730418
"636",0,1930,1930,21815.6091347705,6923090.951113,442.49693009526,5898.4418066864
"637",0,1941,1941,39748.2748623128,6921241.03286582,408.124869194014,6122.95290369631
"638",0,3184,31843,70759.0385785163,6917362.30095486,343.176964524281,1902.76472723221
"639",0,3161,31611,101206.381585368,6936108.72981708,295.947502476876,5007.27689796199
"640",0,3187,31876,78828.4696657148,6915946.1590032,332.108730179602,2485.56980516428
"641",0,1959,1959,76420.8733890628,6900431.58053156,351.587415017148,4343.34426667674
"642",0,3149,31494,104895.744871783,6946526.87365024,280.706949213612,2207.04150852051
"643",0,1983,1983,75281.0540344463,6961050.28350432,299.147150597277,5658.27357071846
"644",0,3130,31309,59364.2698464064,6968757.58458376,311.931791874568,5836.12953085629
"645",0,3132,31323,82623.4646107627,6965369.55070759,285.543149499448,5959.3978124527
"646",0,3139,31391,141202.044140164,6951701.26061405,267.385485942036,6781.03734233656
"647",0,3159,31591,147417.833131008,6933652.54071201,297.796568253956,5974.03305870726
"648",0,3139,31398,101107.381035969,6954607.71809345,275.71776018689,3994.23795845469
"649",0,3148,31485,127896.34384138,6944225.05498592,279.609700548433,5627.34797346756
"650",0,1987,1987,126129.028719593,6925903.38989175,306.195147658595,4821.26553789094
"651",0,3121,31213,146137.849377889,6982497.60124326,211.654364388306,473.042914270901
"652",0,3451,34515,154628.685906953,6930327.68197813,300.971498434674,5662.58691977299
"653",0,3131,31312,144781.042699477,6960043.70033396,252.234049549854,6137.78124247341
"654",0,3411,34111,190695.280097076,6963614.46646125,222.648912049956,5487.11997893871
"655",0,3435,34355,175059.183489058,6942889.70634992,278.801757199476,2814.53586008023
"656",0,3427,34273,181281.99811274,6948703.08212997,269.865845763158,571.727646207458
"657",0,3664,36642,201082.057748784,7006611.86191202,156.968594963421,5851.6706394574
"658",0,3666,36668,191992.549803668,7005010.05107542,158.145826109985,5116.5400345139
"659",0,3385,33854,210156.206590599,6986447.39533924,163.746786931145,3632.33400737345
"660",0,3662,36625,197738.196105827,7007369.44558695,156.548823290458,5483.70577814233
"661",0,3402,34029,195922.616659164,6970949.13263333,201.349577698374,6069.2062029879
"662",0,3644,36440,179514.800512963,7033944.48282487,162.360795376144,5167.60257622475
"663",0,3639,36395,174379.935966278,7040110.676962,168.585896521869,6130.64934212268
"664",0,3643,36430,182186.781531631,7034814.55576715,163.000366519297,5283.28686608976
"665",0,3652,36526,149386.517385923,7024397.83173231,181.067174598594,6383.77566449936
"666",0,972,972,203892.650767736,7045421.40462199,186.689879881423,5288.04512032716
"667",0,3734,37343,218694.182442105,7045496.63914354,199.956920358905,3366.94146990601
"668",0,3736,37360,219251.90382484,7043752.29494995,197.102635557924,3852.63900199371
"669",0,3729,37299,237563.339521205,7045431.80306563,195.445805156025,5388.8690955144
"670",0,3721,37217,233130.389814424,7057728.03001342,209.571187243822,4637.75912741452
"671",0,2524,2524,238219.263412494,7039399.22612239,187.058468477866,5575.95925344455
"672",0,3726,37262,227031.988593548,7053351.52437368,210.658568545595,2461.14514003079
"673",0,3715,37153,246794.39740582,7065634.46479861,209.132565901907,6234.79077145309
"674",0,3697,36971,240419.300384525,7084820.73970497,213.29915835988,5278.21672090415
"675",0,3673,36735,266128.700453831,7103157.51988297,225.039181223753,5077.87771454914
"676",0,4175,41755,273326.988075845,7113539.90460884,231.21762500262,6035.73994804239
"677",0,4154,41542,279312.40662439,7117625.08544773,235.292553594488,5171.96195254073
"678",0,4147,41470,292000.861693031,7119254.3848438,242.451875177089,2148.39188488885
"679",0,3445,34454,203841.967943577,6931511.42247399,243.493871501239,6096.17253070205
"680",0,3405,34052,219904.790042468,6967730.58932208,177.874769207908,4925.85043974119
"681",0,954,954,236395.227798996,6941610.83689211,191.252278872226,5137.2654400083
"682",0,2104,2104,198409.554612917,6963661.73437881,211.561286927811,4884.1254001089
"683",0,3793,37939,220430.102236608,7005221.7384801,155.770662069042,6361.77505127694
"684",0,3375,33757,223858.81929175,6996960.36340487,154.006210189131,5096.66735139703
"685",0,3756,37568,219146.216115574,7028302.81055646,173.285211476941,6430.62575107657
"686",0,3744,37448,242731.826490313,7035467.50792573,180.213727577325,5785.56647883159
"687",0,3557,35571,336372.98803916,6921528.8988198,186.054431280266,6125.07958118709
"688",0,3527,35273,314786.361677524,6953065.37686044,171.305403745245,4936.65813597984
"689",0,3561,35619,347267.474835858,6918367.20062036,192.697351303604,5330.48581426033
"690",0,3521,35218,308889.515112826,6958112.92488395,169.746881263903,5712.30456750927
"691",0,3555,35551,354899.159275956,6921494.48604413,197.146118673673,5061.53295375824
"692",0,3530,35303,320576.387515021,6950136.81111222,173.111891269167,3320.96171804252
"693",0,174,174,326399.188769123,6943802.69657588,175.616536585316,617.605767524436
"694",0,3562,35629,353849.319711803,6916153.14725198,197.001259141279,4061.93433645697
"695",0,1360,1360,354756.919631486,6926041.18320381,196.805928049177,5746.45008346821
"696",0,114,114,338760.49701614,6957358.35420596,186.066401739681,2604.19403247348
"697",0,3800,38004,254187.132226577,6998568.86208451,152.117582759583,5736.64612974274
"698",0,3377,33772,248654.846276916,6992903.38206282,152.543435444613,6410.81776936742
"699",0,3380,33809,248712.232201538,6988124.76957868,153.806341944348,6559.86702705381
"700",0,3801,38016,250672.593598234,6997454.28906729,151.88284268508,5786.31613109376
"701",0,877,877,258495.380434444,7012653.21443412,153.325235522477,1732.80846686108
"702",0,888,888,248641.96910777,7021477.24198296,160.391023114251,2375.85514381065
"703",0,9055,9055,155341.756085139,6529463.7107132,786.19530702782,5422.4269246718
"704",0,1073,1073,58640.2790969497,6630934.8490335,666.502510767227,2638.50881122209
"705",0,0,36046,201861.733371644,7070706.42801856,198.267758871181,6018.19778228653
"706",0,0,36132,186505.861117827,7061609.74025333,185.643374370113,6645.88470460724
"707",0,0,21849,16382.4406592633,6481613.17132762,811.131858533283,5786.89750304946
"708",0,0,51330,638680.479446009,7745503.67931543,91.3775126445847,4773.36950992679
"709",0,0,22763,-34075.3045489346,6619553.92802336,686.246302570841,6295.47261618597
"710",0,0,46838,543983.39842625,7520580.78244533,156.590556873582,4266.39532850407
"711",0,0,46606,501651.76682723,7433390.33863892,185.25074526259,4374.96378001029
"712",0,0,7891,46414.9947807323,6562303.59376831,719.947314369816,5747.86370153255
"713",0,0,9453,151311.188038143,6523618.05723164,797.914504813346,6035.86147397176
"714",0,0,2385,607435.47569829,7678256.69956949,105.33533194065,5556.85260866339
"715",0,0,45398,580939.030634567,7543157.11787986,146.449069725898,5761.23199923547
"716",0,0,817,535091.971802368,7434457.15287451,205.189545807025,5548.91601336952
"717",0,0,44574,504371.457656187,7376907.78626652,243.001960990807,6075.33235174335
"718",0,0,44519,447315.192462096,7382575.44027909,230.675339941491,6512.90702723376
"719",0,0,44786,504077.313006916,7361209.26770407,241.342568561896,6119.7261817278
"720",0,0,42494,479971.210822531,7280828.58300306,235.265490180237,5276.00843100137
"721",0,0,42927,431758.382337453,7248180.26998378,261.462300109111,5797.84499588093
"722",0,0,42178,441960.02550339,7302380.25369894,245.38773478836,6963.18123999226
"723",0,0,42711,374391.723985838,7269208.00065484,262.890707935158,1640.67922267062
"724",0,0,59101,871191.33564943,7880568.97558366,67.4465880553049,3449.12965495971
"725",0,0,59291,865388.603970755,7870753.28183598,68.8956795483178,2588.70268382796
"726",0,0,59351,844451.96788654,7861595.62899516,75.7106159630389,6620.51894115731
"727",0,0,56324,775385.870069232,7791737.19333655,99.5290632769506,6051.9844873394
"728",0,0,56905,856689.155580502,7762827.05241001,87.6470764627578,6782.49953196846
"729",0,0,56466,882769.002163291,7794388.45640403,83.2983237123349,4679.1079486869
"730",0,0,53540,844360.761097267,7762010.55544964,89.8438626414066,4865.58483450192
"731",0,0,56427,798576.999099379,7787948.0323274,98.9011877625935,4711.6468294725
"732",0,0,53020,783681.832869973,7779476.0472024,100.023924432723,6281.91944175478
"733",0,0,1708,659945.720253217,7680127.90434137,109.190702855783,5160.53837580084
"734",0,0,49711,701923.635814318,7649605.12348197,116.029414639149,4756.51253201289
"735",0,0,50724,585554.724803985,7700145.30042864,109.682819958656,5903.18830286663
"736",0,0,62563,1045638.55745074,7905450.95784536,83.6990110132479,4868.97293176808
"737",0,0,62816,996600.080151406,7869395.70253181,83.181513939698,6451.73092859618
"738",0,0,60294,956486.59448324,7926916.45098992,88.6144586931507,5351.55058637251
"739",0,0,61139,921348.487144898,7860511.26683229,68.0871815769377,6449.27081709099
"740",0,0,2275,898792.680902311,7755803.11588466,86.7096719917678,1589.02416676418
"741",0,0,62402,918093.872985812,7775817.79197027,85.3014664815382,6004.26259522798
"742",0,0,47724,495450.49752997,7584845.55207546,169.88339331032,2874.64618381331
"743",0,0,12403,91742.3643876545,6656224.37074192,490.686934668632,4845.70653221137
"744",0,0,2229,812250.118937003,7698940.12788286,84.1206834539877,4952.47239180125
"745",0,0,2231,787405.547065457,7717991.04668516,91.3214538736869,3272.56549634255
"746",0,0,53743,837062.905382805,7750234.35014798,89.4879806896441,4854.85211228753
"747",0,0,40167,298217.840789511,7153917.57786796,243.471847711175,6872.247862644
"748",0,0,39511,404143.581861174,7166105.94800164,268.436787920982,3023.31930754727
"749",0,0,39776,411913.964475678,7158307.49265015,265.580940266531,3144.1375471254
"750",0,0,38610,448646.15042905,7204929.49451462,249.237521714001,4948.11264156111
"751",0,0,1137,447095.243415511,7108563.44489769,229.860979924819,3587.2770632729
"752",0,0,40079,430600.914697665,7145418.57429057,251.158984420786,6394.51936459617
"753",0,0,40484,443612.463036479,7133087.28488101,239.545768898008,4737.98221941729
"754",0,0,38057,282484.756861359,7088137.17005568,227.736767155805,6531.38491356252
"755",0,0,924,364779.367907848,7069536.77471796,257.906001164686,5424.89898184136
"756",0,0,37159,291622.730953569,7059969.1139698,218.739428479979,2951.05647302632
"757",0,0,40373,334736.664254997,7144996.7731955,253.615332484035,4973.28431093965
"758",0,0,41272,326656.989191029,7120137.05185152,251.3787559385,6674.39289398307
"759",0,0,41964,333775.313544686,7126055.3080446,253.12718931864,6888.76070994714
"760",0,0,41814,349900.677140683,7103675.92834587,255.439513915063,5814.3080416735
"761",0,0,65209,1045257.66335595,7827220.60352378,85.8336589104389,3680.05027823625
"762",0,0,65100,1045796.44168238,7744336.66155674,98.5657811761769,3442.94803302085
"763",0,0,63606,1053076.03436775,7819369.38040605,85.3365698859276,2601.21696362126
"764",0,0,63457,1020146.50312374,7819787.68163304,90.5006852355096,6877.18027138444
"765",0,0,58317,899535.825764506,7671198.21211421,118.055672044274,4713.16800107288
"766",0,0,54716,839800.692072157,7697675.63457424,83.4070305211416,5289.94301952284
"767",0,0,52936,703079.855796436,7663074.31461255,118.206725402927,4490.19767739028
"768",0,0,55049,836486.895319893,7682446.90838797,85.6154475623855,4338.06837203715
"769",0,0,35983,645993.533566569,7626154.40743897,104.848772927351,6940.7332901132
"770",0,0,501,464998.254419108,7296088.96118017,243.02692042074,1949.14754014297
"771",0,0,35983,189529.177256806,7082338.52746181,191.749159303585,3132.72742717189
"772",0,0,930,369978.972579872,7123953.52021115,258.142176280167,1288.11475890937
"773",0,0,1039,602350.796114321,7581956.92074953,118.118687674711,6140.04940502478
"774",0,0,1683,16402.224060316,6594573.83075596,696.413606164644,3172.55104251913
"775",0,0,45689,524281.15701093,7521717.53786832,157.549825733808,6898.01777696486
"776",0,0,804,491831.762599265,7442436.01710877,166.878140245946,2262.52562114253
"777",0,0,43929,501464.462040108,7424169.30490855,196.655729949066,6009.30764376362
"778",0,0,48637,620950.31311572,7595408.17779412,110.581092744236,5484.23733890062
"779",0,0,8672,50409.471199882,6547021.33998263,740.853025493543,5741.28171296956
"780",0,0,1193,566633.022609591,7600739.89725608,110.890755275131,3840.99027092203
"781",0,0,1003,565939.970712805,7514749.93081525,166.134220443202,1297.91967805656
"782",0,0,46146,545789.225440578,7479582.17001295,187.524588299962,6133.69339262288
"783",0,0,45963,558269.705227264,7493588.53984514,185.144598592007,5862.3221664649
"784",0,0,46678,535060.493279885,7437652.48774483,203.799726009621,6402.45561954306
"785",0,0,2491,432154.991965669,7373818.79879924,229.514256840482,5646.55155198226
"786",0,0,44358,443591.635012796,7392945.97722209,220.05927979721,5232.62194647039
"787",0,0,44849,473751.087964646,7356241.34232968,256.506713687276,5472.31335433435
"788",0,0,42053,387705.27950094,7313692.37249516,243.342571323103,6208.47381042044
"789",0,0,42969,369901.827077255,7245087.9040879,267.280029844658,6174.65640859752
"790",0,0,58831,864422.356912127,7892172.69768702,69.4154867570525,6275.98435275484
"791",0,0,58969,871300.161735895,7886588.76982365,67.7429373353142,5297.20176446681
"792",0,0,56023,828795.275318314,7818407.48107885,87.6720035328602,5509.57478534117
"793",0,0,56269,779959.433828314,7794493.04532248,99.6378050423651,5005.98048571068
"794",0,0,59680,859733.216696084,7831418.82589006,78.0398480279613,6638.8784335948
"795",0,0,53249,822818.023269631,7772283.78940134,94.4720039305199,4465.11959307486
"796",0,0,52999,790156.760914715,7781344.11999526,99.5412523375462,5959.36323982875
"797",0,0,52329,741153.073741131,7720063.02130147,111.503277805827,6445.43372621602
"798",0,0,52307,739735.38174339,7722448.24891595,112.2723301573,6276.45284611443
"799",0,0,49688,694953.96383235,7651255.86710371,115.258210512809,6012.44667886221
"800",0,0,2304,976152.495394264,7859350.30027136,80.2446845369146,6430.61171118201
"801",0,0,62355,950587.39090543,7808698.0455284,84.4431627728618,5450.16018719288
"802",0,0,60265,971561.398133017,7931523.48760729,92.6749773624819,6472.189853215
"803",0,0,61009,956692.810922536,7877775.0000747,71.6594726249201,4975.57469215941
"804",0,0,60196,951533.862197273,7931234.22897599,91.2967204001037,4070.469933468
"805",0,0,61612,905374.553561992,7840063.46521447,71.9046919751535,3127.27268332409
"806",0,0,49160,649317.953218812,7645295.48613122,104.253008839899,5179.97193015401
"807",0,0,47367,501946.0183933,7615084.49590003,157.814978293656,6184.18752835835
"808",0,0,59885,892144.282370771,7818573.89950083,77.4824011024535,5850.91573570764
"809",0,0,23763,43929.112328998,6630094.92214316,668.49136629011,6371.98414437984
"810",0,0,35326,340969.177778828,6945595.33968672,185.615282565504,5025.19786872892
"811",0,0,60044,899563.575759023,7807866.56711621,79.5418610581735,6543.9398277415
"812",0,0,57217,877871.32135948,7752698.64543487,85.7611440295533,6536.57590364054
"813",0,0,57172,893724.402308854,7755526.91045301,86.3469846471347,3465.76530793389
"814",0,0,57661,864200.47493428,7728254.61798121,83.6826776468614,1940.20506535485
"815",0,0,54591,841726.467013293,7701925.40331642,83.3953833499115,5688.61028793178
"816",0,0,54351,806021.764955832,7711751.8243498,86.1648177704361,5688.62592017293
"817",0,0,57825,859173.070976714,7707686.16788679,85.1494443160018,5175.84807988406
"818",0,0,38667,344823.617797128,7212118.39734297,261.864462743482,5992.55970667056
"819",0,0,39356,339304.379164145,7182312.20798064,256.867883661704,6412.37387628841
"820",0,0,39071,355486.658827134,7197349.69305459,263.03480166215,4768.08556632952
"821",0,0,38926,363847.516814491,7201162.98034203,265.238464024092,3294.43319841774
"822",0,0,39773,307127.77656629,7168123.62066063,245.348011809758,6441.11729603318
"823",0,0,40469,367148.991407558,7139503.75768334,260.223893225771,5617.19575625572
"824",0,0,39394,406744.767060246,7173313.93231722,267.335161850859,5216.084815579
"825",0,0,38623,454051.433081659,7203830.45786417,245.826088627224,5469.51240535049
"826",0,0,38975,440024.079889786,7192807.57145614,253.250433302831,699.467876870939
"827",0,0,43667,456880.163724631,7214310.54555105,244.585893869464,6182.92604673683
"828",0,0,1142,435152.60703678,7107447.74297456,236.620310513579,3919.17451788644
"829",0,0,41852,376548.192061037,7100125.48306478,259.704392927619,6091.16168735702
"830",0,0,41056,412577.466522319,7118888.79309248,253.671970561639,6670.49519008888
"831",0,0,36864,296648.627526717,7086745.4324527,233.562671498879,6750.06564222244
"832",0,0,37072,289709.677051051,7072702.30705296,224.432653307624,6086.84527447123
"833",0,0,37109,275873.367177316,7068002.73836855,215.651454454852,5910.59088145188
"834",0,0,64288,1047578.98112879,7799038.99583091,89.5458649070024,6693.17826792526
"835",0,0,2447,1066475.87513378,7777886.7242308,92.0563838978014,5405.57340715927
"836",0,0,63380,1034863.70829391,7825567.70635162,87.8344134147367,6054.45113796499
"837",0,0,58521,897753.067131984,7646322.75791442,143.216580840585,6927.84317935075
"838",0,0,58410,886686.861828951,7660001.16033923,120.759808195792,6407.75637718592
"839",0,0,58250,864871.8292262,7669134.57912264,100.463945234482,5976.59415040496
"840",0,0,58233,862223.339317739,7669537.04576007,98.9985105038049,5947.28248217489
"841",0,0,34098,189363.384291983,6967208.99424629,216.692210843115,6025.19339068336
"842",0,0,16336,85388.8578460296,6753268.11404714,421.401917978598,5581.82138886744
"843",0,0,49514,696812.011586136,7593983.52965824,103.503530083726,5472.63581945045
"844",0,0,35977,193066.150752968,7083104.31778841,193.317280677442,4069.8589303149
"845",0,0,36088,207763.26394451,7064379.91648676,202.872580372082,5302.96095860716
"846",0,0,523,227653.668358107,6755785.58255258,463.311562788269,835.546430684163
"847",0,0,696,422357.149125037,7177233.83955027,261.076277030447,3771.8891534978
"848",0,0,10069,95657.6932716385,6517909.06957703,755.526350118583,2752.01538851763
"849",0,0,23363,30946.4716441305,6662993.61919308,632.490136683766,1107.55981222163
"850",0,0,48635,610896.003122761,7590448.533735,113.297636451125,6614.89998250282
"851",0,0,1222,537486.275891867,7682398.29862568,120.141522799364,5425.92057696061
"852",0,0,1064,66513.4366996238,6599491.65389771,686.8258259514,1234.09828525923
"853",0,0,1529,12025.9340366855,6551290.2103184,735.083277824115,4111.66563315922
"854",0,0,48034,520336.142162838,7551579.1910328,142.925953107601,2560.44631143387
"855",0,0,45761,557855.800784438,7511397.59813119,166.359512925526,2179.10543144639
"856",0,0,46677,554695.514784545,7438369.76766443,215.295281519233,2482.56180446136
"857",0,0,44049,451463.305171977,7417730.99232345,197.288281752237,2915.0293557962
"858",0,0,469,491188.419374038,7256001.39773004,224.448376094228,2368.91126435932
"859",0,0,43277,446200.730851566,7228093.76458472,252.694937246498,6947.53224999638
"860",0,0,482,422535.687849839,7227862.1828472,265.483823312058,4279.64030984003
"861",0,0,43061,417230.094002476,7237700.48129597,267.418779190166,4747.01551839381
"862",0,0,43245,418128.697928749,7229295.08000771,267.571068426811,4371.43399758409
"863",0,0,45182,426049.201907139,7333907.34567923,237.395609620962,6046.02484024257
"864",0,0,454,379545.780960219,7243480.25668397,268.981034729546,5996.76609392443
"865",0,0,806,514205.057694591,7402829.07624212,222.141881717265,2628.87169273399
"866",0,0,51996,701491.647659429,7762744.39881908,96.1797682939385,5961.73971614398
"867",0,0,59345,870396.352862373,7868060.76542925,68.1485064507186,1265.43167971422
"868",0,0,58757,851675.708615617,7895832.60413764,71.7390216044242,5863.31991368838
"869",0,0,59613,840258.89990515,7835119.89967629,80.9700752239348,3040.76072809755
"870",0,0,56638,862952.501741308,7778628.75179361,86.9909780464141,5911.93148243213
"871",0,0,53277,791760.018342225,7767941.3518895,98.4560191432197,7035.39344792081
"872",0,0,56697,848856.050257793,7771071.82103017,89.3286356795307,5935.12405658993
"873",0,0,52838,721571.761975264,7679596.64332505,115.816014175189,6398.25311296808
"874",0,0,2416,627637.364943108,7681148.01320792,104.714774375734,5063.02166289991
"875",0,0,2380,593471.923520061,7687402.79997539,107.425827994172,4501.98949816921
"876",0,0,48184,557281.581845846,7636442.56541929,108.538230785418,6450.36014068959
"877",0,0,50807,593718.845315424,7692533.28488976,109.021387831035,4431.49679635451
"878",0,0,48664,567861.129180883,7584912.17225035,114.687946620633,2041.21810629125
"879",0,0,12371,142766.688349455,6652694.6395649,546.273110883257,6488.4229391988
"880",0,0,47762,500932.248662273,7582401.8824029,163.651429515458,4695.16596840272
"881",0,0,64014,1055964.48237209,7808976.50059665,87.0877885721245,5437.75285961473
"882",0,0,60492,964809.503789155,7915241.98820703,81.5055634697362,6083.35594422289
"883",0,0,61785,941526.397611217,7840792.09581234,75.8418565731016,6745.72679809987
"884",0,0,61081,912803.441599687,7861996.60797049,67.2227388740964,6966.2415679505
"885",0,0,61330,923548.897275862,7853057.38026432,69.9074991385403,6164.99028165635
"886",0,0,59626,898079.711545864,7845476.27508711,70.6078950361442,5260.45415244462
"887",0,0,47133,531730.444041394,7642233.69262434,125.891209411668,5239.5318812918
"888",0,0,14198,82847.8495673203,6600043.40448071,687.200562217696,5982.44060677688
"889",0,0,60619,975588.847501489,7911443.1880084,79.425438578359,4422.70766013052
"890",0,0,62019,941727.739699311,7826122.38394517,79.4258007019793,7047.89262246229
"891",0,0,2423,1025862.96657213,7877907.51540148,85.7843378331236,4332.2840505684
"892",0,0,739,338363.60391663,7047280.01497529,233.755192391061,5633.97606679074
"893",0,0,2286,884935.651004147,7751832.26950532,86.0415089514173,4892.26977123341
"894",0,0,57598,881291.783703976,7738997.82296433,85.9998463957004,5896.20747927842
"895",0,0,2227,825363.618414963,7725792.54053516,85.6857100781752,6393.3667344514
"896",0,0,50619,822199.065749295,7644294.10789662,102.129035018854,6806.72845379439
"897",0,0,54046,826643.20631611,7731999.90793208,86.7554172141371,6961.11428775847
"898",0,0,49720,811662.82687231,7661065.93886929,91.9878106108655,6255.85314075361
"899",0,0,38909,369886.747395999,7200454.05514782,266.297774320933,2517.02560985768
"900",0,0,731,336505.523242323,7183121.03563731,255.990769431027,6236.25902001171
"901",0,0,719,435222.881948119,7215888.03569334,258.133655232774,5950.84802254018
"902",0,0,39029,432268.74932779,7191748.31917999,257.38687703393,3560.20942347395
"903",0,0,40687,453405.045583977,7124734.51517915,231.861616189747,4629.02367067606
"904",0,0,40993,409616.119243676,7120106.59747237,255.294835824922,6712.66214775773
"905",0,0,40663,313420.233386335,7138665.24297947,248.992281652961,6007.99270136373
"906",0,0,38259,366285.692630585,7069758.11552361,258.111076909297,5943.58457423277
"907",0,0,37058,289269.613068553,7073913.29673758,224.800736925475,6239.10685975157
"908",0,0,37123,273470.121482752,7067380.25725678,214.304828585613,5814.12009067307
"909",0,0,37047,292227.890946715,7074032.8225211,226.213697745491,6196.52966826607
"910",0,0,39647,343886.441030516,7169419.06062988,257.226447084769,5014.62140181499
"911",0,0,1149,425430.616894463,7108620.45028214,243.543879427026,4654.01496249704
"912",0,0,63141,1006019.24396977,7831164.9281055,90.6110471796444,6448.77912143099
"913",0,0,50163,842996.983230699,7674134.50851132,90.326607049287,6052.9856945111
"914",0,0,58209,874021.725944466,7673794.77496977,102.521001826794,6432.18220209507
"915",0,0,58168,884576.819245868,7678640.06035912,104.591710712885,5390.88021563041
"916",0,0,58283,876909.316677959,7669266.99926149,106.96507947558,6228.49469104629
"917",0,0,50355,849016.928887768,7665159.90137101,96.1481426920977,5752.85407526543
"918",0,0,47746,524968.33814981,7583010.54655575,139.070150744794,6849.79203370755
"919",0,0,36049,191661.354799453,7070655.72684154,191.383139572696,6028.927348971
"920",0,0,36086,205799.346695708,7063680.92260109,200.896165256423,5307.79715397756
"921",0,0,36199,199920.434114956,7056772.25933922,192.535403690946,5993.64270303327
"922",0,0,1399,25228.8655053554,6546819.19626601,753.112244409916,1494.70028924873
"923",0,0,45598,511410.813295476,7527761.78584227,160.536479428252,6240.97565830847
"924",0,0,45794,495694.647168405,7508210.60824057,172.117228576568,4321.691359759
"925",0,0,837,491521.239015174,7483826.73471183,169.178885875558,6451.95797816081
"926",0,0,14005,102416.922127983,6605062.42267269,680.301519380989,3803.4551978865
"927",0,0,5855,215348.2814914,6588805.32044422,759.433005976618,6553.94584528158
"928",0,0,45435,567137.671785081,7539073.09860761,146.534130539787,6103.8900087885
"929",0,0,807,521577.733627406,7415630.68585215,212.688732399512,2985.8698652386
"930",0,0,46687,528161.30497075,7437713.41542756,199.50535101878,6827.16002316272
"931",0,0,756,503993.149133028,7355490.71756243,238.051998187582,5036.80171479176
"932",0,0,42871,468766.209456967,7253267.72721433,240.221830334756,5907.50016471967
"933",0,0,42432,405308.169791299,7286450.24261826,251.685055506018,5099.33599590598
"934",0,0,45164,427981.234349377,7334640.13606927,237.309367310091,5756.34761591752
"935",0,0,43591,401535.729394019,7216670.69099321,270.861541285821,4689.04695992271
"936",0,0,51091,685328.511561411,7793692.9298917,87.6878535596552,6707.57259883607
"937",0,0,58785,879810.815908887,7898970.99955073,68.4159582628587,6777.07303870489
"938",0,0,58941,845664.143517477,7882119.11567909,73.2378539422854,6472.6382539516
"939",0,0,59260,860994.123470251,7872284.90256995,69.8186463137984,4004.99666178673
"940",0,0,55473,778368.742868914,7858261.80923725,97.8189160680794,6176.65518217692
"941",0,0,55447,798562.324119426,7861823.06809305,93.1583107699413,4564.9450308603
"942",0,0,2348,852706.14150336,7814125.76729517,83.4853617606124,5643.81523359351
"943",0,0,56436,836388.461254609,7791351.84853652,90.6096439937245,6542.71212523201
"944",0,0,53296,835945.18144726,7772312.11577186,92.0965293484426,4335.67938153485
"945",0,0,53054,843245.832587946,7783616.69143747,89.9965226368934,6334.43360209133
"946",0,0,53405,792916.083552104,7763605.91655785,97.8111318379389,7034.76311663443
"947",0,0,53599,790152.898725645,7754691.68500937,97.0853250452724,6651.92918923281
"948",0,0,53099,776571.235016234,7774779.60984288,100.694829454118,6171.56161985899
"949",0,0,52496,761420.578544059,7706208.82237767,100.709901308457,5345.9934354593
"950",0,0,1729,730081.436183332,7703763.70578588,114.389793257321,5576.8865010792
"951",0,0,52879,713454.731147212,7674724.59626968,117.775419639497,5739.51836765117
"952",0,0,52684,732813.451863381,7692560.91293272,112.234097359458,6058.03156013622
"953",0,0,51025,613101.277155483,7667639.99708467,102.719101162308,6748.24667745919
"954",0,0,51701,644030.260507521,7680457.43698541,105.240571087551,6081.81060898722
"955",0,0,62349,958296.515664935,7811002.05329844,85.9821883123138,6121.7766924843
"956",0,0,61690,982132.754771222,7851782.92935051,83.9956612156036,6382.60886745686
"957",0,0,61403,974594.533690188,7860849.42482469,79.3896928407586,6914.06964569573
"958",0,0,61608,972863.562713042,7853893.84039497,80.8883334646703,6515.04561759799
"959",0,0,60202,974945.890382117,7935737.79965569,95.7714610789454,6662.30085865338
"960",0,0,56723,904189.601565476,7780980.94598345,84.007823354147,6352.27760835788
"961",0,0,59677,894136.39212839,7839271.30189155,72.2377078849139,4959.86951863684
"962",0,0,49237,658970.924321677,7638186.92146799,106.482666527956,5899.80624343891
"963",0,0,47364,525098.028848559,7616471.18173272,135.534508937283,3622.58783554934
"964",0,0,62753,1007911.20940271,7883643.86913992,83.2685404090985,5962.81025313429
"965",0,0,60801,954377.734300514,7893727.47398916,72.313249619943,6597.73711755855
"966",0,0,54461,835394.240564709,7709310.30399288,83.0017684100089,6175.46363364269
"967",0,0,54273,836427.644333661,7720441.94447147,83.9674846674611,6852.29490469767
"968",0,0,737,353741.373710037,7041614.44390588,240.747979613541,3257.70912429058
"969",0,0,57300,896545.643881832,7752327.31349271,86.8216565292958,3401.23778618918
"970",0,0,57114,873226.396878132,7762059.85868064,85.9814366037078,5931.46307851556
"971",0,0,54864,812535.550204582,7688689.2088821,84.3686768873997,4687.86674550648
"972",0,0,39687,378936.454043602,7164514.64684917,266.310789702679,6446.90817868887
"973",0,0,39842,402256.23050768,7156670.35567685,269.543942148524,763.566866256968
"974",0,0,43616,406037.779471303,7215007.33058931,269.989577430461,4730.20239304419
"975",0,0,38924,422098.511601896,7195451.20994942,262.598079058082,5952.14035851749
"976",0,0,40387,439692.264850325,7133836.43365724,242.088367608002,4477.0699409683
"977",0,0,40117,425171.816942991,7143487.74834368,253.946847968769,6101.13629358332
"978",0,0,41684,374429.529479841,7105713.97080577,259.212932246505,5592.12026950184
"979",0,0,40764,308964.550482001,7136675.20461251,248.040373528629,5679.7818330861
"980",0,0,40844,305072.245356563,7134543.35241697,247.20206843746,4864.33658433816
"981",0,0,49659,791366.92934349,7662477.12709984,91.9009717963539,3694.95403957356
"982",0,0,39069,356560.344420352,7197365.36596872,263.279600178382,4415.70553159324
"983",0,0,37029,279253.497078241,7076789.86851984,221.583921009414,6251.63422504876
"984",0,0,65285,1043371.97225088,7805041.78873852,89.0276563559029,5946.57666384705
"985",0,0,2436,1032173.73778072,7797746.18184123,91.7774169970241,5384.34275661803
"986",0,0,64967,1064411.95814508,7770544.00750837,93.4691897255237,6178.23133177626
"987",0,0,63520,1035404.83682775,7819639.54221868,88.2193437517385,6029.11975370893
"988",0,0,63075,1002707.71502497,7838680.00246318,89.7958274032578,6089.08691476237
"989",0,0,2425,1015030.78437611,7816390.37870964,91.3638361797301,5402.97279272968
"990",0,0,58124,873828.550217649,7680231.48099528,98.8405965330778,6453.06695604195
"991",0,0,53786,835149.72148014,7747884.26624356,89.2810813326333,4963.39520951631
"992",0,0,50544,842314.242690196,7652358.33191191,101.959189029183,5935.40822234556
"993",0,0,48256,580169.332663269,7630729.51798132,102.657025790021,6376.91668243746
"994",0,0,48188,594349.993672469,7639570.71246391,100.563144021247,5525.20843363261
"995",0,0,31916,100097.148546457,6910704.93381983,319.853626174165,6423.88455209964
"996",0,0,537,156125.31369444,6806391.97889379,370.966006639544,5904.17093473072
"997",0,0,4112,348692.180162946,6681873.20761545,561.907501460407,4290.71741877629
"998",0,0,5879,228477.953478043,6576276.72656356,767.235474677649,5608.40813859815
"999",0,0,573,166790.627534546,6782949.57321824,373.818007022953,4528.7799678165
"1000",0,0,4099,356926.038170263,6684344.90863968,553.43147020696,3166.00870395758
"1001",0,0,519,223190.834726562,6609045.5277523,733.639438926043,4064.461402365
