"","23386","10127","10926","14367","40322","31047","11292","806","50879","14534","11078","40844","69","2456","64193","23328","34660","1651","2474","1373","22548","2430","11373","64278","1935","13194","36727","36780","1545","28197","716","15100","31186","11095","22101","26267","48048","21049","1094","14277","5269","21797","64217","45724","5961","2437","1174","1431","36436","5742","9534","7272","13592","64713","64799","331","11592","63664","15177","21438","10305","11147","21186","3555","26511","1001","64684","5828","9219","282","281","368","3838","5844","3238","35326","5114","3259"
"1957",19.843500761035,3.63960273972603,4.88384931506849,3.72335616438356,5.08819178082192,14.0521643835616,6.37821917808219,9.77804542177361,3.97801586157174,13.7326888454012,5.51054794520548,5.362,5.44247260273973,1.69132191780822,1.70323287671233,15.2872876712329,10.1961341906626,15.6330846824408,1.88597945205479,7.96877168949772,16.9381427541456,3.26713850837139,5.41999086757991,1.80116438356164,10.5998940639269,4.55880821917808,5.8911095890411,6.18269520547945,6.71028310502283,14.4846210045662,4.59752876712329,5.84499543378995,10.6844178082192,7.04096194824962,13.497102739726,21.0155890410959,5.00878082191781,12.4229406392694,5.98891438356164,5.68373515981735,3.42261187214612,7.32095258166491,1.88706849315068,6.71749771689498,2.7692602739726,2.33711301369863,8.55193150684931,8.35942465753425,7.78155616438356,3.15758904109589,3.07243835616438,3.42973287671233,17.3758270547945,1.97142465753425,1.93719863013699,2.81694368340944,4.48373211567732,2.14865753424658,8.64624242424242,6.85247945205479,7.76484931506849,4.73227945205479,8.62046575342466,2.92615342465753,19.5814833659491,4.66542465753425,1.77413698630137,2.51776712328767,4.64728158295282,2.93675068493151,2.78181604696673,2.40133713850837,2.95818356164384,2.54713698630137,2.56135616438356,2.5984602739726,2.93391780821918,2.45457534246575
"1958",13.6560162354135,4.88828767123288,6.22605479452055,4.45509589041096,4.23145703611457,9.72521917808219,5.02854794520548,9.38383705839942,4.26224224945926,9.54966731898239,5.74105479452055,4.39339726027397,5.18941780821918,1.33766438356164,1.33497716894977,10.5826301369863,8.43459155717081,11.5035193026152,1.48118493150685,5.75799315068493,11.3765508291276,2.50131202435312,5.06303196347032,1.40356164383562,7.21930776255708,4.38584931506849,4.96475342465753,5.04780479452055,4.98498934550989,10.9236164383562,4.32510136986301,4.90962100456621,7.64867123287671,5.80872450532724,9.22385616438356,14.6778630136986,5.59752054794521,8.43513242009132,5.33975684931507,5.16995433789954,3.67268493150685,5.64733825079031,1.48087671232877,7.29342465753425,3.00485844748858,1.69331164383562,6.84817808219178,6.12347945205479,6.09950684931507,4.00993150684932,4.24528767123288,3.93529452054795,10.5489092465753,1.55550684931507,1.50201369863014,2.40955555555556,4.96748097412481,1.57960273972603,6.49481361560814,5.09268493150685,6.28375342465753,5.80355616438356,6.08658904109589,2.52956712328767,13.6738747553816,5.26767579908676,1.39097945205479,2.45847945205479,5.2682800608828,2.16163835616438,1.94012002609263,1.75769939117199,2.08663698630137,2.61252511415525,2.10058904109589,2.30276712328767,2.90135616438356,1.99608219178082
"1959",13.3974063926941,5.31912328767123,6.56156164383562,4.89451369863014,3.97389539227895,9.0786301369863,5.73767123287671,7.97979668348955,5.07852343186734,10.5839334637965,5.87656849315068,4.48364383561644,5.95546118721461,1.69605479452055,1.82201826484018,10.4921917808219,6.63186357282639,10.2679514321295,1.99131643835616,7.01821917808219,11.2174217736121,2.91215829528158,5.23853881278539,1.9162602739726,6.51454611872146,4.66764383561644,4.78569863013699,4.78578767123288,5.29434398782344,8.80786301369863,4.2468,5.47012328767123,6.9522602739726,6.4831902587519,8.7968698630137,13.6420821917808,4.94083105022831,9.59622831050228,5.33182876712329,5.66522374429224,3.68520547945205,6.37118861959958,1.99304109589041,7.28212785388128,3.12429223744292,2.27581849315068,8.24632420091324,7.17303561643836,5.10414246575342,3.94039726027397,4.14420547945205,3.91255479452055,10.7577773972603,2.08238356164384,1.97066438356164,2.46870624048706,4.94480060882801,2.08765753424658,7.29347114985471,5.88197260273973,7.53834246575342,5.76775342465753,6.9878904109589,2.57979726027397,12.348168297456,5.09390867579909,1.8602397260274,2.70246575342466,6.10765601217656,2.66055890410959,2.24669536855838,2.0442199391172,2.39105616438356,2.84241095890411,2.36216438356164,2.16591232876712,3.67253424657534,2.33485616438356
"1960",11.8153895972475,5.10374316939891,6.85303278688525,5.00532786885246,3.32208643815201,8.55734972677596,5.66598360655738,5.24952401495542,3.55291343111878,8.72463700234192,6.4304781420765,3.62350637522769,6.8877868852459,1.09049180327869,1.15910746812386,9.27871584699453,7.0130662428906,7.12193989071038,1.26310109289617,6.34297358834244,10.7261144664941,2.17189131754706,5.8404189435337,1.21385245901639,5.9238014571949,4.81584699453552,3.5196174863388,3.32885245901639,5.12196114146934,8.50726775956284,2.74165027322404,4.97375683060109,5.75571038251366,6.553357619915,9.01224726775956,12.3701912568306,3.62491347905282,8.96972677595628,5.25427595628415,5.54684881602914,3.99754098360656,6.23937368642287,1.26385245901639,3.99572859744991,3.6570218579235,1.50676571038251,7.48758196721311,6.89954644808743,4.41650819672131,4.50200819672131,4.76516393442623,4.42786202185792,9.35027663934426,1.32396174863388,1.22821038251366,3.07513661202186,5.77558591378263,1.33831967213115,6.31106888557708,5.68142076502732,6.95418032786885,6.40752732240437,6.6833606557377,3.19304371584699,9.99291569086651,2.84914389799636,1.17659836065574,3.37755464480874,5.50044930176078,3.23483606557377,2.88564142596929,2.44398148148148,3.10007240437158,3.49001366120219,2.76622950819672,2.39183606557377,3.60053278688525,2.77819672131148
"1961",19.1774733637747,5.3083698630137,6.89506849315068,5.29738356164384,6.12963387297634,13.3038219178082,6.55320547945206,10.7243309300649,5.19789473684211,12.7982348336595,6.67622260273973,5.79456621004566,7.04173744292237,1.59369178082192,1.689899543379,15.1821643835616,9.79031646631255,14.3256762141968,1.84916301369863,7.52526255707763,15.247032444124,2.35704414003044,6.29449315068493,1.78015068493151,9.220100456621,4.82545205479452,6.4762602739726,6.2451301369863,6.5540304414003,12.4935525114155,5.91747671232877,5.61260730593607,9.01751369863014,7.41293455098935,12.216897260274,17.9860821917808,5.59655251141553,11.7112328767123,5.6112602739726,5.85838356164384,3.79262100456621,7.40959536354057,1.85076712328767,7.5807397260274,3.60780821917808,2.10246917808219,8.46220091324201,8.1381095890411,6.95792876712329,3.85505479452055,4.72294520547945,3.9781301369863,16.4170650684932,1.9318904109589,1.84331506849315,2.74788736681887,5.67033637747336,1.94617808219178,8.23315566625156,6.92106849315068,7.63012328767123,6.24515342465753,8.45316438356164,2.88164383561644,17.7644500978474,5.22360273972603,1.72940410958904,2.71083561643836,5.75998173515982,2.87771506849315,2.81969993476843,2.57629147640791,2.93126712328767,2.67715525114155,2.72683561643836,2.51818082191781,3.43765753424658,2.66471917808219
"1962",20.0329325215627,4.52157534246575,5.80819178082192,4.31365068493151,5.29683188044832,12.5410821917808,6.24893150684932,9.40823503965393,5.09055948089402,12.3284070450098,5.73904109589041,5.76801826484018,6.05054337899543,1.37067123287671,1.50423744292237,16.3359178082192,9.48361252446184,12.5796102117061,1.64195753424658,8.32447716894977,15.7565234318673,2.55648706240487,5.41438356164384,1.59419178082192,8.29267762557078,4.41,6.19001369863014,5.87668835616438,6.713400304414,11.2752146118721,4.60701095890411,5.60608219178082,9.4511301369863,6.61482800608828,11.3994452054795,16.8543561643836,5.31873059360731,12.6346757990868,6.00358904109589,5.50154337899543,3.40107762557078,7.73914857744995,1.64471232876712,7.96073059360731,2.96592694063927,1.94032191780822,8.96550228310502,8.76343561643836,7.0580602739726,3.66430136986301,4.02821917808219,3.54121232876712,15.9514743150685,1.7066301369863,1.66022602739726,3.73019178082192,4.87789649923896,1.80165753424658,8.10713574097136,7.29156164383562,7.87738356164384,5.34583835616438,9.04019178082192,3.93149589041096,16.6621291585127,5.42150228310502,1.53846232876712,3.30094520547945,5.15369254185693,2.86802191780822,2.87484279191129,2.63802207001522,2.90380410958904,3.26098173515982,3.24821917808219,2.43178082191781,3.43230136986301,3.12678767123288
"1963",14.6277564687976,4.23053424657534,5.15931506849315,4.37119178082192,4.52377334993773,9.68095890410959,5.51758904109589,8.90777793799567,4.71909300648882,9.35161252446184,5.31821575342466,4.46383561643836,6.32971461187215,1.56507534246575,1.81056621004566,11.1242465753425,7.82660050321498,9.61506724782067,1.94220684931507,6.62495662100457,11.7844700793079,2.83512937595129,4.97549771689498,1.92554794520548,6.75418264840183,4.80758904109589,4.96932876712329,5.02533561643836,5.24445053272451,9.89738812785388,4.24503287671233,4.77467123287671,7.40425342465753,5.97159817351598,9.69146575342466,14.4775342465753,4.98961187214612,9.87574429223744,7.26450684931507,5.33123287671233,3.60655707762557,6.71210326659642,1.94868493150685,7.06715068493151,2.97968949771689,2.07591438356164,7.60231050228311,7.41430684931507,5.91155068493151,3.43509589041096,3.73047945205479,3.90655479452055,11.0092397260274,2.00312328767123,1.92882191780822,2.91931202435312,4.51981582952816,1.9862602739726,6.39517476131175,5.89472602739726,6.97383561643836,4.92151232876712,7.08624657534247,3.03826849315068,13.1893581213307,5.65958447488585,1.81147602739726,2.7022602739726,5.04216133942161,2.70402739726027,2.48435225048924,2.29974353120244,2.77980684931507,2.7021598173516,2.61097260273973,2.2933698630137,3.5333698630137,2.54639726027397
"1964",20.7284153005464,3.43845628415301,4.44403005464481,3.80762295081967,6.02149528067561,15.4648087431694,5.43213114754098,12.8457528041415,5.87382945067587,11.3865534738486,4.91125,5.60516393442623,5.68472905282332,1.58292349726776,1.57387978142077,16.0065846994536,9.55889539422326,15.44565325385,1.75835109289617,7.18817850637523,16.3575496117343,2.46888888888889,4.8084335154827,1.66064207650273,10.5449763205829,4.16706284153006,6.22550546448087,6.42433401639344,5.6378233151184,14.3476411657559,5.79218852459016,4.93397996357013,10.5549385245902,5.83051608986035,13.5005942622951,21.0627868852459,6.89915300546448,10.9771766848816,6.66830259562842,4.99107468123862,3.44012750455373,6.68484867591425,1.75754098360656,9.74183970856102,2.75469034608379,2.49326844262295,7.98331056466302,7.55893989071038,7.47542076502732,3.89296448087432,2.82199453551913,3.56524590163934,15.8940556693989,1.84562841530055,1.82051912568306,2.6590831815422,4.08844262295082,2.19200819672131,7.29704918032787,5.98172131147541,6.99672131147541,4.25533333333333,7.60591530054645,2.76391803278689,19.3589266198283,7.3205737704918,1.65758196721311,2.61077868852459,4.44332422586521,2.82556830601093,2.43131928181108,2.20749696417729,2.66967213114754,2.67323770491803,2.34304644808743,2.62666666666667,3.3270218579235,2.3721106557377
"1965",13.1324738711314,4.64027397260274,5.59397260273973,4.49603424657534,4.6521295143213,10.0786849315068,5.07386301369863,6.9101160778659,4.16011103100216,8.61167514677104,5.41211301369863,4.3807397260274,5.86802511415525,1.83803424657534,1.96223744292237,10.4567123287671,8.35521442549623,10.0343287671233,2.15442191780822,5.94361643835616,10.9583677000721,2.98361948249619,4.94598173515982,2.07393150684931,7.06926210045662,4.37620547945205,4.92902739726027,5.16557876712329,4.93227092846271,9.06514155251141,3.83611506849315,4.40312785388128,7.5396095890411,5.70927245053272,8.39413698630137,12.6796712328767,4.14954337899543,8.43199086757991,6.6287602739726,4.61751598173516,4.12037442922374,5.98648472075869,2.1566301369863,4.5596803652968,3.30975342465753,2.95197945205479,7.0411095890411,6.53659726027397,6.02321095890411,4.94187671232877,3.8677397260274,3.66977397260274,10.6839469178082,2.24791780821918,2.17878082191781,3.18287671232877,4.66997716894977,2.5916301369863,5.92562723121627,5.13038356164384,6.41187671232877,5.30348219178082,6.08075342465753,3.26746301369863,12.0365518590998,3.96429680365297,2.02001712328767,2.94090410958904,4.964700152207,2.83670136986301,2.80621265492498,2.57279528158295,2.85415342465753,2.99061643835616,2.85379452054795,2.42523835616438,3.87582191780822,2.76189726027397
"1966",17.013896499239,5.54282191780822,6.75839726027397,5.25970547945205,4.0312503113325,11.5825616438356,6.14978082191781,8.29275991348234,3.85351550108147,10.7191976516634,6.42894520547945,4.25567123287671,6.93744292237443,1.32684246575342,1.40777168949772,13.1496438356164,7.09137433603578,12.3384445828144,1.54216438356164,6.90110502283105,13.627741888969,2.3068401826484,5.77965296803653,1.49850684931507,7.64682739726027,4.91249315068493,4.60427397260274,4.43707876712329,6.05541248097412,11.6851141552511,3.99975342465753,5.30564840182648,7.85840410958904,6.76576864535769,11.7938767123288,17.3992602739726,4.67038812785388,10.4700365296804,7.26607534246575,5.72240182648402,4.04054794520548,7.47268071654373,1.54517808219178,5.73670319634703,3.44081278538813,1.84632876712329,8.28384474885845,8.05065753424658,5.47442739726027,5.55109589041096,4.69082191780822,4.14576712328767,12.9932876712329,1.59961643835616,1.58783561643836,2.93301369863014,5.48385235920852,1.73532876712329,7.20004649232046,6.58247945205479,7.59742465753425,6.39863287671233,7.6876301369863,3.03130410958904,16.2848062622309,4.21396803652968,1.44952397260274,3.13531506849315,5.78956164383562,3.35582465753425,2.90113242009132,2.58392694063927,3.1126698630137,3.2311598173516,2.82453424657534,2.43375890410959,3.74938356164384,2.79148630136986
"1967",29.4798762049721,5.89921917808219,7.36139726027397,5.63519863013699,5.15549688667497,16.4865479452055,8.60715068493151,7.92070728190339,4.56107426099495,18.402,7.94377739726027,4.88865753424658,7.89386757990868,1.46692465753425,1.44899543378995,22.955698630137,10.3899770757618,19.0058630136986,1.61227808219178,11.8030410958904,23.1775472242249,2.45526636225266,7.61708675799087,1.52371232876712,11.6906812785388,6.23339726027397,5.50702739726027,5.59260616438356,8.85678538812785,16.3443470319635,4.77239726027397,8.47282191780822,10.0474726027397,9.31255707762557,18.1480136986301,25.8814794520548,5.36298630136986,16.0220365296804,10.6661335616438,8.03739726027397,4.12500456621005,10.5493424657534,1.61150684931507,6.19319634703196,3.52632876712329,1.98632534246575,13.2036712328767,11.9615671232877,7.19900821917808,5.37764383561644,4.92071232876712,4.15609589041096,22.7327380136986,1.69421917808219,1.64306849315068,3.64873059360731,6.65203805175038,1.80923287671233,12.165804068078,9.3641095890411,11.3862328767123,7.06383835616438,11.4032328767123,3.76197260273973,25.3564070450098,4.91407305936073,1.51576712328767,3.55712328767123,7.17586605783866,3.39717260273973,3.06685061969993,2.85451369863014,3.09467945205479,3.6397397260274,3.10420547945205,2.86675616438356,4.24482191780822,3.06578767123288
"1968",16.5142289010322,4.29811475409836,5.47424863387978,4.35265710382514,3.94035767511177,10.2361475409836,5.6492349726776,7.90193773367846,4.76783002588438,11.5982279469165,5.51699112021858,3.70492714025501,6.13619990892532,1.42300546448087,1.55214936247723,12.842131147541,7.63398070703691,11.243933184302,1.70403278688525,7.17025273224044,13.1896951394881,2.94731026108075,5.20428961748634,1.63969945355191,7.18838069216758,4.7679781420765,4.35603825136612,4.40701844262295,5.60428051001822,9.38932604735883,3.9617650273224,5.44474954462659,7.3267281420765,6.25719793564056,9.83601775956284,14.0607923497268,5.01696265938069,10.2707650273224,6.99193647540984,5.65492714025501,3.19731329690346,6.72426860025221,1.70609289617486,6.57834244080146,2.72306010928962,2.22760587431694,8.09454007285975,7.49514207650273,5.90934972677596,4.05875683060109,3.79270491803279,3.27035519125683,14.0192793715847,1.77822404371585,1.72258196721311,2.57900425015179,4.7345810564663,1.98617486338798,7.59725948004637,5.93677595628415,7.2652868852459,5.19905737704918,7.2868306010929,2.69767759562842,13.6064402810304,4.82157103825137,1.59779030054645,2.47654371584699,4.79010018214936,2.55684699453552,2.25327218319022,1.96199453551913,2.40904098360656,2.48428961748634,2.24043715846995,1.78553005464481,3.06396174863388,2.17312158469945
"1969",18.5779736174531,3.65402739726027,4.61806849315068,3.92736301369863,4.05178580323786,13.1516438356164,4.55378082191781,7.46588248017304,4.02527180966114,11.0604735812133,4.5765102739726,3.98436529680365,5.1586803652968,0.99672602739726,0.982356164383562,14.2943561643836,7.89117975957506,13.0678679950187,1.09204383561644,5.88487671232877,13.6163114635905,1.66475190258752,4.1508401826484,1.02924657534247,8.85476894977169,3.97779452054795,4.44882191780822,4.52848630136986,5.05974124809741,12.1008127853881,3.82410684931507,5.17093150684931,8.65585616438356,4.88129375951294,11.3579589041096,16.0876438356164,5.52609132420091,8.76922374429224,6.27855821917808,5.22511415525114,2.94731506849315,5.61680927291886,1.0913698630137,6.38016438356164,2.39003652968037,1.35803082191781,6.82652054794521,6.2407397260274,5.85737534246575,3.69015068493151,3.48024657534247,2.98882876712329,13.4896678082192,1.15041095890411,1.09915753424658,2.49114155251142,4.02860730593607,1.21717808219178,7.26354753009548,5.26017808219178,5.8021095890411,4.50347671232877,6.31891780821918,2.55053698630137,16.025072407045,4.68094063926941,1.02460273972603,2.29034246575342,4.19749771689498,2.23123287671233,1.91015264187867,1.77223896499239,1.97474931506849,2.36233789954338,2.01406849315069,1.99748493150685,2.64149315068493,1.9615
"1970",18.1155819381025,4.6776301369863,5.65335616438356,4.6222397260274,3.87566625155666,11.7438082191781,5.50621917808219,6.8847570295602,3.68490122566691,11.10614481409,5.34412671232877,3.65076712328767,6.32222602739726,1.41032191780822,1.39447488584475,14.008,7.1076002236511,11.7238343711083,1.55308493150685,6.94781735159817,14.2541860129776,2.10749467275495,4.946100456621,1.45291780821918,7.80371689497717,4.5777397260274,4.08197260273973,4.40623630136986,5.98695890410959,11.3287853881279,3.61430136986301,5.13277168949772,6.49315753424658,5.92067275494673,11.4073219178082,16.4264383561644,4.89465296803653,10.7777260273973,6.6076301369863,5.34607305936073,3.67023744292237,6.89410115911486,1.55098630136986,5.06148858447489,2.98233789954338,1.8397397260274,7.86478082191781,7.56092054794521,5.5241698630137,4.4972602739726,4.05745205479452,3.62114383561644,13.7272825342466,1.64328767123288,1.54345205479452,2.54576560121766,4.89434398782344,1.65295890410959,7.27622581984226,6.43882191780822,7.01576712328767,5.38543561643836,7.79493150684932,2.62760547945205,15.2999412915851,3.52026484018265,1.45491438356164,2.57823287671233,4.82753424657534,2.648,2.40699934768428,2.33513774733638,2.49870410958904,2.57996347031963,2.50338356164384,2.14092054794521,3.42993150684932,2.44605479452055
"1971",23.2769589041096,3.29238356164384,4.11808219178082,3.37440410958904,6.64767123287671,16.5774520547945,4.8881095890411,11.7932011535689,5.70981687094448,12.4353150684931,4.23839383561644,5.91090410958904,4.77774429223744,1.60193150684931,1.70827397260274,17.9091506849315,11.1577713167459,19.3833113325031,1.8825698630137,6.92516210045662,17.9285205479452,2.95801522070015,4.1135799086758,1.79317808219178,11.7447543378995,3.84643835616438,7.25958904109589,7.80456849315069,6.3018203957382,16.1647671232877,6.35674246575342,4.80381735159817,12.8493219178082,5.13810654490107,14.4306849315068,22.8735890410959,6.26966210045662,11.1349132420091,6.54333219178082,4.50783561643836,2.72990867579909,6.24737618545838,1.88265753424658,9.37018264840183,2.22568949771689,2.0756198630137,7.55554337899543,7.07780273972603,9.85603287671233,3.33171232876712,2.81580821917808,2.71895205479452,17.4980787671233,1.97569863013699,1.87867808219178,2.46205175038052,3.68705479452055,1.93623287671233,7.60311332503113,6.25886301369863,6.43832876712329,3.87847671232877,7.82424657534247,2.5706301369863,22.832614481409,6.30122374429224,1.76253424657534,2.03495890410959,3.79607610350076,2.40848767123288,2.2427619047619,1.93134931506849,2.35891780821918,1.9724703196347,2.0801095890411,2.51132054794521,2.50641095890411,1.94190410958904
"1972",16.3436207245497,4.68989071038251,5.66204918032787,4.35857240437158,4.22514903129657,9.80077868852459,5.56715846994536,10.0560813920046,5.14696146102962,11.1639734582358,5.26315232240437,3.61132969034608,5.81942850637523,1.24069672131148,1.23046448087432,12.6265300546448,6.54856027656964,11.1537928464978,1.37136475409836,7.04348816029144,13.6147785447225,1.87849423193685,4.68595628415301,1.28543715846995,6.81866120218579,4.38193989071038,4.31867486338798,4.13965505464481,5.41003339404979,11.0831238615665,4.35798360655738,5.42547358834244,6.17050546448087,6.11371888281724,10.4927459016393,15.8456284153005,5.89362932604736,9.9325591985428,6.82203551912568,5.69271402550091,3.13578324225865,6.21991803278689,1.36989071038251,8.78438069216758,2.48452641165756,1.72892076502732,8.01194444444444,7.11111475409836,5.31201092896175,3.60312841530055,3.7891393442623,3.04962431693989,12.0578722677596,1.44874316939891,1.37501366120219,2.8765270188221,4.27607771706132,1.53356557377049,7.41602086438152,5.68255464480874,7.26792349726776,5.09745901639344,7.01151639344262,2.91788524590164,14.2092076502732,6.34785063752277,1.28649590163934,2.77039617486339,5.09588342440801,2.79051912568306,2.23642987249545,2.06607316332726,2.35768715846995,2.70050546448087,2.46411202185792,2.18281967213115,3.22479508196721,2.3681693989071
"1973",23.5557909690512,3.24768493150685,4.44783561643836,3.2418904109589,6.91619925280199,18.4108767123288,5.33821917808219,11.8362876712329,6.46227253064167,13.1314168297456,4.51804109589041,6.19932420091324,4.18997716894977,1.53354794520548,1.51695890410959,17.9201917808219,12.6782482527257,19.1881419676214,1.69940410958904,7.0079200913242,17.480429704398,2.95160121765601,4.42017351598173,1.58434246575342,12.3402191780822,3.63465753424658,7.69960273972603,8.07653767123288,6.08863926940639,18.1903105022831,6.71228219178082,5.35211872146119,13.0728219178082,5.64480365296804,15.1518835616438,23.8789863013699,7.14717351598174,10.8503744292237,5.88445547945205,4.97087671232877,2.87315068493151,7.06279241306639,1.69668493150685,8.76632876712329,2.06114155251142,2.05465068493151,7.83180821917808,7.78857534246575,10.1045643835616,3.15387671232877,2.72154794520548,2.52493835616438,18.4858818493151,1.79813698630137,1.71568493150685,2.68501674277017,3.74860882800609,1.85747945205479,8.18605479452055,6.41772602739726,6.70153424657534,4.06868767123288,7.76119178082192,2.7441698630137,22.301217221135,6.70336073059361,1.59666095890411,2.18531506849315,3.98162557077626,2.50802739726027,2.0877586431833,1.79474581430746,2.23657397260274,2.13769863013699,2.06109589041096,2.97179178082192,2.66257534246575,2.05237671232877
"1974",18.8968665651953,4.81483561643836,6.56627397260274,4.50445890410959,3.84325778331258,11.6256301369863,6.59452054794521,6.48366474405191,3.89657966834895,13.4844853228963,6.15471917808219,3.60987214611872,6.18873059360731,1.57993150684932,1.65659360730594,14.7525753424658,6.36396980710092,12.1877160647572,1.81636301369863,8.32500456621005,15.7558860850757,2.42829223744292,5.45687671232877,1.74664383561644,7.81784657534247,4.5523698630137,4.0806301369863,4.20828767123288,6.29956164383562,11.2254703196347,3.65002191780822,6.01325570776256,7.68580821917808,7.11463318112633,12.169404109589,18.1011506849315,4.1276803652968,12.8373698630137,7.29229794520548,5.73353424657534,3.40035616438356,7.52773234984194,1.81805479452055,5.75156164383562,3.09277625570776,2.39492465753425,9.32795890410959,8.56589589041096,5.18619726027397,4.61646575342466,3.77860273972603,3.64864383561644,15.6907619863014,1.89764383561644,1.82178767123288,3.14725722983257,5.01845662100457,2.11423287671233,8.75835865504359,6.88205479452055,8.28608219178082,5.97912602739726,8.84802739726027,3.28664657534247,16.5604735812133,4.38562100456621,1.70089726027397,2.9367397260274,5.20735464231355,2.98898082191781,2.81534377038487,2.60279375951294,2.90688493150685,2.948100456621,2.94043835616438,2.00053698630137,3.76804109589041,2.79614383561644
"1975",22.8127113140538,3.98145205479452,5.57801369863014,3.23781506849315,6.61667496886675,15.8145068493151,5.74219178082192,13.6844996395097,7.62932227829849,13.3165127201566,5.32208561643836,6.3363105022831,4.47492694063927,1.80357534246575,1.72033789954338,17.8356438356164,11.4150556332122,17.9542054794521,1.94897397260274,7.73879680365297,17.809568853641,2.97979908675799,4.90866666666667,1.79023287671233,11.0409680365297,3.90916438356164,7.76753424657534,7.45772945205479,6.2953302891933,15.877899543379,6.11058630136986,5.57251598173516,11.2592054794521,6.12911111111111,13.5852808219178,22.1903835616438,7.55813242009132,12.0892511415525,6.53699315068493,5.03570776255708,2.45024657534247,6.99762697576396,1.94375342465753,12.1997168949772,1.82359817351598,2.63278082191781,8.70799086757991,7.89568219178082,9.19830684931507,3.39872602739726,3.18178082191781,2.54766438356164,16.8423955479452,2.07323287671233,1.9838904109589,2.50481278538813,4.43186301369863,2.29483561643836,8.45818181818182,6.4746301369863,7.43932876712329,5.0542904109589,8.27549315068493,2.62738630136986,21.7949236790607,8.96722374429224,1.83554452054795,2.11830136986301,4.43534855403349,2.31981369863014,2.22414090019569,1.87445662100457,2.36607945205479,2.04936529680365,2.20643835616438,2.79269589041096,2.70319178082192,2.1358698630137
"1976",14.9152378061121,4.23148907103825,5.96823770491803,3.6821106557377,4.65274714356682,11.6078415300546,4.75224043715847,7.87356701179177,4.04709519700892,10.5214949258392,5.28207308743169,4.38300546448087,4.71539162112933,1.4695150273224,1.48948998178506,11.680218579235,9.08970056875209,12.1960469448584,1.66846857923497,5.77659380692168,11.255569456428,2.19788706739526,4.59692167577413,1.5550956284153,8.31232422586521,3.64005464480874,5.71027322404372,5.60115778688525,4.65553126897389,10.0484426229508,4.60898633879781,4.72687158469945,8.45019808743169,5.30071341833637,8.87983606557377,14.4287431693989,4.98540072859745,8.54204007285974,6.29434084699454,4.59296903460838,2.55506375227687,5.70178226145439,1.66573770491803,5.92936247723133,2.26607468123862,1.93845628415301,6.96577868852459,6.23114207650273,6.96271038251366,3.72747267759563,3.56255464480874,2.85584016393443,11.7314839480874,1.76568306010929,1.68228825136612,1.94700971463267,4.63875227686703,1.77513661202186,6.83491223712535,5.11404371584699,6.02352459016393,5.5169781420765,6.13385245901639,2.01134426229508,13.7331654957065,4.25067850637523,1.56723360655738,2.22233606557377,4.46818457802064,2.06145901639344,1.80731720010409,1.67186627200971,1.86464344262295,2.25056010928962,1.9653825136612,2.02181420765027,2.5972131147541,1.9053825136612
"1977",16.1479147640791,4.93435616438356,6.56805479452055,4.56724657534247,3.92726774595268,10.013698630137,6.04175342465753,7.97915140591204,4.30462436914203,11.0470645792564,5.94522260273973,3.9574703196347,6.22968721461187,1.67407534246575,1.60658447488584,12.5956438356164,6.0743712608331,10.1166301369863,1.81546849315069,7.72606849315068,13.2290237923576,2.43790867579909,5.40251141552511,1.67204109589041,6.72459543378995,5.09872602739726,4.37005479452055,4.27475,6.07222526636225,10.034401826484,4.19400273972603,5.57615068493151,6.05345205479452,6.46376255707763,10.1876095890411,14.181698630137,5.3385799086758,11.1127305936073,7.23007876712329,5.68984474885845,3.67816438356164,7.56366491043203,1.81115068493151,6.29603652968037,3.14425570776256,2.13642808219178,8.87849315068493,8.39820273972603,4.7328602739726,4.55394520547945,4.12627397260274,3.46726712328767,12.2375770547945,1.9298904109589,1.84218493150685,2.98771385083714,5.43885844748858,1.94968493150685,7.63343212951432,6.83708219178082,7.8623698630137,6.04634246575342,8.10990410958904,3.10448767123288,14.0972602739726,4.595899543379,1.70855136986301,2.76221917808219,5.56523287671233,2.76002191780822,2.26874624918461,2.13830365296804,2.41482191780822,2.75765753424658,2.51913698630137,2.04654246575342,3.36441095890411,2.39059589041096
"1978",17.9951364789447,4.01804109589041,5.40671232876712,3.97133561643836,5.10032129514321,14.4163835616438,4.84227397260274,8.33926099495314,4.79463157894737,11.3310136986301,4.8181301369863,4.47651141552511,5.83020091324201,1.48708219178082,1.47004566210046,13.6480273972603,9.59659547106514,13.9278181818182,1.64844520547945,6.38594748858447,13.7385782263879,2.93061796042618,4.24924200913242,1.52545205479452,10.0327762557078,4.41135616438356,5.4971095890411,5.79984589041096,5.46267275494673,12.2620639269406,4.63784383561644,5.12059360730594,10.5597054794521,5.16087062404871,10.2999452054795,16.5519726027397,4.98034246575342,9.45059360730594,6.88254109589041,5.21461187214612,2.9316803652968,6.18192623814542,1.6447397260274,6.73925114155251,2.66839269406393,2.14665410958904,7.45403196347032,6.80838356164384,7.5075397260274,3.96615068493151,3.29139726027397,3.07104794520548,14.0941386986301,1.752,1.63743150684932,2.12598173515982,4.36682191780822,1.85882191780822,7.35123370693234,5.82135616438356,6.46767123287671,5.04367123287671,6.91380821917808,2.21503561643836,16.7285557729941,5.0582602739726,1.54518150684932,2.24520547945205,4.42058751902587,2.11461917808219,1.94247097195042,1.83470852359209,1.97656712328767,2.23619634703196,2.04816438356164,2.06511780821918,2.79531506849315,2.02255479452055
"1979",20.7982962962963,4.86486301369863,6.36315068493151,4.37549315068493,4.82582316313823,11.9353561643836,6.78002739726027,7.69858687815429,3.59574044700793,13.4521135029354,6.08454452054795,4.36478538812785,6.40204337899543,1.30247945205479,1.30803652968037,16.2568219178082,7.33489572267263,14.1495280199253,1.45866849315069,8.50933105022831,16.5709012256669,2.40352207001522,5.66294063926941,1.38108219178082,8.72659726027397,4.86284931506849,5.14276712328767,5.43978424657534,6.89199086757991,11.8795342465753,4.62055890410959,6.20400913242009,8.16922602739726,7.13662404870624,12.4626712328767,18.9428219178082,5.19935616438356,12.5083926940639,7.92495205479452,5.95889497716895,3.43081278538813,8.3853698630137,1.45816438356164,5.92143378995434,3.2438904109589,1.95811643835616,9.60947488584475,9.37881643835616,6.21843287671233,4.16586301369863,4.13357534246575,3.87782191780822,15.9857756849315,1.52964383561644,1.50817123287671,2.97105327245053,5.21651141552511,1.75356164383562,8.88547281029473,7.36115068493151,8.46894520547945,5.74815616438356,8.95065753424658,3.08433424657534,18.1311545988258,4.51046118721461,1.37457191780822,2.96512328767123,5.60669101978691,3.01585753424658,2.54783039791259,2.62019101978691,2.48098219178082,2.89091780821918,2.64756164383562,1.96795068493151,3.40730136986301,2.56788356164384
"1980",18.4406982392228,3.77806010928962,4.70822404371585,3.36911885245902,4.29530799801292,12.1932650273224,5.13415300546448,6.04988783433995,3.96501725625539,11.1527322404372,4.58363387978142,3.93068306010929,5.04329918032787,1.12209016393443,1.06851548269581,14.4392076502732,8.33128694100591,13.8150322901143,1.21239071038251,6.51448770491803,14.3133491515674,2.35608075288403,4.5028233151184,1.10968579234973,8.41480510018215,4.12632513661202,4.91191256830601,4.88384221311475,5.64251366120219,10.525364298725,3.67267213114754,5.02228142076503,8.28793032786885,5.45391924711597,11.8863524590164,17.5483879781421,4.82715846994536,10.254927140255,6.63803278688525,4.73192167577414,2.96964480874317,6.65055275325767,1.20893442622951,4.76232240437158,2.33849726775956,1.46705601092896,7.31854735883424,7.28185245901639,6.3334262295082,3.29811475409836,3.11153005464481,2.92221994535519,14.4061765710383,1.29210382513661,1.22911202185792,2.64623557984214,4.11429720704311,1.32103825136612,7.34408428547773,6.04077868852459,6.27168032786885,4.27108469945355,7.34829234972678,2.74809289617486,17.194106167057,3.6627868852459,1.14135587431694,2.62651639344262,4.14666363084396,2.93848087431694,2.64132578714546,2.59306162720097,2.66268169398907,2.58366120218579,2.37627049180328,2.34179234972678,2.9855737704918,2.41563524590164
"1981",20.587403348554,4.05534246575342,5.55360273972603,4.06447945205479,4.02671232876712,12.7139452054795,6.01734246575342,7.91228839221341,4.49777937995674,13.4490058708415,5.62348630136986,3.75196347031963,5.37132191780822,1.88919863013699,2.04164383561644,15.633095890411,8.00851439753984,14.5122079701121,2.23901917808219,7.77845662100457,16.1494996395097,3.1688797564688,5.32541552511416,2.16139726027397,9.01528401826484,4.49286301369863,5.19615068493151,4.99322945205479,6.92985083713851,12.3974429223744,4.3534904109589,5.95702739726027,8.46367123287671,6.49653576864536,12.7431712328767,18.3032602739726,6.00313242009132,12.3171324200913,7.42193150684932,5.66294063926941,2.77501369863014,7.55327713382508,2.24191780821918,6.82311415525114,2.33469406392694,2.72978767123288,8.74301369863014,8.34654246575342,6.06968767123288,3.69090410958904,3.3508904109589,2.53643150684932,16.0315804794521,2.33249315068493,2.27252054794521,2.83310502283105,4.72898630136986,2.50784931506849,8.73213117476131,7.25779452054794,7.49728767123288,5.15187123287671,8.77824657534247,2.93158356164384,18.0812133072407,5.03184931506849,2.10024657534247,2.71586301369863,4.62469710806697,2.66746849315069,2.33595955642531,2.41423820395738,2.31825342465753,2.68571689497717,2.43664383561644,2.36501369863014,2.67642465753425,2.3601301369863
"1982",21.9768158295282,4.95304109589041,6.46979452054795,4.31122602739726,5.06650809464508,12.8241506849315,6.69178082191781,10.549655371305,5.42447152126893,14.5329432485323,6.2578698630137,5.07571689497717,6.18774200913242,1.89869863013699,1.79132420091324,17.1887397260274,6.60405926754263,14.6233437110834,2.03597671232877,9.25564155251142,17.8601485219899,2.96433181126332,5.89824657534247,1.8682602739726,8.47271415525114,5.24161643835616,5.94523287671233,5.27075684931507,6.85564383561644,13.8899269406393,5.22225479452055,6.9152100456621,8.02112328767123,7.33135464231355,13.5638904109589,20.1952876712329,7.20664383561644,13.335799086758,8.2097397260274,6.81762557077626,3.65929680365297,7.88887460484721,2.0306301369863,8.77382648401827,3.05343378995434,2.57731506849315,10.3900639269406,9.09625205479452,6.70674520547945,4.67172602739726,4.20884931506849,3.53678767123288,16.4274332191781,2.16405479452055,2.0965,3.18951902587519,5.11472450532724,2.32004109589041,9.66521461187215,7.20842465753425,9.05394520547945,5.77742465753425,9.19479452054795,3.26437808219178,19.2575929549902,6.65125114155251,1.92144520547945,3.0978904109589,5.9801095890411,2.58315616438356,2.47213568166993,2.35434855403349,2.43703698630137,3.09825570776256,2.5963698630137,1.77732602739726,3.46217808219178,2.57706849315068
"1983",28.4561846778285,4.14521917808219,5.40138356164384,4.45797260273973,7.21110087173101,18.6543287671233,6.45230136986301,11.830570295602,6.03303821196828,17.0029119373777,5.62143493150685,6.48142465753425,6.19023744292237,1.61379452054795,1.59175342465753,21.7073150684932,12.9120693318423,20.4632328767123,1.7858397260274,8.93910730593607,21.5379437635184,3.77114764079148,5.62726940639269,1.66760273972603,13.0465168949772,5.10550684931507,8.46124657534247,8.02402739726027,7.63757382039574,17.5733881278539,6.83116438356164,6.85794063926941,13.2895821917808,6.83528767123288,16.7218082191781,24.4742465753425,8.36460730593607,14.1172328767123,8.31058219178082,6.54710502283105,2.94865753424658,8.47668071654373,1.78339726027397,9.03511415525114,2.61776255707763,2.35670547945205,9.99532420091324,9.44928767123288,9.9754794520548,3.62987671232877,3.42334246575342,2.89877397260274,22.2545479452055,1.88586301369863,1.82441780821918,2.59747945205479,4.86970167427702,2.09021917808219,10.5394396014944,7.70705479452055,8.41452054794521,4.93255890410959,9.65693150684931,2.70476712328767,24.8141956947162,6.46081278538813,1.68100342465753,2.31731506849315,5.07318112633181,2.16044931506849,2.18197260273973,2.14384170471842,2.1023,2.34672602739726,2.17708219178082,2.81155068493151,2.72868493150685,2.10906164383562
"1984",16.6837259664036,4.99546448087432,6.25846994535519,5.29280054644809,4.59052657724789,9.87295081967213,5.65849726775956,7.00255033074489,3.59591170549324,11.8799414519906,5.6861031420765,4.38808743169399,7.12800546448087,1.40181693989071,1.28213114754098,13.0527049180328,6.40018456562953,11.9240375062096,1.46641393442623,6.75573315118397,12.6779623238424,2.44856709168185,5.24377049180328,1.33228142076503,7.08335154826958,5.04125683060109,5.14409836065574,4.68669740437158,5.23594414086217,9.69693989071038,4.03057103825137,5.82158014571949,6.82620218579235,6.20859137826351,9.78879781420765,15.1133606557377,5.51021857923497,10.3538797814208,7.72352117486339,6.13422586520947,3.9727868852459,6.67333963850357,1.46139344262295,5.79911657559199,3.46081056466302,1.78855532786885,7.9507650273224,7.43833879781421,5.29907103825137,4.68662568306011,4.1445218579235,3.94892759562842,13.3049504781421,1.56546448087432,1.50821038251366,2.87292046144505,4.98797055251973,1.62318306010929,7.95856184798808,5.73860655737705,7.05087431693989,5.54563387978142,7.09169398907104,2.9731693989071,14.3831069476971,4.32398451730419,1.38465163934426,2.88572404371585,5.58632969034608,3.13779234972678,2.74973848555816,2.58625910746812,2.77700819672131,2.90729508196721,2.50180327868852,2.4344043715847,3.4722131147541,2.42113387978142
"1985",17.8076255707763,4.44749315068493,5.55079452054794,4.03597260273973,5.32651058530511,14.1924931506849,5.49512328767123,9.37439942321557,5.34207498197549,10.8517338551859,5.28221232876712,4.86400913242009,5.48726712328767,1.56543835616438,1.66674885844749,13.9978630136986,9.25224154319262,12.7412665006227,1.83023698630137,6.88329223744292,13.6843388608508,2.9058599695586,5.11757077625571,1.77075342465753,9.3432200913242,4.75023287671233,6.06721917808219,6.40306506849315,5.52982343987823,12.5157077625571,4.86693424657534,5.33630593607306,10.1981780821918,6.0885296803653,10.5112191780822,16.1801095890411,6.41156621004566,10.4764109589041,7.09233561643836,5.43322374429224,3.70179908675799,6.45990516332982,1.83331506849315,7.29939726027397,2.96933333333333,2.19115410958904,7.84414611872146,7.26751780821918,7.93378630136986,4.23175342465753,3.94678082191781,3.4597602739726,13.3111301369863,1.90241095890411,1.88002739726027,3.08669710806697,4.61632267884323,2.05101369863014,7.35318638439186,5.88431506849315,6.92980821917808,4.92194794520548,7.27234246575342,3.16427945205479,16.1847671232877,5.52031050228311,1.72009246575342,3.1412602739726,4.82106544901065,3.57277808219178,2.97393346379648,2.94903500761035,3.05234931506849,3.07234703196347,2.99608219178082,2.65443287671233,3.45283561643836,2.93064383561644
"1986",23.1031151699645,4.67428767123288,6.58409589041096,4.3886301369863,4.55350933997509,13.2438082191781,7.26134246575342,7.55937563085797,4.14646142754146,13.753553816047,6.36074657534247,3.82500456621005,6.23417579908676,1.48782876712329,1.61013698630137,17.8847123287671,8.42400223651104,15.0499202988792,1.75802191780822,8.66351369863014,18.3953813987022,2.95018569254186,6.01550684931507,1.69580821917808,9.39581917808219,5.26309589041096,4.82276712328767,4.47321917808219,7.44782648401826,14.7961643835616,3.97733150684931,6.19464383561644,8.42797260273973,7.76823439878234,14.9400068493151,21.6429315068493,5.0967397260274,13.863598173516,8.10532191780822,6.03276712328767,3.35888584474886,8.80283245521602,1.75967123287671,5.5950502283105,2.69062100456621,1.87953767123288,9.81835159817352,9.74010410958904,6.07719452054794,4.56520547945205,4.02691780821918,3.46515753424658,17.4845445205479,1.83578082191781,1.74456849315068,3.00335768645358,5.40656925418569,1.77435616438356,8.95563055209631,8.0016301369863,8.88660273972603,5.9513095890411,9.70349315068493,3.11102465753425,21.0797064579256,4.34104566210046,1.64281506849315,2.79060273972603,5.49396347031963,2.86024657534247,2.49268623613829,2.37540639269406,2.45994794520548,2.81014155251142,2.43178082191781,2.27612602739726,3.43682191780822,2.34513698630137
"1987",14.5995159817352,5.32090410958904,6.3738904109589,4.87805479452055,5.4427397260274,12.1029452054795,5.16978082191781,8.34762220620043,4.18217303532805,9.78622700587084,5.41146575342466,4.54608219178082,6.02204794520548,1.43514383561644,1.51905936073059,11.179698630137,9.00177578976796,11.9235330012453,1.66735068493151,6.12197716894977,11.5848132660418,3.06999086757991,4.9772602739726,1.59767123287671,8.14773333333333,4.60861643835616,5.79808219178082,5.90029794520548,5.30867579908676,10.7151050228311,4.51871232876712,4.90599086757991,8.75888356164384,5.83747945205479,8.98147945205479,14.4740273972603,5.56365753424658,9.53607305936073,6.12993150684932,5.29208219178082,4.14182648401826,6.07943308746048,1.66827397260274,5.80924200913242,3.26615525114155,2.01274315068493,7.15218721461187,6.56912876712329,7.16129863013699,4.79261643835616,4.60816438356164,4.10087671232877,10.3879965753425,1.74523287671233,1.66456164383562,3.19721156773212,4.95124505327245,1.82209589041096,6.62174927355749,5.57671232876712,6.52635616438356,5.58042465753425,6.73572602739726,3.28716164383562,13.8164344422701,4.09720091324201,1.56044178082192,3.26976712328767,5.23529375951294,3.47187945205479,3.11979908675799,3.007399543379,3.20657945205479,3.29806849315068,2.98672602739726,3.20207671232877,3.93023287671233,2.95945205479452
"1988",19.4164774337179,5.83139344262295,8.06147540983607,6.04878415300546,5.04378787878788,13.559262295082,7.47663934426229,9.28906097210239,5.34864969801553,13.8423770491803,7.21321038251366,4.9208378870674,8.64322859744991,1.63498633879781,1.60363387978142,14.9307923497268,10.5861441953831,13.6428527074019,1.79161202185792,9.04578779599271,16.054176013805,3.66969945355191,6.62898907103825,1.67017759562842,9.23209471766849,6.55995901639344,6.23118852459016,6.21574112021858,6.82174256223437,12.9772222222222,4.83867486338798,6.98563296903461,8.98802595628415,8.16407710989678,12.281912568306,17.7227049180328,6.12470400728597,13.5933697632058,9.50372267759563,7.45823315118397,4.41032786885246,9.00200294241278,1.78868852459016,7.38630236794171,3.84811475409836,2.00728483606557,10.1795947176685,9.85120765027322,7.67374863387978,5.64023224043716,5.21635245901639,4.71562158469945,13.9818049863388,1.89806010928962,1.78705601092896,3.55776867030965,6.38140710382514,1.8432650273224,9.3972983937738,7.71494535519126,9.29348360655738,7.18922404371585,9.41147540983606,3.67351912568306,17.1897462919594,5.68408469945355,1.67983265027322,3.85260928961749,6.35460837887067,3.48464480874317,2.91306531355712,2.82829690346084,3.06155464480874,3.92739981785064,3.0519262295082,2.87698360655738,4.3602868852459,3.04575819672131
"1989",26.1984921359716,3.59615068493151,5.30179452054795,3.34192465753425,6.7467596513076,17.7490136986301,6.8353698630137,14.0789805335256,5.97694304253785,15.5440861056751,5.70354452054795,6.0791598173516,4.98444520547945,1.86965753424658,1.86406392694064,20.4690410958904,9.99420687727146,19.6746537982565,2.07254520547945,9.50613698630137,19.5620447007931,3.76561948249619,5.55800913242009,1.94124657534247,12.3395178082192,4.4922602739726,7.42046575342466,6.78093835616438,6.68992085235921,17.6895707762557,6.57807671232877,6.58772602739726,10.273595890411,7.36622222222222,15.1618904109589,24.4813424657534,7.43544748858448,13.768502283105,7.30747945205479,5.83570776255708,2.94731506849315,7.80030136986301,2.06983561643836,10.9753698630137,2.27002739726027,2.57984589041096,10.5481689497717,9.22405479452055,8.90549589041096,3.56083561643836,2.84397260273973,2.85332876712329,21.3337414383562,2.19268493150685,2.05045205479452,2.6108401826484,4.60397716894977,2.26978082191781,9.90179908675799,7.39882191780822,9.14504109589041,4.85308767123288,9.48687671232877,2.72843835616438,24.9554011741683,8.07843378995434,1.93983219178082,2.44119178082192,4.66123896499239,3.02257534246575,2.37344031311155,2.30643531202435,2.47098493150685,2.41048401826484,2.29275342465753,2.6778904109589,2.93190410958904,2.26023287671233
"1990",27.8868432267884,5.44430136986301,7.80087671232877,4.89234246575342,6.02942216687422,18.7533561643836,9.20783561643836,10.6840980533526,5.48302090843547,19.9333581213307,8.15332534246575,5.31581735159817,6.53988356164384,1.26717123287671,1.27291324200913,22.1869589041096,8.78639138943248,21.4254819427148,1.41865479452055,12.2251392694064,20.260085075703,2.96699543378995,7.88693150684932,1.33494520547945,13.2125735159817,5.90142465753425,6.24675342465753,6.05519178082192,7.28290106544901,19.0178630136986,5.83693424657534,8.54211872146119,10.748102739726,10.1661217656012,16.511397260274,26.8317808219178,7.0367899543379,16.4240182648402,9.56269863013699,7.87176255707763,3.234100456621,10.2521201264489,1.4173698630137,8.4050502283105,2.79496803652968,2.02408904109589,13.7485844748858,11.9689808219178,8.72532602739726,4.24134246575342,4.02128767123288,3.63729452054794,23.7081369863014,1.49449315068493,1.43850684931507,3.01756164383562,6.56518264840183,1.74276712328767,12.7382847654628,8.90984931506849,12.0642602739726,7.0819095890411,11.2475342465753,3.08504657534247,26.0852015655577,6.48756164383562,1.33301369863014,2.92964383561644,6.92554946727549,2.85024109589041,2.57547423352903,2.37916818873668,2.71150547945205,2.94372146118721,2.52683561643836,2.57210410958904,3.58182191780822,2.45461643835616
"1991",20.5521907661086,3.87624657534247,5.2953698630137,3.29351369863014,5.22393275217933,13.8811643835616,6.28238356164384,9.48956092285508,5.56594520547945,11.9580039138943,5.75483561643836,4.70620091324201,4.59809589041096,1.61007534246575,1.57361643835616,15.8984109589041,8.670745317305,14.5918318804483,1.76950684931507,8.01824657534247,16.7404700793079,2.42466666666667,5.85656621004566,1.65446575342466,9.39510502283105,3.9551095890411,5.64019178082192,5.57724315068493,6.17233789954338,14.5938173515982,5.16487945205479,5.06117351598173,8.75440410958904,7.13025875190259,12.5690068493151,19.392602739726,6.656100456621,12.7379908675799,6.14119520547945,4.58055707762557,2.72743378995434,7.37848050579557,1.76747945205479,8.32757077625571,2.20541552511416,2.28604452054795,8.62738356164384,8.40193424657534,7.12155068493151,3.72557534246575,3.41797260273973,2.5026095890411,15.7899863013699,1.86531506849315,1.83219178082192,2.73425875190259,4.71471232876712,2.06805479452055,7.63863345786633,6.87132876712329,7.75305479452055,4.81993698630137,8.75650684931507,2.78916712328767,18.7979686888454,7.25630136986301,1.66947945205479,2.35621917808219,4.28611263318113,2.51860273972603,2.32213829093281,2.2253500761035,2.47508767123288,2.269100456621,2.33294520547945,2.33014246575342,3.05542465753425,2.32991780821918
"1992",26.1798067192876,4.03639344262295,5.64819672131147,3.67053961748634,5.8771783407849,15.9764617486339,7.61677595628415,11.1768600805292,6.21289329882082,16.3547853239657,6.32985655737705,5.19727686703097,5.33585154826958,2.03081967213115,1.99385245901639,20.3304371584699,9.13392606222817,17.2642039244908,2.2455956284153,9.69030054644809,21.320880069025,3.3144262295082,6.36866120218579,2.10110655737705,10.5276393442623,5.1831693989071,6.57021857923497,6.47636270491803,8.00478142076503,17.8259471766849,5.29651639344262,6.81066484517304,9.85891393442623,8.227671523983,16.138968579235,23.9501092896175,6.91154371584699,15.777204007286,8.3142793715847,6.20479963570128,2.9874408014572,9.39091004623791,2.24336065573771,9.95527322404372,2.49876138433515,2.96299863387978,10.6119763205829,10.4798797814208,7.95514754098361,3.58396174863388,3.41599726775956,3.11728142076503,20.3139071038251,2.3644262295082,2.34625683060109,2.88340315725562,5.09837431693989,2.68258196721311,10.330159794668,8.52098360655738,9.3249043715847,5.21092349726776,10.7702595628415,2.93831693989071,22.6114519906323,8.02535974499089,2.12196721311475,2.55105191256831,4.94881299332119,2.88073224043716,2.3098035389019,2.10294702489375,2.49925819672131,2.4764116575592,2.45965846994536,2.59187978142077,3.16266393442623,2.33997950819672
"1993",17.7253394216134,3.80350684931507,5.06493150684932,3.61992465753425,5.17425902864259,12.0205890410959,5.51205479452055,8.71201441961067,5.44606777217015,13.3437025440313,5.05446575342466,4.90484931506849,4.97953424657534,1.43908904109589,1.52647488584475,14.1567945205479,8.99320995247414,13.2991257783313,1.67182465753425,6.86347260273973,12.7787454938717,2.66432876712329,4.82169863013699,1.60994520547945,8.39176621004566,4.70316438356164,5.68565753424657,5.1558698630137,4.72076712328767,11.8692146118721,4.87357808219178,5.92040182648402,9.18289726027397,6.21710197869102,9.49311643835616,15.7967397260274,5.81995890410959,9.60726940639269,7.56829794520548,5.6489497716895,3.26724200913242,6.28414963119073,1.67301369863014,7.14625570776256,2.67880365296804,2.11518493150685,8.06728767123288,7.0807397260274,7.38950136986301,3.9062602739726,3.48712328767123,2.8991301369863,15.390125,1.74572602739726,1.67385616438356,2.6200304414003,4.24196803652968,1.89219178082192,8.64563055209631,5.38454794520548,6.96615068493151,4.67715890410959,6.64619178082192,2.67300821917808,15.2200156555773,6.25361187214612,1.5648904109589,2.63397260273973,4.33958295281583,3.03095342465753,2.61959686888454,2.32121537290715,2.83711369863014,2.62922374429224,2.32905479452055,2.66367671232877,3.06372602739726,2.29027397260274
"1994",22.017970573313,4.85987671232877,6.29520547945206,4.33153424657534,5.36258530510585,13.8191095890411,7.10402739726027,8.61634318673396,6.00191348233598,14.8729784735812,6.33089726027397,4.87184474885845,6.1855799086758,1.414,1.40812785388128,17.5580547945205,8.33291808778306,16.5221531755915,1.56748493150685,8.2065,16.7404960346071,2.65590563165906,6.30911415525114,1.47145205479452,9.76379543378996,5.59205479452055,5.78276712328767,5.78051369863014,5.87675190258752,14.6370502283105,4.40905479452055,6.69188127853881,9.26352739726027,7.98030136986301,11.3112876712329,20.2910410958904,6.01351598173516,12.6608219178082,8.619,6.38007305936073,3.30815525114155,8.02111275026344,1.56597260273973,7.12214611872146,2.90202739726027,2.00378082191781,9.36463470319635,8.90114520547945,7.3357698630137,4.5686301369863,4.30005479452055,3.1236095890411,18.3881010273973,1.65495890410959,1.56918493150685,2.78461187214612,5.50262252663622,1.76779452054795,9.70580655873807,7.03498630136986,8.37480821917808,5.67510136986301,8.79132876712329,2.88627945205479,20.4700313111546,6.16109589041096,1.46988698630137,2.66334246575342,5.25540943683409,2.61055342465753,2.22781996086106,2.1232397260274,2.3229397260274,2.74142465753425,2.30471232876712,2.19324383561644,3.08372602739726,2.27471232876712
"1995",20.5503003551497,4.3441095890411,5.48404109589041,4.31569178082192,6.11871731008717,15.0758904109589,6.14772602739726,11.7601326604182,6.51414996395097,12.9156242661448,5.38610616438356,6.57030136986301,5.82729223744292,1.73383561643836,1.70128767123288,15.841698630137,10.0540313111546,14.8516724782067,1.91160273972603,7.17350684931507,16.1380028839221,3.54463926940639,5.27824657534247,1.78678082191781,10.4579397260274,4.8212602739726,7.19343835616438,6.56797602739726,6.00174733637747,15.0526301369863,5.68948219178082,5.74437442922374,10.9328356164384,6.79426788432268,9.71143835616438,19.8263561643836,7.43154794520548,12.5360913242009,7.43381506849315,5.39903196347032,3.23305936073059,7.13599789251844,1.90939726027397,9.57507762557078,2.62837442922374,2.30084589041096,8.19323287671233,7.97099178082192,8.36205479452055,4.31261643835616,3.86109589041096,3.07014383561644,15.4761832191781,2.01605479452055,1.97019178082192,2.57276712328767,4.48150076103501,2.12645205479452,8.42353839767538,6.96193150684932,7.2338904109589,4.79072328767123,8.78131506849315,2.65653698630137,18.8755733855186,8.30454794520548,1.8021301369863,2.55853424657534,4.8511202435312,2.37415342465753,2.21621656881931,2.18961643835616,2.31622602739726,2.53455251141553,2.29652054794521,2.26465753424658,2.89331506849315,2.20436301369863
"1996",13.9735620319773,3.71454918032787,4.88658469945355,3.42614754098361,3.56941629408843,8.41698087431694,5.13139344262295,7.95127336784584,5.09689243600805,9.10836846213895,4.93259904371585,4.11670309653916,4.95475409836066,1.65193306010929,1.62894353369763,10.8703825136612,6.29035351845656,8.3031693989071,1.82278142076503,5.35437386156648,11.1231952832902,2.78899210686096,4.793014571949,1.7028825136612,5.7444116575592,4.22215846994535,4.26001366120219,4.19091871584699,4.74176077717061,9.46878870673953,3.43030601092896,4.22832877959927,6.63793715846995,5.81927747419551,6.54262978142077,12.5895901639344,5.53689890710382,9.40043715846994,6.4047575136612,4.35026411657559,3.05663023679417,6.18663514081547,1.8203825136612,7.0990072859745,2.60989071038251,1.92780396174863,6.22716302367942,6.56677595628415,5.02090710382514,3.68467213114754,3.26469945355191,2.99189207650273,11.4561031420765,1.92658469945355,1.84243169398907,2.18162112932605,4.22398907103825,1.83516393442623,5.97044461003477,5.52193989071038,5.81213114754098,4.41358469945355,6.71774590163934,2.29031147540984,12.5089071038251,6.48802823315118,1.71272199453552,2.26904371584699,3.94277170613236,2.4925956284153,2.66133619568046,2.4500462962963,2.75635519125683,2.27959016393443,2.3149043715847,2.16404918032787,2.75370218579235,2.20025273224044
"1997",20.7482171486555,3.7568904109589,5.02665753424658,3.9386301369863,6.12442839352428,14.087698630137,6.28545205479452,11.1604397981255,5.8529935111752,12.452168297456,5.49880821917808,5.99102283105023,5.41354794520548,1.32250684931507,1.44513242009132,16.1352876712329,11.8007492311993,15.8922876712329,1.57441232876712,7.2068698630137,15.5854981975487,3.1381796042618,5.438,1.52452054794521,10.2227890410959,4.8337397260274,7.19068493150685,7.00294520547945,6.20404566210046,14.5306940639269,5.6536301369863,5.70543378995434,10.768,6.97700152207002,8.2987397260274,19.2469315068493,5.55919634703196,12.0215251141553,7.7005,5.61932420091324,3.08977168949772,7.24626132771338,1.57671232876712,7.50744292237443,2.49995433789954,1.79393835616438,8.00554794520548,7.94831780821918,8.9678301369863,3.47482191780822,3.24127397260274,2.95021232876712,15.7742311643836,1.64101369863014,1.56497945205479,2.20885235920852,4.48894368340944,1.65913698630137,8.15320797011208,6.92131506849315,7.23968493150685,4.62484657534247,8.56330136986301,2.30326575342466,19.2783679060665,5.98035616438356,1.47128082191781,2.29080821917808,4.47194824961948,2.70672328767123,2.36110241356817,2.0505799086758,2.51813561643836,2.36097260273973,1.98776712328767,2.9558301369863,2.71057534246575,1.86689726027397
"1998",21.8966808726535,4.85967123287671,6.39235616438356,4.65225342465753,5.85366625155666,13.6130136986301,7.00315068493151,9.61724008651766,4.90999279019467,13.1790645792564,6.62962328767123,5.85456621004566,6.54647488584475,1.55647260273973,1.67558904109589,17.2530410958904,8.42448196812972,15.6329078455791,1.83188767123288,7.67359360730594,17.0473886085076,2.84797564687976,6.571899543379,1.77215068493151,9.78706849315068,5.31017808219178,6.26246575342466,5.8166404109589,6.85551293759513,15.3604383561644,5.71992054794521,5.83544292237443,9.96492465753425,8.02526940639269,9.92792465753425,19.3875616438356,5.89774885844749,13.714,8.34963356164384,5.83068493150685,3.64203652968037,8.11849104320337,1.83449315068493,7.55483105022831,2.986,2.00027397260274,8.78477168949772,8.8014904109589,7.91425205479452,4.30591780821918,4.20172602739726,3.65082876712329,17.1293373287671,1.90794520547945,1.84475342465753,3.01599695585997,5.65489649923896,1.90302739726027,8.45953092569531,8.0051095890411,8.13697260273973,5.81617534246575,9.84731506849315,3.15120547945205,19.0370332681018,5.66362557077626,1.71569520547945,2.77420547945205,5.23315677321157,2.70769315068493,2.66160730593607,2.54922831050228,2.81235342465753,2.7804703196347,2.72795890410959,2.83299726027397,3.36758904109589,2.62306164383562
"1999",23.7099015728057,5.68141095890411,7.50458904109589,4.72861643835616,4.90514570361146,14.5058082191781,7.76282191780822,8.08628767123288,5.72530353280461,14.7999373776908,7.22860616438356,5.06486757990868,6.26083789954338,1.8731095890411,1.87798173515982,18.7655890410959,8.46804864411518,16.3345280199253,2.08899452054795,9.49742922374429,18.7051838500361,2.53747336377473,6.9557899543379,1.97404109589041,9.77052785388128,5.86661643835616,5.89952054794521,5.74490410958904,6.74253272450533,16.8552511415525,4.27518356164384,6.85103652968037,9.47240410958904,8.74238356164384,10.379602739726,22.7101643835616,5.84422374429224,14.0546757990868,8.9251404109589,6.66871232876712,3.81040182648402,8.72450158061117,2.08824657534247,6.97406392694064,3.00243835616438,2.31275684931507,10.4681506849315,9.92818082191781,6.94065205479452,4.78402739726027,4.87491780821918,3.81443835616438,17.9391267123288,2.19583561643836,2.1253698630137,3.99668493150685,6.03762252663623,2.18819178082192,9.79299460356995,7.70660273972603,9.45469863013699,6.60738630136986,9.67546575342466,4.05729863013699,20.6048571428571,5.4529497716895,1.96340068493151,3.93260273972603,6.31072146118721,3.13236164383562,2.86767123287671,2.85940334855403,2.95089726027397,3.91271232876712,3.4347397260274,2.53854246575342,3.77030136986301,3.34547945205479
"2000",21.4633019631653,6.9528825136612,8.95348360655738,6.74322404371585,5.32917536015897,12.9524726775956,9.29595628415301,9.07460454414725,6.51868996261145,16.4980523028884,9.23122267759563,4.62502732240437,9.24801912568306,1.84987021857924,1.7954189435337,17.1133606557377,8.95593844095015,15.2005141579732,2.02595081967213,11.3555100182149,17.7767227494967,2.55267759562842,8.85943533697632,1.8779781420765,8.80926593806922,6.68642076502732,5.32632513661202,4.7180806010929,7.81913782635094,13.6417850637523,4.7233306010929,8.3754189435337,9.00109972677596,10.8408348512447,9.07577868852459,20.474781420765,5.29246812386157,16.2956557377049,8.80894808743169,8.56018214936248,4.92415300546448,9.65838797814208,2.02218579234973,6.50281420765027,4.31874316939891,2.11455942622951,12.8557058287796,11.1852896174863,6.34394535519126,6.04851092896175,5.72127049180328,5.42915300546448,16.9144023224044,2.14535519125683,2.0781762295082,4.22303278688525,7.48285822707954,2.04681693989071,11.3223563503891,8.79416666666667,11.7173770491803,8.09873224043716,11.1493579234973,4.36773224043716,19.0945238095238,5.17885701275046,1.90934767759563,4.25872950819672,8.03413782635094,3.85848087431694,3.57288576632839,3.24080525197328,3.70518442622951,4.26632969034608,3.68367486338798,2.67470491803279,5.06505464480874,3.62233606557377
"2001",16.5148340943683,5.03754794520548,6.64524657534247,4.73775342465753,5.6746301369863,12.2507945205479,6.09309589041096,8.81435039653929,5.74466186012978,10.360904109589,6.4713595890411,5.53473059360731,6.32968721461187,1.74017808219178,1.72482191780822,12.8057808219178,9.47296281800391,12.0687596513076,1.93526849315068,6.92529452054795,13.4540562364816,3.0877199391172,6.15136073059361,1.81887671232877,8.77434155251142,4.47680821917808,5.94619178082192,5.87547945205479,5.45558599695586,12.5243470319635,5.17187123287671,5.24434246575342,9.21650684931507,7.17815829528158,7.87850684931507,16.8396438356164,4.78061643835616,10.811598173516,5.46284589041096,5.09762557077626,3.59127853881279,6.84190305584826,1.93405479452055,6.81055707762557,3.17765296803653,2.2626404109589,7.93443378995434,7.42398356164384,7.30968767123288,4.5503698630137,4.38147945205479,3.65815753424658,12.6243099315068,2.03449315068493,2.01374657534247,2.90590563165906,5.5625403348554,2.13783561643836,7.18840348692403,6.1872602739726,7.30391780821918,6.06825205479452,7.60872602739726,3.00449863013699,15.9548180039139,5.23547945205479,1.82677397260274,2.97742465753425,5.37132115677321,2.90053150684931,2.63858969341161,2.38210730593607,2.74414383561644,3.03100456621005,2.57808219178082,2.86755616438356,3.52815068493151,2.55293835616438
"2002",16.867503805175,4.50116438356164,6.07612328767123,4.53736301369863,4.41601494396015,9.44552054794521,5.98608219178082,8.57806056236482,5.50340302811824,11.5777534246575,5.99740068493151,4.43885844748858,5.77087442922374,1.63978767123288,1.46974429223744,13.3724109589041,6.78002124685491,11.676795765878,1.68812054794521,7.24128310502283,12.7924023071377,2.6459299847793,5.78888584474886,1.50954794520548,6.74835799086758,4.47665753424658,5.01756164383562,4.59835616438356,5.32546727549467,10.8377260273973,3.88387945205479,5.67846575342466,7.22553424657534,6.88252359208524,7.62332876712329,15.6093698630137,4.99942922374429,10.5405388127854,5.66677739726027,5.68598173515982,3.46181735159817,6.70184615384615,1.67991780821918,7.55953424657534,2.78666666666667,1.68464726027397,8.16957077625571,7.60680547945205,5.62904657534247,4.11427397260274,4.40286301369863,3.36922602739726,13.5371626712329,1.81783561643836,1.69432876712329,2.89453272450533,5.27736834094368,1.59641095890411,7.86734412619344,5.96820547945206,7.32015068493151,5.6774,7.32539726027397,2.9962904109589,14.4698864970646,5.86450228310502,1.58900342465753,3.09468493150685,4.90572298325723,2.85208219178082,2.77580691454664,2.54012404870624,2.93699863013699,3.17156621004566,2.7178904109589,2.18271780821918,3.25668493150685,2.64431506849315
"2003",20.160162354135,3.99791780821918,4.96923287671233,3.97579452054795,5.54759153175592,13.159,6.11597260273973,10.546678442682,6.70385003604903,11.6370684931507,5.3098801369863,4.79525114155251,5.85514840182648,1.65271232876712,1.9348401826484,15.3646575342466,7.79112887894884,14.358295143213,2.07093424657534,7.69698401826484,17.3095299206921,3.17783561643836,5.44254794520548,2.0538904109589,9.45691324200913,4.52234246575342,5.87941095890411,5.4445,5.90537290715373,14.0018630136986,5.16282465753425,5.37204566210046,9.67768493150685,6.88637442922374,9.9263698630137,18.955397260274,5.52726940639269,11.9410228310502,5.12332191780822,5.23848401826484,3.15627397260274,7.11309167544784,2.07775342465753,8.79145205479452,2.58551598173516,2.09072945205479,8.36227397260274,7.91364383561644,7.82076164383562,3.27858904109589,3.34232876712329,3.00806849315068,14.9462585616438,2.13734246575342,2.0368698630137,2.67079756468798,4.62153272450533,2.02639726027397,7.71213366542134,6.62886301369863,7.62034246575343,4.56384657534247,8.32247945205479,2.78130410958904,19.105385518591,7.03276712328767,1.92834246575342,2.49378082191781,4.97610654490107,2.78721643835616,2.25524592302674,2.11905936073059,2.39706301369863,2.45675342465753,2.37002739726027,2.50781917808219,3.0116301369863,2.35011643835616
"2004",22.5001275045537,5.16493169398907,7.11357923497268,4.82479508196721,5.34437158469945,14.5390846994536,7.73825136612022,8.77615976416451,5.9396419327006,14.2058274785324,7.36335382513661,4.68027322404372,6.01090846994536,1.52627732240437,1.45877049180328,16.9755191256831,9.12049347607896,14.7258842523597,1.6412349726776,8.72702868852459,18.6518449813057,2.35095931997571,7.16552823315118,1.52545081967213,10.1768724954463,4.46605191256831,5.61017759562842,5.17497609289618,6.96941105039466,14.4714025500911,5.08139344262295,6.43145719489982,9.53767076502732,8.77438372799029,9.16989754098361,19.9518306010929,6.02616575591985,14.8666120218579,5.3245218579235,6.32437158469945,3.44559198542805,8.69962168978562,1.63860655737705,7.25239526411658,3.23289617486339,1.81159836065574,9.28081056466302,9.72509836065574,7.95602732240437,4.11427595628415,3.7332650273224,3.51866120218579,16.1692708333333,1.7366393442623,1.67599043715847,3.35032483302975,6.14710534304797,1.71005464480874,9.2813942705746,8.22165300546448,8.54744535519126,6.48112841530055,10.4121857923497,3.44404371584699,19.9128961748634,5.49658014571949,1.54534494535519,3.08998633879781,5.51359137826351,2.69869398907104,2.53122950819672,2.55689435336976,2.48602868852459,3.10124316939891,2.84274590163934,2.54951912568306,3.49665300546448,2.77505464480874
"2005",23.6010856735857,3.67583791208791,4.91537087912088,3.43324175824176,5.75723276723277,17.0001236263736,6.4839010989011,8.79400737420474,6.55654569115095,13.1935478806907,5.31151098901099,5.48076923076923,5.95637591575092,1.6067217630854,1.51308608058608,18.5115384615385,8.79557187710249,16.7341745754246,1.70444642857143,8.33799908424908,19.4168898207056,2.69333028083028,5.20228021978022,1.59695054945055,11.6993058608059,4.3467032967033,6.14718406593407,5.14945741758242,6.28909340659341,17.1203937728938,5.82019230769231,5.83565018315018,9.2751717032967,6.92835164835165,10.8288942307692,23.6711263736264,7.58459249084249,12.8533333333333,5.57600618131868,5.39472527472527,2.90403846153846,7.58376796280642,1.7031043956044,9.17194139194139,2.38771978021978,2.13083447802198,8.73740842490843,8.79394505494506,7.94891208791209,3.16708791208791,2.95266483516484,2.70951923076923,17.2587362637363,1.79260989010989,1.78824862637363,2.98378815628816,4.35015262515263,1.97633241758242,8.59108058608059,6.61255494505494,7.7464010989011,4.5243021978022,8.57848901098901,3.01653296703297,22.4359065934066,7.26792582417582,1.6117032967033,2.57326923076923,4.42552808302808,2.72851098901099,2.44366692830979,2.3460202991453,2.51400412087912,2.61125915750916,2.34807692307692,2.66281318681319,3.15387362637363,2.32304945054945
"2006",18.3674743784881,5.70323287671233,7.27393150684931,5.20157534246575,4.88552926525529,11.5310136986301,7.7607397260274,7.00577000720981,5.21329055515501,13.4218512720157,7.58752054794521,4.16642922374429,5.99673287671233,1.59295205479452,1.63315068493151,14.7435068493151,5.92679787531451,13.6035840597758,1.79455890410959,9.30196118721461,16.037850036049,3.09471841704718,7.12927853881279,1.72049315068493,7.64240913242009,5.25123287671233,5.27001369863014,4.70962328767123,7.16073363774734,13.1136073059361,4.97206301369863,7.11065296803653,7.08124657534247,8.72132420091324,9.68370547945205,18.6876438356164,5.59463470319635,12.7889680365297,6.24658561643836,7.05776255707763,3.83708675799087,8.94381664910432,1.79564383561644,7.58922374429224,3.47678538812785,2.25977739726027,10.1782739726027,9.99058082191781,6.08793424657534,4.26027397260274,4.89757534246575,4.08657534246575,15.3584126712329,1.87720547945205,1.79971917808219,3.5730502283105,6.37490410958904,2.02441095890411,9.45085927770859,7.615,9.26068493150685,6.87091506849315,9.0907397260274,3.68095890410959,16.6187749510763,5.48651598173516,1.6808698630137,3.54590410958904,6.07591171993912,3.70802191780822,3.2767084148728,3.41943378995434,3.22281506849315,3.51704109589041,3.33801369863014,2.82156164383562,3.74298630136986,3.21250684931507
"2007",23.9039634703196,4.07891780821918,5.82305479452055,3.74042465753425,5.62379327521793,16.9362054794521,7.21501369863014,8.38104181687094,5.93980677721702,14.0920430528376,6.30684246575342,4.83057534246575,5.15075114155251,1.8678904109589,1.85924200913242,18.904301369863,10.0562415431926,17.4502889165629,2.06466849315068,8.96465296803653,19.4379379956741,2.72420395738204,6.18423744292237,1.95002739726027,11.9820767123288,4.29141095890411,6.39558904109589,5.14444863013699,7.17121765601218,16.3476621004566,5.57644931506849,5.79858904109589,11.5060205479452,7.89338508371385,11.5699726027397,22.3269863013699,7.82803652968037,13.7477716894977,5.63304794520548,5.33077625570776,4.10799086757991,8.58344994731296,2.0638904109589,8.71244748858448,3.19672146118721,2.30468835616438,9.32594520547945,9.72667397260274,8.1774904109589,4.15686301369863,3.73920547945205,3.91244520547945,19.1026660958904,2.17260273972603,2.08097260273973,3.26637138508371,5.25522526636225,2.15350684931507,8.88143877127439,7.62172602739726,8.45046575342466,5.43401643835616,9.48320547945205,3.43199452054795,20.0939647749511,6.3228904109589,1.93744178082192,3.21590410958904,4.61750380517504,2.98778082191781,2.63301500326158,2.69299162861492,2.68591095890411,3.18265296803653,3.0181095890411,3.53981917808219,3.67972602739726,2.88456849315068
"2008",22.9069358429468,6.06050546448087,7.62810109289618,4.66225409836066,4.52682314952807,13.6079508196721,8.68565573770492,6.56612453264308,4.24334196146103,15.4439578454333,7.67435109289617,4.11088342440801,6.35925091074681,1.33801229508197,1.3485883424408,18.1333879781421,8.21285323965652,14.1056383507203,1.48983743169399,10.5289981785064,17.6778271498418,2.3837401335762,7.1186247723133,1.41688524590164,9.42081967213115,5.24457650273224,5.2244262295082,3.99970628415301,7.61918336369156,12.5149089253188,4.14993989071038,7.3376320582878,9.32127049180328,9.48779599271402,9.82124316939891,19.575956284153,5.44851092896175,14.0686520947177,6.46311816939891,6.94157559198543,3.99558287795993,9.35227196300967,1.48986338797814,5.50360655737705,3.20920765027322,1.66726775956284,11.6338023679417,10.9676666666667,7.04555737704918,4.51239071038251,5.01131147540984,4.06668032786885,17.4970457650273,1.56344262295082,1.49558743169399,3.86861566484517,5.93698087431694,1.55497267759563,10.2906102003643,8.16270491803279,10.6790573770492,6.88925136612022,9.97084699453552,4.00140983606557,16.9889149102264,3.77284608378871,1.39645833333333,3.3621174863388,6.51911050394657,3.70020765027322,2.86678116055165,2.77445431086825,3.03109972677596,3.266470856102,3.30357923497268,2.95577595628415,4.14699453551913,3.24200819672131
"2009",19.6334774226281,6.21601369863014,7.25976712328767,5.69647260273973,5.24275217932752,12.911397260274,7.44654794520548,6.77553929343908,4.4521052631579,12.7352250489237,7.23017123287671,4.8129497716895,7.79027168949772,1.35358904109589,1.41113242009132,16.1072054794521,9.25105395582891,12.6812602739726,1.55118767123288,8.72802054794521,15.5632602739726,2.46890410958904,6.85642922374429,1.48239726027397,9.17822283105023,5.41194520547945,6.26316438356164,4.48524657534247,6.55802130898021,11.9868127853881,4.56387945205479,6.88239269406393,7.99836301369863,8.62563470319635,10.0786575342466,17.4758630136986,5.12970319634703,11.5410502283105,5.7038595890411,7.77089497716895,3.82797260273973,7.69503055848261,1.55197260273973,6.48866666666667,3.50406392694064,1.67775,9.29934246575342,8.82945205479452,6.07000547945206,4.42238356164384,5.03367123287671,4.02686301369863,15.5452191780822,1.62583561643836,1.54536301369863,3.43665753424658,5.80874733637747,1.57639726027397,8.83893399750934,7.17202739726027,8.84567123287671,6.44680821917808,8.6521095890411,3.54036712328767,16.6987788649706,4.20835616438356,1.45163356164384,2.83642465753425,6.82396651445967,3.56866301369863,2.8424044357469,2.68654185692542,2.9831397260274,2.73431050228311,3.10972602739726,3.01257534246575,3.64391780821918,2.96689726027397
"2010",12.8371385083714,3.32856164383562,3.88124657534247,3.62918493150685,4.04615691158157,11.2845616438356,4.10967123287671,6.34084859408796,5.4583720259553,5.82896673189824,3.99499315068493,3.88171689497717,4.75676484018265,1.98213698630137,2.03855707762557,10.1321917808219,7.6236130835896,10.4250386052304,2.25917808219178,4.75118721461187,10.4572660418169,3.26015525114155,3.61155251141553,2.13879452054795,7.4550301369863,3.80024657534247,4.68305479452055,3.83577054794521,4.69156468797565,9.53771689497717,3.72567945205479,3.62999543378995,7.94486301369863,4.66779604261796,6.9168698630137,13.1810136986301,5.39994520547945,7.83766210045662,4.02915410958904,4.02391780821918,3.28507762557078,4.77561011591149,2.25876712328767,5.46134246575342,2.69170776255708,2.569,5.22380365296804,5.21472876712329,5.80580821917808,3.45150684931507,2.84998630136986,3.13016438356164,8.56370205479452,2.37569863013699,2.27146575342466,2.88777777777778,2.92345509893455,2.38012328767123,4.4453897882939,4.78638356164384,4.91223287671233,3.43279178082192,5.74854794520548,2.95228493150685,11.3281213307241,3.90308675799087,2.11885273972603,2.38338356164384,3.63344901065449,2.97332602739726,2.59755772994129,2.32548173515982,2.7653301369863,2.36887671232877,2.25331506849315,2.55727123287671,2.99767123287671,2.21832191780822
"2011",27.2626341958397,5.28128767123288,6.63861643835616,4.60606164383562,6.93964881693649,17.9979589041096,8.44265753424657,9.47837923576063,5.31684498918529,15.0266497064579,7.32577397260274,5.89117808219178,7.42626712328767,1.67133241758242,1.54613698630137,21.7144931506849,10.8822124685491,20.5879377334994,1.71648219178082,10.6223652968037,20.6096899783706,2.71922070015221,7.1237899543379,1.60639726027397,12.9688127853881,5.83806849315068,6.90291780821918,5.15352397260274,7.76978691019787,17.0885753424658,6.5668602739726,7.5629497716895,10.6063561643836,9.58603348554034,11.8146369863014,23.4104109589041,6.01003196347032,14.0354246575342,7.34554452054795,7.49978082191781,4.34240182648402,8.4988177028451,1.714,7.94185388127854,3.95346118721461,1.89880479452055,11.3507716894977,10.132695890411,7.68735342465753,4.46182191780822,4.33845205479452,4.62822602739726,19.6556044520548,1.81805479452055,1.68362328767123,3.68159817351598,5.5221598173516,1.72615068493151,10.2967787463678,8.07043835616438,10.4775890410959,6.00570136986301,10.1124657534247,3.77775342465753,20.1670019569472,5.43716438356164,1.60439383561644,3.30106849315069,6.37357077625571,3.97038356164384,3.31304631441618,3.02275646879756,3.47211369863014,3.18202283105023,3.34542465753425,3.33122191780822,3.97050684931507,3.30430821917808
"2012",21.8518144100385,5.29622950819672,7.27157103825137,4.58387295081967,5.5606259314456,13.353237704918,7.7477868852459,5.90748346275525,4.72858211101524,12.3799414519906,7.30145491803279,4.83274134790528,6.10859744990893,1.92818989071038,1.87002732240437,17.2665300546448,9.48036467045835,14.1591604570293,2.08024180327869,8.81486111111111,18.2788725913144,2.75140558591378,6.72459016393443,1.95527322404372,9.23601639344262,4.98983606557377,5.74200819672131,4.81997950819672,7.91097753491196,12.878233151184,4.65164480874317,5.79347905282332,9.79963797814208,8.82910746812386,11.0832035519126,19.4706284153005,4.76031420765027,13.6942258652095,6.0013968579235,5.60435336976321,4.11063752276867,8.39719630096679,2.07901639344262,5.66162112932605,3.40065573770492,2.25466871584699,9.38775956284153,9.41098907103825,7.20109836065574,4.53131147540984,4.59439890710382,4.09467896174863,15.6724556010929,2.1948087431694,2.08473360655738,3.51921068609593,5.72426229508197,2.11366120218579,8.26988160291439,8.03412568306011,8.89934426229508,6.56724590163934,9.87551912568306,3.59792349726776,19.019968774395,4.22188524590164,1.95075136612022,3.14345628415301,5.65658166363084,4.22724590163934,3.29294951860526,2.889950667881,3.52180601092896,3.1025364298725,3.05871584699454,3.04921857923497,4.0841393442623,3.03591530054645
"2013",20.6834520547945,4.28682191780822,5.90676712328767,4.05018493150685,5.27979078455791,12.9515342465753,6.70172602739726,8.66608507570296,5.87079019466474,11.8177847358121,6.14844520547945,5.11709589041096,6.62837671232877,1.76569178082192,1.83539726027397,16.7158356164384,8.95234554095611,14.3133623910336,2.02102328767123,8.79057305936073,16.6218082191781,3.02441400304414,5.8562100456621,1.92864383561644,9.40447671232877,4.77205479452055,5.90428767123288,4.42815068493151,6.6857899543379,13.0648127853881,5.6821698630137,5.59005936073059,9.04154109589041,7.68283713850837,10.2619383561644,19.0487397260274,5.37097716894977,11.7078721461187,5.9018904109589,5.3934703196347,3.65501369863014,7.12793045310854,2.02249315068493,7.76360730593607,3.22852054794521,2.38802397260274,9.50243378995434,8.32712328767123,6.85476164383562,3.80705479452055,3.61372602739726,3.97165068493151,16.1140136986301,2.11884931506849,2.02091780821918,2.98314459665145,4.6630502283105,2.17809589041096,7.92093399750934,6.7466301369863,8.75171232876712,5.33836712328767,8.40467123287671,3.0507397260274,16.7697299412916,5.29777168949772,1.89249657534247,2.96678082191781,5.02937899543379,2.7751397260274,2.50729549902153,2.42189573820396,2.52343561643836,2.9419497716895,2.63016438356164,3.09340821917808,3.31945205479452,2.58097945205479
